2022-06-02T18:41:37.616+0800	controller/handler.go:24	[GoAdmin] [37;44m 200 [0m [37;104m GET   [0m /admin/login
2022-06-02T18:41:39.376+0800	controller/handler.go:24	[GoAdmin] [37;44m 200 [0m [37;104m POST   [0m /admin/signin
2022-06-06T11:10:06.909+0800	controller/handler.go:24	[GoAdmin] [37;44m 302 [0m [37;104m GET   [0m /admin/info/roles
2022-06-06T11:10:06.914+0800	controller/handler.go:24	[GoAdmin] [37;44m 200 [0m [37;104m GET   [0m /admin/login
2022-06-06T11:10:08.164+0800	controller/handler.go:24	[GoAdmin] [37;44m 200 [0m [37;104m POST   [0m /admin/signin
2022-06-06T11:10:09.907+0800	controller/handler.go:24	[GoAdmin] [37;44m 200 [0m [37;104m POST   [0m /admin/signin
2022-06-06T11:10:45.812+0800	controller/handler.go:24	[GoAdmin] [37;44m 200 [0m [37;104m POST   [0m /admin/signin
2022-06-06T11:18:32.133+0800	controller/handler.go:24	[GoAdmin] [37;44m 200 [0m [37;104m POST   [0m /admin/signin
2022-06-06T11:18:54.717+0800	controller/handler.go:24	[GoAdmin] [37;44m 200 [0m [37;104m GET   [0m /admin/login
2022-06-06T11:18:56.468+0800	controller/handler.go:24	[GoAdmin] [37;44m 200 [0m [37;104m POST   [0m /admin/signin
2022-06-06T11:21:13.155+0800	controller/handler.go:24	[GoAdmin] [37;44m 400 [0m [37;104m POST   [0m /admin/signin
2022-06-06T11:22:30.552+0800	controller/handler.go:24	[GoAdmin] [37;44m 200 [0m [37;104m POST   [0m /admin/signin
2022-06-06T11:22:33.583+0800	controller/handler.go:24	[GoAdmin] [37;44m 200 [0m [37;104m GET   [0m /admin/info/suspicious_data_record
2022-06-06T11:22:34.777+0800	controller/handler.go:24	[GoAdmin] [37;44m 200 [0m [37;104m GET   [0m /admin/info/roles
2022-06-06T11:22:37.806+0800	controller/handler.go:24	[GoAdmin] [37;44m 200 [0m [37;104m GET   [0m /admin/info/manager
2022-06-06T11:22:39.346+0800	controller/handler.go:24	[GoAdmin] [37;44m 200 [0m [37;104m GET   [0m /admin/info/manager/new
2022-06-06T11:22:45.215+0800	controller/handler.go:24	[GoAdmin] [37;44m 200 [0m [37;104m GET   [0m /admin/info/manager
2022-06-06T11:22:48.740+0800	controller/handler.go:24	[GoAdmin] [37;44m 200 [0m [37;104m GET   [0m /admin/info/manager/new
2022-06-06T11:22:56.135+0800	controller/handler.go:24	[GoAdmin] [37;44m 200 [0m [37;104m GET   [0m /admin/info/manager/new
2022-06-06T11:23:05.172+0800	controller/handler.go:24	[GoAdmin] [37;44m 200 [0m [37;104m GET   [0m /admin/info/manager/new
2022-06-06T11:23:29.174+0800	controller/handler.go:24	[GoAdmin] [37;44m 200 [0m [37;104m GET   [0m /admin/info/manager
2022-06-06T11:23:29.834+0800	controller/handler.go:24	[GoAdmin] [37;44m 200 [0m [37;104m GET   [0m /admin/info/manager
2022-06-06T11:23:30.293+0800	controller/handler.go:24	[GoAdmin] [37;44m 200 [0m [37;104m GET   [0m /admin/info/manager
2022-06-06T11:23:30.864+0800	controller/handler.go:24	[GoAdmin] [37;44m 200 [0m [37;104m GET   [0m /admin/info/manager
2022-06-06T11:23:31.303+0800	controller/handler.go:24	[GoAdmin] [37;44m 200 [0m [37;104m GET   [0m /admin/info/manager
2022-06-06T11:23:47.716+0800	controller/handler.go:24	[GoAdmin] [37;44m 200 [0m [37;104m GET   [0m /admin/info/manager
2022-06-06T13:57:48.410+0800	controller/handler.go:24	[GoAdmin] [37;44m 302 [0m [37;104m GET   [0m /admin/info/manager
2022-06-06T13:57:48.416+0800	controller/handler.go:24	[GoAdmin] [37;44m 200 [0m [37;104m GET   [0m /admin/login
2022-06-06T13:57:50.589+0800	controller/handler.go:24	[GoAdmin] [37;44m 200 [0m [37;104m POST   [0m /admin/signin
2022-06-06T13:57:50.598+0800	controller/handler.go:24	[GoAdmin] [37;44m 200 [0m [37;104m GET   [0m /admin/login
2022-06-06T13:57:51.374+0800	controller/handler.go:24	[GoAdmin] [37;44m 200 [0m [37;104m POST   [0m /admin/signin
2022-06-06T13:57:53.329+0800	controller/handler.go:24	[GoAdmin] [37;44m 200 [0m [37;104m GET   [0m /admin/info/manager
2022-06-06T13:59:43.393+0800	controller/handler.go:24	[GoAdmin] [37;44m 200 [0m [37;104m GET   [0m /admin/info/manager
2022-06-06T13:59:46.477+0800	controller/handler.go:24	[GoAdmin] [37;44m 200 [0m [37;104m GET   [0m /admin/login
2022-06-06T13:59:48.291+0800	controller/handler.go:24	[GoAdmin] [37;44m 200 [0m [37;104m POST   [0m /admin/signin
2022-06-06T13:59:50.756+0800	controller/handler.go:24	[GoAdmin] [37;44m 200 [0m [37;104m GET   [0m /admin/info/manager
2022-06-06T14:02:10.327+0800	controller/handler.go:24	[GoAdmin] [37;44m 200 [0m [37;104m GET   [0m /admin/info/manager
2022-06-06T14:02:11.304+0800	controller/handler.go:24	[GoAdmin] [37;44m 200 [0m [37;104m GET   [0m /admin/info/manager
2022-06-06T14:02:12.564+0800	controller/handler.go:24	[GoAdmin] [37;44m 200 [0m [37;104m GET   [0m /admin/info/manager
2022-06-06T14:02:13.185+0800	controller/handler.go:24	[GoAdmin] [37;44m 200 [0m [37;104m GET   [0m /admin/info/roles
2022-06-06T14:02:13.818+0800	controller/handler.go:24	[GoAdmin] [37;44m 200 [0m [37;104m GET   [0m /admin/info/manager
2022-06-06T14:02:15.544+0800	controller/handler.go:24	[GoAdmin] [37;44m 200 [0m [37;104m GET   [0m /admin/info/manager/new
2022-06-06T14:02:17.561+0800	controller/handler.go:24	[GoAdmin] [37;44m 200 [0m [37;104m GET   [0m /admin/info/manager
2022-06-07T10:19:24.895+0800	controller/handler.go:24	[GoAdmin] [37;44m 302 [0m [37;104m GET   [0m /admin/info/manager
2022-06-07T10:19:24.902+0800	controller/handler.go:24	[GoAdmin] [37;44m 200 [0m [37;104m GET   [0m /admin/login
2022-06-07T10:19:25.940+0800	controller/handler.go:24	[GoAdmin] [37;44m 200 [0m [37;104m POST   [0m /admin/signin
2022-06-07T10:19:25.952+0800	controller/handler.go:24	[GoAdmin] [37;44m 200 [0m [37;104m GET   [0m /admin/login
2022-06-07T10:19:27.038+0800	controller/handler.go:24	[GoAdmin] [37;44m 200 [0m [37;104m POST   [0m /admin/signin
2022-06-07T10:19:36.236+0800	controller/handler.go:24	[GoAdmin] [37;44m 200 [0m [37;104m GET   [0m /admin/info/manager
2022-06-07T10:19:38.636+0800	controller/handler.go:24	[GoAdmin] [37;44m 200 [0m [37;104m GET   [0m /admin/info/manager/new
2022-06-07T10:19:50.810+0800	controller/handler.go:24	[GoAdmin] [37;44m 200 [0m [37;104m GET   [0m /admin/info/manager
2022-06-07T10:19:54.780+0800	controller/handler.go:24	[GoAdmin] [37;44m 200 [0m [37;104m GET   [0m /admin/info/manager/edit
2022-06-07T10:19:58.658+0800	controller/handler.go:24	[GoAdmin] [37;44m 200 [0m [37;104m POST   [0m /admin/edit/manager
2022-06-07T10:19:58.738+0800	controller/handler.go:24	[GoAdmin] [37;44m 200 [0m [37;104m GET   [0m /admin/assets/dist/css/fonts/6xKydSBYKcSV-LCoeQqfX1RYOo3i54rwlxdr.ttf
2022-06-07T10:20:05.629+0800	controller/handler.go:24	[GoAdmin] [37;44m 200 [0m [37;104m POST   [0m /admin/edit/manager
2022-06-07T10:20:07.307+0800	controller/handler.go:24	[GoAdmin] [37;44m 200 [0m [37;104m GET   [0m /admin/info/manager
2022-06-07T10:20:07.855+0800	controller/handler.go:24	[GoAdmin] [37;44m 200 [0m [37;104m GET   [0m /admin/info/manager
2022-06-07T10:20:08.040+0800	controller/handler.go:24	[GoAdmin] [37;44m 200 [0m [37;104m GET   [0m /admin/info/manager
2022-06-07T10:20:09.319+0800	controller/handler.go:24	[GoAdmin] [37;44m 200 [0m [37;104m GET   [0m /admin/info/manager/edit
2022-06-07T10:20:14.062+0800	controller/handler.go:24	[GoAdmin] [37;44m 200 [0m [37;104m POST   [0m /admin/edit/manager
2022-06-07T10:20:21.117+0800	controller/handler.go:24	[GoAdmin] [37;44m 200 [0m [37;104m POST   [0m /admin/edit/manager
2022-06-07T10:20:22.493+0800	controller/handler.go:24	[GoAdmin] [37;44m 200 [0m [37;104m GET   [0m /admin/info/manager
2022-06-07T10:20:23.918+0800	controller/handler.go:24	[GoAdmin] [37;44m 200 [0m [37;104m GET   [0m /admin/info/manager/edit
2022-06-07T10:20:24.620+0800	controller/handler.go:24	[GoAdmin] [37;44m 200 [0m [37;104m GET   [0m /admin/info/manager/edit
2022-06-07T10:30:34.899+0800	controller/handler.go:24	[GoAdmin] [37;44m 200 [0m [37;104m GET   [0m /admin/info/manager/edit
2022-06-07T10:30:35.714+0800	controller/handler.go:24	[GoAdmin] [37;44m 200 [0m [37;104m GET   [0m /admin/info/manager/edit
2022-06-07T10:30:46.841+0800	controller/handler.go:24	[GoAdmin] [37;44m 200 [0m [37;104m POST   [0m /admin/edit/manager
2022-06-07T10:30:46.877+0800	controller/handler.go:24	[GoAdmin] [37;44m 200 [0m [37;104m GET   [0m /admin/login
2022-06-07T10:30:48.190+0800	controller/handler.go:24	[GoAdmin] [37;44m 200 [0m [37;104m POST   [0m /admin/signin
2022-06-07T10:30:51.001+0800	controller/handler.go:24	[GoAdmin] [37;44m 200 [0m [37;104m GET   [0m /admin/info/manager
2022-06-07T10:30:52.969+0800	controller/handler.go:24	[GoAdmin] [37;44m 200 [0m [37;104m GET   [0m /admin/info/manager/edit
2022-06-07T10:30:59.775+0800	controller/handler.go:24	[GoAdmin] [37;44m 200 [0m [37;104m POST   [0m /admin/edit/manager
2022-06-07T10:31:01.746+0800	controller/handler.go:24	[GoAdmin] [37;44m 200 [0m [37;104m GET   [0m /admin/info/manager
2022-06-07T10:31:01.925+0800	controller/handler.go:24	[GoAdmin] [37;44m 200 [0m [37;104m GET   [0m /admin/info/manager
2022-06-07T10:31:02.044+0800	controller/handler.go:24	[GoAdmin] [37;44m 200 [0m [37;104m GET   [0m /admin/info/manager
2022-06-07T10:31:02.197+0800	controller/handler.go:24	[GoAdmin] [37;44m 200 [0m [37;104m GET   [0m /admin/info/manager
2022-06-07T10:31:02.289+0800	controller/handler.go:24	[GoAdmin] [37;44m 200 [0m [37;104m GET   [0m /admin/info/manager
2022-06-07T10:31:05.287+0800	controller/handler.go:24	[GoAdmin] [37;44m 200 [0m [37;104m GET   [0m /admin/info/manager/edit
2022-06-07T10:32:12.398+0800	controller/handler.go:24	[GoAdmin] [37;44m 200 [0m [37;104m POST   [0m /admin/edit/manager
2022-06-07T10:35:40.618+0800	controller/handler.go:24	[GoAdmin] [37;44m 200 [0m [37;104m GET   [0m /admin/info/manager/edit
2022-06-07T10:36:10.779+0800	controller/handler.go:24	[GoAdmin] [37;44m 200 [0m [37;104m POST   [0m /admin/edit/manager
2022-06-07T10:36:20.357+0800	controller/handler.go:24	[GoAdmin] [37;44m 200 [0m [37;104m GET   [0m /admin/info/manager/edit
2022-06-07T10:36:20.462+0800	controller/handler.go:24	[GoAdmin] [37;44m 200 [0m [37;104m GET   [0m /admin/info/manager/edit
2022-06-07T10:36:20.488+0800	controller/handler.go:24	[GoAdmin] [37;44m 200 [0m [37;104m GET   [0m /admin/info/manager/edit
2022-06-07T10:36:20.538+0800	controller/handler.go:24	[GoAdmin] [37;44m 200 [0m [37;104m GET   [0m /admin/info/manager/edit
2022-06-07T10:36:20.577+0800	controller/handler.go:24	[GoAdmin] [37;44m 200 [0m [37;104m GET   [0m /admin/info/manager/edit
2022-06-07T10:36:52.198+0800	controller/handler.go:24	[GoAdmin] [37;44m 200 [0m [37;104m POST   [0m /admin/edit/manager
2022-06-07T10:36:52.253+0800	controller/handler.go:24	[GoAdmin] [37;44m 200 [0m [37;104m GET   [0m /admin/login
2022-06-07T10:37:27.621+0800	controller/handler.go:24	[GoAdmin] [37;44m 200 [0m [37;104m POST   [0m /admin/signin
2022-06-07T10:37:41.177+0800	controller/handler.go:24	[GoAdmin] [37;44m 200 [0m [37;104m GET   [0m /admin/info/manager
2022-06-07T10:37:45.109+0800	controller/handler.go:24	[GoAdmin] [37;44m 200 [0m [37;104m GET   [0m /admin/info/manager/edit
2022-06-07T10:38:00.344+0800	controller/handler.go:24	[GoAdmin] [37;44m 200 [0m [37;104m POST   [0m /admin/edit/manager
2022-06-07T10:39:33.500+0800	controller/handler.go:24	[GoAdmin] [37;44m 200 [0m [37;104m GET   [0m /admin/info/manager/edit
2022-06-07T10:39:44.630+0800	controller/handler.go:24	[GoAdmin] [37;44m 200 [0m [37;104m POST   [0m /admin/edit/manager
2022-06-07T10:39:51.843+0800	controller/handler.go:24	[GoAdmin] [37;44m 200 [0m [37;104m GET   [0m /admin/info/manager
2022-06-07T10:39:53.263+0800	controller/handler.go:24	[GoAdmin] [37;44m 200 [0m [37;104m GET   [0m /admin/info/manager/edit
2022-06-07T10:40:14.152+0800	controller/handler.go:24	[GoAdmin] [37;44m 200 [0m [37;104m GET   [0m /admin/info/manager/edit
2022-06-07T10:40:19.436+0800	controller/handler.go:24	[GoAdmin] [37;44m 200 [0m [37;104m POST   [0m /admin/edit/manager
2022-06-07T10:40:19.475+0800	controller/handler.go:24	[GoAdmin] [37;44m 200 [0m [37;104m GET   [0m /admin/login
2022-06-07T10:40:20.496+0800	controller/handler.go:24	[GoAdmin] [37;44m 200 [0m [37;104m POST   [0m /admin/signin
2022-06-07T10:40:23.099+0800	controller/handler.go:24	[GoAdmin] [37;44m 200 [0m [37;104m GET   [0m /admin/info/manager
2022-06-07T10:40:24.324+0800	controller/handler.go:24	[GoAdmin] [37;44m 200 [0m [37;104m GET   [0m /admin/info/manager/edit
2022-06-07T10:40:28.106+0800	controller/handler.go:24	[GoAdmin] [37;44m 200 [0m [37;104m POST   [0m /admin/edit/manager
2022-06-07T10:40:29.330+0800	controller/handler.go:24	[GoAdmin] [37;44m 200 [0m [37;104m GET   [0m /admin/info/manager
2022-06-07T10:40:38.121+0800	controller/handler.go:24	[GoAdmin] [37;44m 200 [0m [37;104m GET   [0m /admin/info/manager/edit
2022-06-07T10:41:12.382+0800	controller/handler.go:24	[GoAdmin] [37;44m 200 [0m [37;104m POST   [0m /admin/edit/manager
2022-06-07T10:41:45.388+0800	controller/handler.go:24	[GoAdmin] [37;44m 200 [0m [37;104m GET   [0m /admin/info/manager
2022-06-07T10:41:47.084+0800	controller/handler.go:24	[GoAdmin] [37;44m 200 [0m [37;104m GET   [0m /admin/info/manager/edit
2022-06-07T10:41:54.100+0800	controller/handler.go:24	[GoAdmin] [37;44m 200 [0m [37;104m POST   [0m /admin/edit/manager
2022-06-07T18:35:06.471+0800	controller/handler.go:24	[GoAdmin] [37;44m 302 [0m [37;104m GET   [0m /admin/info/manager/edit
2022-06-07T18:35:06.495+0800	controller/handler.go:24	[GoAdmin] [37;44m 200 [0m [37;104m GET   [0m /admin/login
2022-06-07T18:35:06.517+0800	controller/handler.go:24	[GoAdmin] [37;44m 302 [0m [37;104m GET   [0m /admin/info/manager/edit
2022-06-07T18:35:06.521+0800	controller/handler.go:24	[GoAdmin] [37;44m 200 [0m [37;104m GET   [0m /admin/login
2022-06-07T18:35:08.465+0800	controller/handler.go:24	[GoAdmin] [37;44m 200 [0m [37;104m POST   [0m /admin/signin
2022-06-07T18:35:08.517+0800	controller/handler.go:24	[GoAdmin] [37;44m 200 [0m [37;104m GET   [0m /admin/info/manager
2022-06-09T10:25:41.663+0800	controller/handler.go:24	[GoAdmin] [37;44m 302 [0m [37;104m GET   [0m /admin/info/t_activation_code
2022-06-09T10:25:41.673+0800	controller/handler.go:24	[GoAdmin] [37;44m 200 [0m [37;104m GET   [0m /admin/login
2022-06-09T10:25:44.485+0800	controller/handler.go:24	[GoAdmin] [37;44m 200 [0m [37;104m POST   [0m /admin/signin
2022-06-09T10:25:44.580+0800	controller/handler.go:24	[GoAdmin] [37;44m 200 [0m [37;104m GET   [0m /admin/info/manager
2022-06-09T10:25:45.569+0800	controller/handler.go:24	[GoAdmin] [37;44m 200 [0m [37;104m GET   [0m /admin/info/manager
2022-06-09T10:25:46.801+0800	controller/handler.go:24	[GoAdmin] [37;44m 200 [0m [37;104m GET   [0m /admin/info/t_ip_rules
2022-06-09T10:25:47.593+0800	controller/handler.go:24	[GoAdmin] [37;44m 200 [0m [37;104m GET   [0m /admin/info/t_affiche
2022-06-09T10:25:48.910+0800	controller/handler.go:24	[GoAdmin] [37;44m 200 [0m [37;104m GET   [0m /admin/info/t_activation_code
2022-06-09T10:25:51.183+0800	controller/handler.go:24	[GoAdmin] [37;44m 200 [0m [37;104m GET   [0m /admin/info/t_affiche
2022-06-09T10:25:52.665+0800	controller/handler.go:24	[GoAdmin] [37;44m 200 [0m [37;104m GET   [0m /admin/info/t_activation_code_use
2022-06-09T10:28:12.419+0800	controller/handler.go:24	[GoAdmin] [37;44m 200 [0m [37;104m GET   [0m /admin/info/t_activation_code_use
2022-06-09T14:14:58.868+0800	controller/handler.go:24	[GoAdmin] [37;44m 302 [0m [37;104m GET   [0m /admin/info/t_activation_code_use
2022-06-09T14:14:58.892+0800	controller/handler.go:24	[GoAdmin] [37;44m 200 [0m [37;104m GET   [0m /admin/login
2022-06-09T14:14:59.922+0800	controller/handler.go:24	[GoAdmin] [37;44m 200 [0m [37;104m POST   [0m /admin/signin
2022-06-09T14:14:59.934+0800	controller/handler.go:24	[GoAdmin] [37;44m 200 [0m [37;104m GET   [0m /admin/login
2022-06-09T14:15:00.624+0800	controller/handler.go:24	[GoAdmin] [37;44m 200 [0m [37;104m POST   [0m /admin/signin
2022-06-09T14:15:00.690+0800	controller/handler.go:24	[GoAdmin] [37;44m 200 [0m [37;104m GET   [0m /admin/info/manager
2022-06-09T14:15:04.862+0800	controller/handler.go:24	[GoAdmin] [37;44m 200 [0m [37;104m GET   [0m /admin/info/t_ip_rules
2022-06-09T14:15:06.156+0800	controller/handler.go:24	[GoAdmin] [37;44m 200 [0m [37;104m GET   [0m /admin/info/t_activation_code
2022-06-09T14:15:12.324+0800	controller/handler.go:24	[GoAdmin] [37;44m 200 [0m [37;104m POST   [0m /admin/delete/t_activation_code
2022-06-09T14:15:12.399+0800	controller/handler.go:24	[GoAdmin] [37;44m 200 [0m [37;104m GET   [0m /admin/info/t_activation_code
2022-06-09T14:15:14.899+0800	controller/handler.go:24	[GoAdmin] [37;44m 200 [0m [37;104m POST   [0m /admin/delete/t_activation_code
2022-06-09T14:15:14.969+0800	controller/handler.go:24	[GoAdmin] [37;44m 200 [0m [37;104m GET   [0m /admin/info/t_activation_code
2022-06-09T14:15:21.759+0800	controller/handler.go:24	[GoAdmin] [37;44m 200 [0m [37;104m POST   [0m /admin/delete/t_activation_code
2022-06-09T14:15:21.820+0800	controller/handler.go:24	[GoAdmin] [37;44m 200 [0m [37;104m GET   [0m /admin/info/t_activation_code
2022-06-09T14:15:26.367+0800	controller/handler.go:24	[GoAdmin] [37;44m 200 [0m [37;104m GET   [0m /admin/info/t_activation_code/new
2022-06-09T14:15:42.509+0800	controller/handler.go:24	[GoAdmin] [37;44m 200 [0m [37;104m POST   [0m /admin/new/t_activation_code
2022-06-09T14:32:17.319+0800	controller/handler.go:24	[GoAdmin] [37;44m 200 [0m [37;104m POST   [0m /admin/delete/t_activation_code
2022-06-09T14:32:17.388+0800	controller/handler.go:24	[GoAdmin] [37;44m 200 [0m [37;104m GET   [0m /admin/info/t_activation_code
2022-06-09T14:32:19.397+0800	controller/handler.go:24	[GoAdmin] [37;44m 200 [0m [37;104m GET   [0m /admin/info/t_activation_code/new
2022-06-09T14:32:32.416+0800	controller/handler.go:24	[GoAdmin] [37;44m 200 [0m [37;104m POST   [0m /admin/new/t_activation_code
2022-06-09T15:22:32.957+0800	controller/handler.go:24	[GoAdmin] [37;44m 200 [0m [37;104m GET   [0m /admin/info/t_activation_code
2022-06-09T15:22:33.530+0800	controller/handler.go:24	[GoAdmin] [37;44m 200 [0m [37;104m GET   [0m /admin/info/t_activation_code
2022-06-09T15:22:33.917+0800	controller/handler.go:24	[GoAdmin] [37;44m 200 [0m [37;104m GET   [0m /admin/info/t_activation_code
2022-06-09T15:22:37.235+0800	controller/handler.go:24	[GoAdmin] [37;44m 200 [0m [37;104m GET   [0m /admin/info/complaint_management/new
2022-06-09T15:22:38.631+0800	controller/handler.go:24	[GoAdmin] [37;44m 200 [0m [37;104m GET   [0m /admin/info/global_cfg_check
2022-06-09T15:22:39.265+0800	controller/handler.go:24	[GoAdmin] [37;44m 200 [0m [37;104m GET   [0m /admin/info/global_cfg_check
2022-06-09T15:22:40.259+0800	controller/handler.go:24	[GoAdmin] [37;44m 200 [0m [37;104m GET   [0m /admin/info/suspicious_data_record
2022-06-09T15:22:41.078+0800	controller/handler.go:24	[GoAdmin] [37;44m 200 [0m [37;104m GET   [0m /admin/info/global_cfg_check
2022-06-09T15:22:42.455+0800	controller/handler.go:24	[GoAdmin] [37;44m 200 [0m [37;104m GET   [0m /admin/info/global_cfg_check
2022-06-09T15:22:42.826+0800	controller/handler.go:24	[GoAdmin] [37;44m 200 [0m [37;104m GET   [0m /admin/info/global_cfg_check
2022-06-09T15:22:43.020+0800	controller/handler.go:24	[GoAdmin] [37;44m 200 [0m [37;104m GET   [0m /admin/info/global_cfg_check
2022-06-09T15:22:45.955+0800	controller/handler.go:24	[GoAdmin] [37;44m 200 [0m [37;104m GET   [0m /admin/info/suspicious_data_record
2022-06-09T15:22:47.771+0800	controller/handler.go:24	[GoAdmin] [37;44m 200 [0m [37;104m GET   [0m /admin/info/global_cfg_check
2022-06-09T15:23:05.809+0800	controller/handler.go:24	[GoAdmin] [37;44m 200 [0m [37;104m GET   [0m /admin/info/global_cfg_check
2022-06-09T15:23:39.675+0800	controller/handler.go:24	[GoAdmin] [37;44m 200 [0m [37;104m GET   [0m /admin/info/manager
2022-06-09T15:23:43.429+0800	controller/handler.go:24	[GoAdmin] [37;44m 200 [0m [37;104m GET   [0m /admin/info/manager/edit
2022-06-09T15:23:46.592+0800	controller/handler.go:24	[GoAdmin] [37;44m 200 [0m [37;104m POST   [0m /admin/edit/manager
2022-06-09T15:23:51.492+0800	controller/handler.go:24	[GoAdmin] [37;44m 200 [0m [37;104m POST   [0m /admin/edit/manager
2022-06-09T15:23:52.968+0800	controller/handler.go:24	[GoAdmin] [37;44m 200 [0m [37;104m GET   [0m /admin/info/manager
2022-06-09T15:23:53.517+0800	controller/handler.go:24	[GoAdmin] [37;44m 200 [0m [37;104m GET   [0m /admin/info/manager
2022-06-09T15:23:53.688+0800	controller/handler.go:24	[GoAdmin] [37;44m 200 [0m [37;104m GET   [0m /admin/info/manager
2022-06-09T15:23:53.800+0800	controller/handler.go:24	[GoAdmin] [37;44m 200 [0m [37;104m GET   [0m /admin/info/manager
2022-06-09T15:24:08.904+0800	controller/handler.go:24	[GoAdmin] [37;44m 200 [0m [37;104m GET   [0m /admin/info/manager/edit
2022-06-09T15:24:15.168+0800	controller/handler.go:24	[GoAdmin] [37;44m 200 [0m [37;104m POST   [0m /admin/edit/manager
2022-06-09T15:37:30.009+0800	controller/handler.go:24	[GoAdmin] [37;44m 200 [0m [37;104m GET   [0m /admin/info/manager/edit
2022-06-09T15:37:37.214+0800	controller/handler.go:24	[GoAdmin] [37;44m 200 [0m [37;104m GET   [0m /admin/info/manager
2022-06-09T15:37:38.864+0800	controller/handler.go:24	[GoAdmin] [37;44m 200 [0m [37;104m GET   [0m /admin/info/manager/edit
2022-06-09T15:37:44.729+0800	controller/handler.go:24	[GoAdmin] [37;44m 200 [0m [37;104m POST   [0m /admin/edit/manager
2022-06-09T15:37:50.222+0800	controller/handler.go:24	[GoAdmin] [37;44m 200 [0m [37;104m POST   [0m /admin/edit/manager
2022-06-09T15:37:51.416+0800	controller/handler.go:24	[GoAdmin] [37;44m 200 [0m [37;104m GET   [0m /admin/info/manager
2022-06-09T15:37:52.564+0800	controller/handler.go:24	[GoAdmin] [37;44m 200 [0m [37;104m GET   [0m /admin/info/manager/edit
2022-06-09T15:37:58.360+0800	controller/handler.go:24	[GoAdmin] [37;44m 200 [0m [37;104m POST   [0m /admin/edit/manager
2022-06-09T15:38:02.455+0800	controller/handler.go:24	[GoAdmin] [37;44m 200 [0m [37;104m GET   [0m /admin/info/manager
2022-06-09T15:40:00.885+0800	controller/handler.go:24	[GoAdmin] [37;44m 200 [0m [37;104m GET   [0m /admin/info/manager
2022-06-09T15:40:02.819+0800	controller/handler.go:24	[GoAdmin] [37;44m 200 [0m [37;104m GET   [0m /admin/menu
2022-06-09T15:40:45.425+0800	controller/handler.go:24	[GoAdmin] [37;44m 200 [0m [37;104m POST   [0m /admin/menu/new
2022-06-09T15:40:51.435+0800	controller/handler.go:24	[GoAdmin] [37;44m 200 [0m [37;104m GET   [0m /admin/menu
2022-06-09T15:41:03.887+0800	controller/handler.go:24	[GoAdmin] [37;44m 200 [0m [37;104m GET   [0m /admin/menu
2022-06-09T15:41:05.594+0800	controller/handler.go:24	[GoAdmin] [37;44m 200 [0m [37;104m GET   [0m /admin/menu/edit/show
2022-06-09T15:41:08.365+0800	controller/handler.go:24	[GoAdmin] [37;44m 200 [0m [37;104m POST   [0m /admin/menu/edit
2022-06-09T15:41:08.964+0800	controller/handler.go:24	[GoAdmin] [37;44m 200 [0m [37;104m GET   [0m /admin/menu
2022-06-10T18:21:48.387+0800	controller/handler.go:24	[GoAdmin] [37;44m 200 [0m [37;104m GET   [0m /admin/login
2022-06-10T18:21:49.832+0800	controller/handler.go:24	[GoAdmin] [37;44m 200 [0m [37;104m POST   [0m /admin/signin
2022-06-10T18:21:51.791+0800	controller/handler.go:24	[GoAdmin] [37;44m 200 [0m [37;104m GET   [0m /admin/info/t_notices
2022-06-10T18:22:33.905+0800	controller/handler.go:24	[GoAdmin] [37;44m 200 [0m [37;104m GET   [0m /admin/info/t_notices
2022-06-10T18:25:35.192+0800	controller/handler.go:24	[GoAdmin] [37;44m 200 [0m [37;104m GET   [0m /admin/info/t_notices
2022-06-10T18:25:47.374+0800	controller/handler.go:24	[GoAdmin] [37;44m 200 [0m [37;104m GET   [0m /admin/info/global_cfg_check
2022-06-10T18:25:54.057+0800	controller/handler.go:24	[GoAdmin] [37;44m 200 [0m [37;104m GET   [0m /admin/info/t_notices
2022-06-10T18:27:50.705+0800	controller/handler.go:24	[GoAdmin] [37;44m 200 [0m [37;104m GET   [0m /admin/info/t_notices
2022-06-10T18:28:50.843+0800	controller/handler.go:24	[GoAdmin] [37;44m 200 [0m [37;104m GET   [0m /admin/info/t_notices
2022-06-16T15:11:02.561+0800	controller/handler.go:24	[GoAdmin] [37;44m 302 [0m [37;104m GET   [0m /admin/info/t_notices
2022-06-16T15:11:02.566+0800	controller/handler.go:24	[GoAdmin] [37;44m 200 [0m [37;104m GET   [0m /admin/login
2022-06-16T15:11:03.545+0800	controller/handler.go:24	[GoAdmin] [37;44m 200 [0m [37;104m POST   [0m /admin/signin
2022-06-16T15:11:08.730+0800	controller/handler.go:24	[GoAdmin] [37;44m 200 [0m [37;104m GET   [0m /admin/info/t_notices
2022-06-16T15:11:08.806+0800	controller/handler.go:24	[GoAdmin] [37;44m 200 [0m [37;104m POST   [0m /admin/signin
2022-06-16T15:11:08.813+0800	controller/handler.go:24	[GoAdmin] [37;44m 200 [0m [37;104m POST   [0m /admin/signin
2022-06-16T15:11:14.667+0800	controller/handler.go:24	[GoAdmin] [37;44m 200 [0m [37;104m GET   [0m /admin/info/inst_player_char_brief
2022-06-16T15:11:27.915+0800	controller/handler.go:24	[GoAdmin] [37;44m 200 [0m [37;104m GET   [0m /admin/info/inst_player_char_brief
2022-06-16T15:13:03.166+0800	controller/handler.go:24	[GoAdmin] [37;44m 200 [0m [37;104m GET   [0m /admin/login
2022-06-16T15:13:03.194+0800	controller/handler.go:24	[GoAdmin] [37;44m 200 [0m [37;104m GET   [0m /admin/login
2022-06-16T15:13:04.370+0800	controller/handler.go:24	[GoAdmin] [37;44m 200 [0m [37;104m POST   [0m /admin/signin
2022-06-16T15:13:04.432+0800	controller/handler.go:24	[GoAdmin] [37;44m 200 [0m [37;104m GET   [0m /admin/info/t_notices
2022-06-16T15:13:10.734+0800	controller/handler.go:24	[GoAdmin] [37;44m 200 [0m [37;104m GET   [0m /admin/info/inst_player_char_brief
2022-06-16T15:13:24.143+0800	controller/handler.go:24	[GoAdmin] [37;44m 200 [0m [37;104m GET   [0m /admin/info/inst_player_char_brief
2022-06-16T15:37:41.152+0800	controller/handler.go:24	[GoAdmin] [37;44m 200 [0m [37;104m GET   [0m /admin/info/inst_player_char_brief
2022-06-16T15:37:50.251+0800	controller/handler.go:24	[GoAdmin] [37;44m 200 [0m [37;104m GET   [0m /admin/info/inst_player_char_brief
2022-06-16T15:37:58.912+0800	controller/handler.go:24	[GoAdmin] [37;44m 200 [0m [37;104m GET   [0m /admin/info/inst_player_char_brief
2022-06-16T15:38:08.709+0800	controller/handler.go:24	[GoAdmin] [37;44m 200 [0m [37;104m GET   [0m /admin/info/inst_player_char_brief
2022-06-16T15:38:10.705+0800	controller/handler.go:24	[GoAdmin] [37;44m 200 [0m [37;104m GET   [0m /admin/info/inst_player_char_brief
2022-06-16T15:38:14.998+0800	controller/handler.go:24	[GoAdmin] [37;44m 200 [0m [37;104m GET   [0m /admin/info/t_function_switch
2022-06-16T15:38:15.981+0800	controller/handler.go:24	[GoAdmin] [37;44m 200 [0m [37;104m GET   [0m /admin/info/inst_player_char_brief
2022-06-16T15:38:17.850+0800	controller/handler.go:24	[GoAdmin] [37;44m 200 [0m [37;104m GET   [0m /admin/info/t_function_switch
2022-06-16T15:38:20.770+0800	controller/handler.go:24	[GoAdmin] [37;44m 200 [0m [37;104m GET   [0m /admin/info/inst_player_char_brief
2022-06-16T15:38:24.252+0800	controller/handler.go:24	[GoAdmin] [37;44m 200 [0m [37;104m GET   [0m /admin/info/inst_player_char_brief
2022-06-16T15:38:28.357+0800	controller/handler.go:24	[GoAdmin] [37;44m 200 [0m [37;104m GET   [0m /admin/info/inst_player_char_brief
2022-06-16T15:38:33.983+0800	controller/handler.go:24	[GoAdmin] [37;44m 200 [0m [37;104m GET   [0m /admin/info/inst_player_char_brief
2022-06-16T15:38:50.696+0800	controller/handler.go:24	[GoAdmin] [37;44m 200 [0m [37;104m GET   [0m /admin/info/t_game_servers
2022-06-16T15:39:04.664+0800	controller/handler.go:24	[GoAdmin] [37;44m 200 [0m [37;104m GET   [0m /admin/info/t_game_servers
2022-06-16T15:39:05.602+0800	controller/handler.go:24	[GoAdmin] [37;44m 200 [0m [37;104m GET   [0m /admin/info/inst_player_char_brief
2022-06-16T15:39:06.874+0800	controller/handler.go:24	[GoAdmin] [37;44m 200 [0m [37;104m GET   [0m /admin/info/inst_player_char_brief
2022-06-16T16:06:45.514+0800	controller/handler.go:24	[GoAdmin] [37;44m 200 [0m [37;104m GET   [0m /admin/assets/dist/js/all.min.8425540791.js
2022-06-16T16:06:45.514+0800	controller/handler.go:24	[GoAdmin] [37;44m 200 [0m [37;104m GET   [0m /admin/assets/dist/css/all.min.7bcc29700e.css
2022-06-16T16:06:45.556+0800	controller/handler.go:24	[GoAdmin] [37;44m 200 [0m [37;104m GET   [0m /admin/assets/dist/js/treeview.min.7780d3bb0f.js
2022-06-16T16:06:45.559+0800	controller/handler.go:24	[GoAdmin] [37;44m 200 [0m [37;104m GET   [0m /admin/assets/dist/js/form.min.f8678914e9.js
2022-06-16T16:06:45.569+0800	controller/handler.go:24	[GoAdmin] [37;44m 200 [0m [37;104m GET   [0m /admin/assets/dist/js/tree.min.e1faf8b7de.js
2022-06-16T16:06:45.569+0800	controller/handler.go:24	[GoAdmin] [37;44m 200 [0m [37;104m GET   [0m /admin/assets/dist/js/datatable.min.581cdc109b.js
2022-06-16T16:06:45.574+0800	controller/handler.go:24	[GoAdmin] [37;44m 200 [0m [37;104m GET   [0m /admin/assets/chart.min.js
2022-06-16T16:06:45.579+0800	controller/handler.go:24	[GoAdmin] [37;44m 200 [0m [37;104m GET   [0m /admin/assets/dist/js/all_2.min.38a2a946b0.js
2022-06-16T16:06:45.583+0800	controller/handler.go:24	[GoAdmin] [37;44m 200 [0m [37;104m GET   [0m /admin/assets/dist/img/avatar04.png
2022-06-16T16:06:45.653+0800	controller/handler.go:24	[GoAdmin] [37;44m 200 [0m [37;104m GET   [0m /admin/assets/dist/fonts/fontawesome-webfont.woff2
2022-06-16T16:06:45.655+0800	controller/handler.go:24	[GoAdmin] [37;44m 200 [0m [37;104m GET   [0m /admin/assets/dist/css/fonts/6xK3dSBYKcSV-LCoeQqfX1RYOo3qOK7g.ttf
2022-06-16T16:06:45.684+0800	controller/handler.go:24	[GoAdmin] [37;44m 200 [0m [37;104m GET   [0m /admin/assets/dist/css/fonts/6xKydSBYKcSV-LCoeQqfX1RYOo3ig4vwlxdr.ttf
2022-06-16T16:06:45.685+0800	controller/handler.go:24	[GoAdmin] [37;44m 200 [0m [37;104m GET   [0m /admin/assets/dist/css/fonts/6xKydSBYKcSV-LCoeQqfX1RYOo3ik4zwlxdr.ttf
2022-06-16T16:06:47.390+0800	controller/handler.go:24	[GoAdmin] [37;44m 200 [0m [37;104m GET   [0m /admin/assets/dist/css/blue.png
2022-06-16T18:20:11.396+0800	controller/handler.go:24	[GoAdmin] [37;44m 302 [0m [37;104m GET   [0m /admin/info/generate/new
2022-06-16T18:20:11.420+0800	controller/handler.go:24	[GoAdmin] [37;44m 200 [0m [37;104m GET   [0m /admin/login
2022-06-16T18:20:11.451+0800	controller/handler.go:24	[GoAdmin] [37;44m 302 [0m [37;104m GET   [0m /admin/info/generate/new
2022-06-16T18:20:11.454+0800	controller/handler.go:24	[GoAdmin] [37;44m 200 [0m [37;104m GET   [0m /admin/login
2022-06-16T18:20:11.536+0800	controller/handler.go:24	[GoAdmin] [37;44m 200 [0m [37;104m GET   [0m /admin/assets/login/dist/all.min.css
2022-06-16T18:20:11.536+0800	controller/handler.go:24	[GoAdmin] [37;44m 200 [0m [37;104m GET   [0m /admin/assets/login/dist/all.min.js
2022-06-16T18:20:13.430+0800	controller/handler.go:24	[GoAdmin] [37;44m 200 [0m [37;104m POST   [0m /admin/signin
2022-06-16T18:20:14.908+0800	controller/handler.go:24	[GoAdmin] [37;44m 200 [0m [37;104m GET   [0m /admin/info/generate/new
2022-06-16T18:31:05.950+0800	controller/handler.go:24	[GoAdmin] [37;44m 400 [0m [37;104m POST   [0m /admin/operation/_tool_choose_conn
2022-06-16T18:31:07.974+0800	controller/handler.go:24	[GoAdmin] [37;44m 200 [0m [37;104m GET   [0m /admin/info/generate/new
2022-06-16T18:31:09.510+0800	controller/handler.go:24	[GoAdmin] [37;44m 200 [0m [37;104m POST   [0m /admin/operation/_tool_choose_conn
2022-06-16T18:31:11.942+0800	controller/handler.go:24	[GoAdmin] [37;44m 200 [0m [37;104m POST   [0m /admin/operation/_tool_choose_table
2022-06-16T18:31:49.229+0800	controller/handler.go:24	[GoAdmin] [37;44m 200 [0m [37;104m POST   [0m /admin/new/generate
2022-06-16T18:31:49.302+0800	controller/handler.go:24	[GoAdmin] [37;44m 200 [0m [37;104m GET   [0m /admin/assets/dist/css/fonts/6xKydSBYKcSV-LCoeQqfX1RYOo3i54rwlxdr.ttf
2022-06-16T18:38:57.652+0800	controller/handler.go:24	[GoAdmin] [37;44m 200 [0m [37;104m GET   [0m /admin/info/t_accounts
2022-06-16T18:39:27.500+0800	controller/handler.go:24	[GoAdmin] [37;44m 200 [0m [37;104m GET   [0m /admin/info/t_accounts
2022-06-16T18:39:35.870+0800	controller/handler.go:24	[GoAdmin] [37;44m 200 [0m [37;104m GET   [0m /admin/info/complaint_management/new
2022-06-16T18:39:36.991+0800	controller/handler.go:24	[GoAdmin] [37;44m 200 [0m [37;104m GET   [0m /admin/info/t_accounts
2022-06-16T18:39:41.849+0800	controller/handler.go:24	[GoAdmin] [37;44m 200 [0m [37;104m GET   [0m /admin/info/complaint_management/new
2022-06-16T18:39:43.293+0800	controller/handler.go:24	[GoAdmin] [37;44m 200 [0m [37;104m GET   [0m /admin/info/t_accounts
2022-06-16T18:40:01.936+0800	controller/handler.go:24	[GoAdmin] [37;44m 200 [0m [37;104m GET   [0m /admin/info/t_accounts
2022-06-16T18:40:45.703+0800	controller/handler.go:24	[GoAdmin] [37;44m 200 [0m [37;104m GET   [0m /admin/info/t_accounts
2022-06-16T18:40:48.001+0800	controller/handler.go:24	[GoAdmin] [37;44m 200 [0m [37;104m GET   [0m /admin/assets/dist/img/loading.gif
2022-06-16T18:40:48.001+0800	controller/handler.go:24	[GoAdmin] [37;44m 200 [0m [37;104m GET   [0m /admin/assets/dist/fonts/glyphicons-halflings-regular.woff2
2022-06-16T18:42:25.183+0800	controller/handler.go:24	[GoAdmin] [37;44m 200 [0m [37;104m GET   [0m /admin/info/t_accounts
2022-06-16T18:44:02.537+0800	controller/handler.go:24	[GoAdmin] [37;44m 200 [0m [37;104m GET   [0m /admin/info/t_accounts
2022-06-16T18:44:08.878+0800	controller/handler.go:24	[GoAdmin] [37;44m 200 [0m [37;104m GET   [0m /admin/info/t_accounts
2022-06-16T18:44:44.822+0800	controller/handler.go:24	[GoAdmin] [37;44m 200 [0m [37;104m GET   [0m /admin/info/t_accounts
2022-06-16T18:44:55.545+0800	controller/handler.go:24	[GoAdmin] [37;44m 200 [0m [37;104m GET   [0m /admin/info/t_accounts
2022-06-16T18:44:56.381+0800	controller/handler.go:24	[GoAdmin] [37;44m 200 [0m [37;104m GET   [0m /admin/info/t_accounts
2022-06-16T18:45:39.198+0800	controller/handler.go:24	[GoAdmin] [37;44m 200 [0m [37;104m GET   [0m /admin/info/t_accounts
2022-06-16T18:45:54.570+0800	controller/handler.go:24	[GoAdmin] [37;44m 200 [0m [37;104m GET   [0m /admin/info/t_accounts
2022-06-16T18:45:59.174+0800	controller/handler.go:24	[GoAdmin] [37;44m 200 [0m [37;104m GET   [0m /admin/info/t_accounts
2022-06-16T18:46:01.614+0800	controller/handler.go:24	[GoAdmin] [37;44m 200 [0m [37;104m GET   [0m /admin/info/t_accounts
2022-06-16T18:49:16.782+0800	controller/handler.go:24	[GoAdmin] [37;44m 200 [0m [37;104m GET   [0m /admin/info/t_accounts
2022-06-16T18:49:27.760+0800	controller/handler.go:24	[GoAdmin] [37;44m 200 [0m [37;104m GET   [0m /admin/info/t_accounts
2022-06-16T18:49:29.936+0800	controller/handler.go:24	[GoAdmin] [37;44m 200 [0m [37;104m GET   [0m /admin/info/t_accounts
2022-06-16T18:49:30.616+0800	controller/handler.go:24	[GoAdmin] [37;44m 200 [0m [37;104m GET   [0m /admin/info/t_accounts
2022-06-16T18:49:31.483+0800	controller/handler.go:24	[GoAdmin] [37;44m 200 [0m [37;104m GET   [0m /admin/info/t_accounts
2022-06-16T18:49:32.070+0800	controller/handler.go:24	[GoAdmin] [37;44m 200 [0m [37;104m GET   [0m /admin/info/t_accounts
2022-06-16T18:49:32.580+0800	controller/handler.go:24	[GoAdmin] [37;44m 200 [0m [37;104m GET   [0m /admin/info/t_accounts
2022-06-16T18:49:33.164+0800	controller/handler.go:24	[GoAdmin] [37;44m 200 [0m [37;104m GET   [0m /admin/info/t_accounts
2022-06-16T18:49:33.774+0800	controller/handler.go:24	[GoAdmin] [37;44m 200 [0m [37;104m GET   [0m /admin/info/t_accounts
2022-06-16T18:49:36.143+0800	controller/handler.go:24	[GoAdmin] [37;44m 200 [0m [37;104m GET   [0m /admin/info/t_accounts
2022-06-16T18:49:40.560+0800	controller/handler.go:24	[GoAdmin] [37;44m 200 [0m [37;104m POST   [0m /admin/update/t_accounts
2022-06-16T18:49:42.553+0800	controller/handler.go:24	[GoAdmin] [37;44m 200 [0m [37;104m GET   [0m /admin/info/t_accounts
2022-06-16T18:49:43.789+0800	controller/handler.go:24	[GoAdmin] [37;44m 200 [0m [37;104m GET   [0m /admin/info/t_accounts
2022-06-16T18:49:44.301+0800	controller/handler.go:24	[GoAdmin] [37;44m 200 [0m [37;104m GET   [0m /admin/info/t_accounts
2022-06-16T18:49:46.627+0800	controller/handler.go:24	[GoAdmin] [37;44m 200 [0m [37;104m POST   [0m /admin/update/t_accounts
2022-06-16T18:49:47.077+0800	controller/handler.go:24	[GoAdmin] [37;44m 200 [0m [37;104m GET   [0m /admin/info/t_accounts
2022-06-16T18:49:47.741+0800	controller/handler.go:24	[GoAdmin] [37;44m 200 [0m [37;104m GET   [0m /admin/info/t_accounts
2022-06-16T18:49:48.129+0800	controller/handler.go:24	[GoAdmin] [37;44m 200 [0m [37;104m GET   [0m /admin/info/t_accounts
2022-06-16T18:49:48.522+0800	controller/handler.go:24	[GoAdmin] [37;44m 200 [0m [37;104m GET   [0m /admin/info/t_accounts
2022-06-16T18:50:08.654+0800	controller/handler.go:24	[GoAdmin] [37;44m 200 [0m [37;104m GET   [0m /admin/info/t_accounts
2022-06-16T18:50:12.623+0800	controller/handler.go:24	[GoAdmin] [37;44m 200 [0m [37;104m POST   [0m /admin/update/t_accounts
2022-06-16T18:50:23.836+0800	controller/handler.go:24	[GoAdmin] [37;44m 200 [0m [37;104m POST   [0m /admin/update/t_accounts
2022-06-16T18:50:29.090+0800	controller/handler.go:24	[GoAdmin] [37;44m 200 [0m [37;104m POST   [0m /admin/update/t_accounts
2022-06-16T18:50:38.513+0800	controller/handler.go:24	[GoAdmin] [37;44m 200 [0m [37;104m GET   [0m /admin/menu
2022-06-16T18:51:15.979+0800	controller/handler.go:24	[GoAdmin] [37;44m 200 [0m [37;104m POST   [0m /admin/menu/new
2022-06-16T18:51:17.469+0800	controller/handler.go:24	[GoAdmin] [37;44m 200 [0m [37;104m GET   [0m /admin/menu
2022-06-16T18:51:18.159+0800	controller/handler.go:24	[GoAdmin] [37;44m 200 [0m [37;104m GET   [0m /admin/menu
2022-06-16T18:59:29.523+0800	controller/handler.go:24	[GoAdmin] [37;44m 200 [0m [37;104m GET   [0m /admin/menu
2022-06-16T18:59:30.680+0800	controller/handler.go:24	[GoAdmin] [37;44m 200 [0m [37;104m GET   [0m /admin/login
2022-06-16T18:59:31.660+0800	controller/handler.go:24	[GoAdmin] [37;44m 200 [0m [37;104m POST   [0m /admin/signin
2022-06-16T18:59:31.720+0800	controller/handler.go:24	[GoAdmin] [37;44m 200 [0m [37;104m GET   [0m /admin/info/t_accounts
2022-06-16T18:59:34.637+0800	controller/handler.go:24	[GoAdmin] [37;44m 200 [0m [37;104m GET   [0m /admin/info/t_game_servers
2022-06-16T18:59:34.819+0800	controller/handler.go:24	[GoAdmin] [37;44m 200 [0m [37;104m GET   [0m /admin/assets/dist/fonts/6xK1dSBYKcSV-LCoeQqfX1RYOo3qPZ7nsDc.ttf
2022-06-16T18:59:48.002+0800	controller/handler.go:24	[GoAdmin] [37;44m 200 [0m [37;104m GET   [0m /admin/info/t_game_servers
2022-06-16T18:59:49.777+0800	controller/handler.go:24	[GoAdmin] [37;44m 200 [0m [37;104m GET   [0m /admin/info/t_game_servers
2022-06-16T18:59:49.981+0800	controller/handler.go:24	[GoAdmin] [37;44m 200 [0m [37;104m GET   [0m /admin/info/t_game_servers
2022-06-16T18:59:50.127+0800	controller/handler.go:24	[GoAdmin] [37;44m 200 [0m [37;104m GET   [0m /admin/info/t_game_servers
2022-06-16T19:00:13.260+0800	controller/handler.go:24	[GoAdmin] [37;44m 200 [0m [37;104m GET   [0m /admin/info/t_game_servers
2022-06-16T19:00:41.359+0800	controller/handler.go:24	[GoAdmin] [37;44m 200 [0m [37;104m GET   [0m /admin/info/t_game_servers
2022-06-16T19:00:49.579+0800	controller/handler.go:24	[GoAdmin] [37;44m 200 [0m [37;104m GET   [0m /admin/info/t_game_servers
2022-06-16T19:00:50.362+0800	controller/handler.go:24	[GoAdmin] [37;44m 200 [0m [37;104m GET   [0m /admin/info/t_game_servers
2022-06-16T19:00:51.067+0800	controller/handler.go:24	[GoAdmin] [37;44m 200 [0m [37;104m GET   [0m /admin/info/t_game_servers
2022-06-16T19:01:55.370+0800	controller/handler.go:24	[GoAdmin] [37;44m 200 [0m [37;104m GET   [0m /admin/info/t_game_servers
2022-06-16T19:02:48.998+0800	controller/handler.go:24	[GoAdmin] [37;44m 200 [0m [37;104m GET   [0m /admin/info/t_game_servers
2022-06-16T19:10:32.873+0800	controller/handler.go:24	[GoAdmin] [37;44m 200 [0m [37;104m GET   [0m /admin/info/t_game_servers
2022-06-16T19:11:37.488+0800	controller/handler.go:24	[GoAdmin] [37;44m 200 [0m [37;104m GET   [0m /admin/info/t_game_servers
2022-06-16T19:11:47.093+0800	controller/handler.go:24	[GoAdmin] [37;44m 200 [0m [37;104m POST   [0m /admin/update/t_game_servers
2022-06-16T19:11:48.511+0800	controller/handler.go:24	[GoAdmin] [37;44m 200 [0m [37;104m GET   [0m /admin/info/t_game_servers
2022-06-16T19:13:46.080+0800	controller/handler.go:24	[GoAdmin] [37;44m 200 [0m [37;104m GET   [0m /admin/info/generate/new
2022-06-16T19:13:49.459+0800	controller/handler.go:24	[GoAdmin] [37;44m 200 [0m [37;104m POST   [0m /admin/operation/_tool_choose_conn
2022-06-16T19:13:53.081+0800	controller/handler.go:24	[GoAdmin] [37;44m 200 [0m [37;104m POST   [0m /admin/operation/_tool_choose_table
2022-06-16T19:14:00.376+0800	controller/handler.go:24	[GoAdmin] [37;44m 200 [0m [37;104m POST   [0m /admin/new/generate
2022-06-16T19:14:37.570+0800	controller/handler.go:24	[GoAdmin] [37;44m 200 [0m [37;104m GET   [0m /admin/info/t_game_servers
2022-06-16T19:14:38.203+0800	controller/handler.go:24	[GoAdmin] [37;44m 200 [0m [37;104m GET   [0m /admin/info/t_game_servers
2022-06-16T19:14:38.914+0800	controller/handler.go:24	[GoAdmin] [37;44m 200 [0m [37;104m GET   [0m /admin/info/t_game_servers
2022-06-16T19:14:43.764+0800	controller/handler.go:24	[GoAdmin] [37;44m 200 [0m [37;104m POST   [0m /admin/update/t_game_servers
2022-06-16T19:14:44.289+0800	controller/handler.go:24	[GoAdmin] [37;44m 200 [0m [37;104m GET   [0m /admin/info/t_game_servers
2022-06-16T19:14:49.589+0800	controller/handler.go:24	[GoAdmin] [37;44m 200 [0m [37;104m POST   [0m /admin/update/t_game_servers
2022-06-16T19:14:50.691+0800	controller/handler.go:24	[GoAdmin] [37;44m 200 [0m [37;104m GET   [0m /admin/info/t_game_servers
2022-06-16T19:14:54.350+0800	controller/handler.go:24	[GoAdmin] [37;44m 200 [0m [37;104m POST   [0m /admin/update/t_game_servers
2022-06-16T19:14:54.745+0800	controller/handler.go:24	[GoAdmin] [37;44m 200 [0m [37;104m GET   [0m /admin/info/t_game_servers
2022-06-16T19:14:55.271+0800	controller/handler.go:24	[GoAdmin] [37;44m 200 [0m [37;104m GET   [0m /admin/info/t_game_servers
2022-06-16T19:14:55.434+0800	controller/handler.go:24	[GoAdmin] [37;44m 200 [0m [37;104m GET   [0m /admin/info/t_game_servers
2022-06-16T19:14:55.576+0800	controller/handler.go:24	[GoAdmin] [37;44m 200 [0m [37;104m GET   [0m /admin/info/t_game_servers
2022-06-17T09:57:30.343+0800	controller/handler.go:24	[GoAdmin] [37;44m 302 [0m [37;104m GET   [0m /admin/info/t_game_servers
2022-06-17T09:57:30.385+0800	controller/handler.go:24	[GoAdmin] [37;44m 200 [0m [37;104m GET   [0m /admin/login
2022-06-17T10:24:05.925+0800	controller/handler.go:24	[GoAdmin] [37;44m 200 [0m [37;104m GET   [0m /admin/login
2022-06-17T10:24:07.368+0800	controller/handler.go:24	[GoAdmin] [37;44m 200 [0m [37;104m POST   [0m /admin/signin
2022-06-17T10:24:07.377+0800	controller/handler.go:24	[GoAdmin] [37;44m 200 [0m [37;104m GET   [0m /admin/login
2022-06-17T10:24:08.344+0800	controller/handler.go:24	[GoAdmin] [37;44m 200 [0m [37;104m POST   [0m /admin/signin
2022-06-17T10:24:08.389+0800	controller/handler.go:24	[GoAdmin] [37;44m 200 [0m [37;104m GET   [0m /admin/info/t_accounts
2022-06-17T10:31:36.264+0800	controller/handler.go:24	[GoAdmin] [37;44m 200 [0m [37;104m GET   [0m /admin/login
2022-06-17T10:31:40.083+0800	controller/handler.go:24	[GoAdmin] [37;44m 200 [0m [37;104m POST   [0m /admin/signin
2022-06-17T10:35:57.384+0800	controller/handler.go:24	[GoAdmin] [37;44m 200 [0m [37;104m GET   [0m /admin/info/log_player_item_add_error
2022-06-17T10:36:27.448+0800	controller/handler.go:24	[GoAdmin] [37;44m 200 [0m [37;104m GET   [0m /admin/info/t_accounts
2022-06-17T10:38:12.713+0800	controller/handler.go:24	[GoAdmin] [37;44m 200 [0m [37;104m GET   [0m /admin/info/suspicious_data_record
2022-06-17T11:26:18.031+0800	controller/handler.go:24	[GoAdmin] [37;44m 200 [0m [37;104m GET   [0m /admin/info/log_player_item_add_error
2022-06-17T11:27:36.839+0800	controller/handler.go:24	[GoAdmin] [37;44m 200 [0m [37;104m GET   [0m /admin/info/log_player_item_add_error
2022-06-17T11:28:21.318+0800	controller/handler.go:24	[GoAdmin] [37;44m 200 [0m [37;104m GET   [0m /admin/info/log_player_item_add_error
2022-06-17T11:29:41.273+0800	controller/handler.go:24	[GoAdmin] [37;44m 200 [0m [37;104m GET   [0m /admin/info/log_player_item_add_error
2022-06-17T11:31:08.760+0800	controller/handler.go:24	[GoAdmin] [37;44m 200 [0m [37;104m GET   [0m /admin/info/log_player_item_add_error
2022-06-17T11:32:55.360+0800	controller/handler.go:24	[GoAdmin] [37;44m 200 [0m [37;104m GET   [0m /admin/info/log_player_item_add_error
2022-06-17T11:34:29.167+0800	controller/handler.go:24	[GoAdmin] [37;44m 200 [0m [37;104m GET   [0m /admin/info/log_player_item_add_error
2022-06-17T11:35:56.983+0800	controller/handler.go:24	[GoAdmin] [37;44m 200 [0m [37;104m GET   [0m /admin/info/complaint_management/new
2022-06-17T11:35:59.134+0800	controller/handler.go:24	[GoAdmin] [37;44m 200 [0m [37;104m GET   [0m /admin/info/log_player_item_add_error
2022-06-17T11:36:19.139+0800	controller/handler.go:24	[GoAdmin] [37;44m 200 [0m [37;104m GET   [0m /admin/info/t_accounts
2022-06-17T11:36:22.119+0800	controller/handler.go:24	[GoAdmin] [37;44m 302 [0m [37;104m GET   [0m /admin/logout
2022-06-17T11:36:22.125+0800	controller/handler.go:24	[GoAdmin] [37;44m 200 [0m [37;104m GET   [0m /admin/login
2022-06-17T11:36:23.177+0800	controller/handler.go:24	[GoAdmin] [37;44m 200 [0m [37;104m POST   [0m /admin/signin
2022-06-17T11:36:25.699+0800	controller/handler.go:24	[GoAdmin] [37;44m 200 [0m [37;104m GET   [0m /admin/info/log_player_item_add_error
2022-06-17T11:38:52.324+0800	controller/handler.go:24	[GoAdmin] [37;44m 200 [0m [37;104m GET   [0m /admin/info/log_player_item_add_error
2022-06-17T11:38:54.282+0800	controller/handler.go:24	[GoAdmin] [37;44m 200 [0m [37;104m GET   [0m /admin/info/log_player_item_add_error
2022-06-17T11:38:55.603+0800	controller/handler.go:24	[GoAdmin] [37;44m 200 [0m [37;104m GET   [0m /admin/info/log_player_item_add_error
2022-06-17T11:38:56.679+0800	controller/handler.go:24	[GoAdmin] [37;44m 200 [0m [37;104m GET   [0m /admin/info/log_player_item_add_error
2022-06-17T11:38:57.794+0800	controller/handler.go:24	[GoAdmin] [37;44m 200 [0m [37;104m GET   [0m /admin/info/log_player_item_add_error
2022-06-17T11:38:58.504+0800	controller/handler.go:24	[GoAdmin] [37;44m 200 [0m [37;104m GET   [0m /admin/info/log_player_item_add_error
2022-06-17T11:38:59.853+0800	controller/handler.go:24	[GoAdmin] [37;44m 200 [0m [37;104m GET   [0m /admin/info/log_player_item_add_error
2022-06-17T11:39:00.825+0800	controller/handler.go:24	[GoAdmin] [37;44m 200 [0m [37;104m GET   [0m /admin/info/log_player_item_add_error
2022-06-17T11:39:01.615+0800	controller/handler.go:24	[GoAdmin] [37;44m 200 [0m [37;104m GET   [0m /admin/info/log_player_item_add_error
2022-06-17T11:39:02.715+0800	controller/handler.go:24	[GoAdmin] [37;44m 200 [0m [37;104m GET   [0m /admin/info/log_player_item_add_error
2022-06-17T11:39:04.444+0800	controller/handler.go:24	[GoAdmin] [37;44m 200 [0m [37;104m GET   [0m /admin/info/log_player_item_add_error
2022-06-17T11:39:05.819+0800	controller/handler.go:24	[GoAdmin] [37;44m 200 [0m [37;104m GET   [0m /admin/info/log_player_item_add_error
2022-06-17T11:39:45.809+0800	controller/handler.go:24	[GoAdmin] [37;44m 200 [0m [37;104m GET   [0m /admin/info/log_player_item_add_error
2022-06-17T11:39:46.932+0800	controller/handler.go:24	[GoAdmin] [37;44m 200 [0m [37;104m GET   [0m /admin/info/log_player_item_add_error
2022-06-17T11:39:48.064+0800	controller/handler.go:24	[GoAdmin] [37;44m 200 [0m [37;104m GET   [0m /admin/info/log_player_item_add_error
2022-06-17T11:39:57.378+0800	controller/handler.go:24	[GoAdmin] [37;44m 200 [0m [37;104m GET   [0m /admin/info/log_player_item_add_error
2022-06-17T11:39:57.925+0800	controller/handler.go:24	[GoAdmin] [37;44m 200 [0m [37;104m GET   [0m /admin/info/log_player_item_add_error
2022-06-17T11:39:59.133+0800	controller/handler.go:24	[GoAdmin] [37;44m 200 [0m [37;104m GET   [0m /admin/info/log_player_item_add_error
2022-06-17T11:40:00.350+0800	controller/handler.go:24	[GoAdmin] [37;44m 200 [0m [37;104m GET   [0m /admin/info/log_player_item_add_error
2022-06-17T11:43:30.647+0800	controller/handler.go:24	[GoAdmin] [37;44m 200 [0m [37;104m GET   [0m /admin/info/log_player_item_add_error
2022-06-17T11:45:05.219+0800	controller/handler.go:24	[GoAdmin] [37;44m 200 [0m [37;104m GET   [0m /admin/info/log_player_item_add_error
2022-06-17T11:45:06.521+0800	controller/handler.go:24	[GoAdmin] [37;44m 200 [0m [37;104m GET   [0m /admin/info/log_player_item_add_error
2022-06-21T11:39:41.858+0800	controller/handler.go:24	[GoAdmin] [37;44m 200 [0m [37;104m GET   [0m /admin/login
2022-06-21T11:39:44.355+0800	controller/handler.go:24	[GoAdmin] [37;44m 200 [0m [37;104m POST   [0m /admin/signin
2022-06-21T11:39:46.011+0800	controller/handler.go:24	[GoAdmin] [37;44m 200 [0m [37;104m GET   [0m /admin/info/t_accounts
2022-06-21T11:39:49.712+0800	controller/handler.go:24	[GoAdmin] [37;44m 200 [0m [37;104m POST   [0m /admin/signin
2022-06-21T11:39:51.040+0800	controller/handler.go:24	[GoAdmin] [37;44m 200 [0m [37;104m GET   [0m /admin/info/t_accounts
2022-06-21T11:39:52.859+0800	controller/handler.go:24	[GoAdmin] [37;44m 200 [0m [37;104m GET   [0m /admin/info/generate/new
2022-06-21T11:39:54.503+0800	controller/handler.go:24	[GoAdmin] [37;44m 200 [0m [37;104m POST   [0m /admin/operation/_tool_choose_conn
2022-06-21T11:39:56.101+0800	controller/handler.go:24	[GoAdmin] [37;44m 200 [0m [37;104m POST   [0m /admin/operation/_tool_choose_table
2022-06-21T11:40:24.630+0800	controller/handler.go:24	[GoAdmin] [37;44m 200 [0m [37;104m POST   [0m /admin/new/generate
2022-06-21T11:44:59.570+0800	controller/handler.go:24	[GoAdmin] [37;44m 200 [0m [37;104m GET   [0m /admin/menu
2022-06-21T11:45:01.879+0800	controller/handler.go:24	[GoAdmin] [37;44m 200 [0m [37;104m GET   [0m /admin/menu/edit/show
2022-06-21T11:45:06.350+0800	controller/handler.go:24	[GoAdmin] [37;44m 200 [0m [37;104m POST   [0m /admin/menu/edit
2022-06-21T11:45:08.634+0800	controller/handler.go:24	[GoAdmin] [37;44m 200 [0m [37;104m GET   [0m /admin/menu/edit/show
2022-06-21T11:45:16.373+0800	controller/handler.go:24	[GoAdmin] [37;44m 200 [0m [37;104m POST   [0m /admin/menu/edit
2022-06-21T11:45:17.338+0800	controller/handler.go:24	[GoAdmin] [37;44m 200 [0m [37;104m GET   [0m /admin/menu
2022-06-21T11:45:18.038+0800	controller/handler.go:24	[GoAdmin] [37;44m 200 [0m [37;104m GET   [0m /admin/info/t_account_characters
2022-06-21T11:45:31.374+0800	controller/handler.go:24	[GoAdmin] [37;44m 200 [0m [37;104m GET   [0m /admin/info/t_account_characters
2022-06-21T11:45:32.928+0800	controller/handler.go:24	[GoAdmin] [37;44m 200 [0m [37;104m GET   [0m /admin/info/t_account_characters
2022-06-21T11:45:33.054+0800	controller/handler.go:24	[GoAdmin] [37;44m 200 [0m [37;104m GET   [0m /admin/info/t_account_characters
2022-06-21T11:45:33.171+0800	controller/handler.go:24	[GoAdmin] [37;44m 200 [0m [37;104m GET   [0m /admin/info/t_account_characters
2022-06-21T11:45:53.230+0800	controller/handler.go:24	[GoAdmin] [37;44m 200 [0m [37;104m GET   [0m /admin/info/t_account_characters
2022-06-21T11:46:15.254+0800	controller/handler.go:24	[GoAdmin] [37;44m 200 [0m [37;104m GET   [0m /admin/info/t_account_characters
2022-06-21T11:46:22.858+0800	controller/handler.go:24	[GoAdmin] [37;44m 200 [0m [37;104m GET   [0m /admin/info/t_account_characters
2022-06-21T11:46:24.823+0800	controller/handler.go:24	[GoAdmin] [37;44m 200 [0m [37;104m GET   [0m /admin/info/t_account_characters
2022-06-21T11:46:32.733+0800	controller/handler.go:24	[GoAdmin] [37;44m 200 [0m [37;104m GET   [0m /admin/info/t_account_characters
2022-06-21T11:49:35.297+0800	controller/handler.go:24	[GoAdmin] [37;44m 200 [0m [37;104m GET   [0m /admin/info/t_account_characters
2022-06-21T11:49:36.452+0800	controller/handler.go:24	[GoAdmin] [37;44m 200 [0m [37;104m GET   [0m /admin/login
2022-06-21T11:49:38.586+0800	controller/handler.go:24	[GoAdmin] [37;44m 200 [0m [37;104m POST   [0m /admin/signin
2022-06-21T11:49:38.595+0800	controller/handler.go:24	[GoAdmin] [37;44m 200 [0m [37;104m GET   [0m /admin/login
2022-06-21T11:49:39.245+0800	controller/handler.go:24	[GoAdmin] [37;44m 200 [0m [37;104m POST   [0m /admin/signin
2022-06-21T11:49:40.540+0800	controller/handler.go:24	[GoAdmin] [37;44m 200 [0m [37;104m GET   [0m /admin/info/t_account_characters
2022-06-22T11:20:52.615+0800	controller/handler.go:24	[GoAdmin] [37;44m 200 [0m [37;104m GET   [0m /admin/login
2022-06-22T11:20:53.820+0800	controller/handler.go:24	[GoAdmin] [37;44m 200 [0m [37;104m POST   [0m /admin/signin
2022-06-22T11:20:53.871+0800	controller/handler.go:24	[GoAdmin] [37;44m 200 [0m [37;104m GET   [0m /admin/info/t_account_characters
2022-06-22T11:20:56.944+0800	controller/handler.go:24	[GoAdmin] [37;44m 200 [0m [37;104m GET   [0m /admin/info/t_game_servers
2022-06-22T11:21:23.159+0800	controller/handler.go:24	[GoAdmin] [37;44m 200 [0m [37;104m GET   [0m /admin/info/t_game_servers
2022-06-22T11:22:21.952+0800	controller/handler.go:24	[GoAdmin] [37;44m 400 [0m [37;104m POST   [0m /admin/operation/_admin_ClearDB
2022-06-22T11:22:23.562+0800	controller/handler.go:24	[GoAdmin] [37;44m 200 [0m [37;104m GET   [0m /admin/info/t_game_servers
2022-06-22T11:26:02.064+0800	controller/handler.go:24	[GoAdmin] [37;44m 400 [0m [37;104m POST   [0m /admin/operation/_admin_ClearDB
2022-06-22T11:26:12.690+0800	controller/handler.go:24	[GoAdmin] [37;44m 200 [0m [37;104m GET   [0m /admin/info/t_game_servers
2022-06-22T11:29:04.921+0800	controller/handler.go:24	[GoAdmin] [37;44m 200 [0m [37;104m GET   [0m /admin/info/t_game_servers
2022-06-22T11:30:48.318+0800	controller/handler.go:24	[GoAdmin] [37;44m 200 [0m [37;104m GET   [0m /admin/info/t_game_servers
2022-06-22T11:34:09.246+0800	controller/handler.go:24	[GoAdmin] [37;44m 200 [0m [37;104m GET   [0m /admin/info/t_game_servers
2022-06-22T11:34:45.621+0800	controller/handler.go:24	[GoAdmin] [37;44m 200 [0m [37;104m GET   [0m /admin/info/t_game_servers
2022-06-22T11:40:48.161+0800	controller/handler.go:24	[GoAdmin] [37;44m 200 [0m [37;104m GET   [0m /admin/info/t_game_servers
2022-06-22T11:40:57.870+0800	controller/handler.go:24	[GoAdmin] [37;44m 200 [0m [37;104m GET   [0m /admin/info/t_game_servers
2022-06-22T11:43:11.513+0800	controller/handler.go:24	[GoAdmin] [37;44m 400 [0m [37;104m POST   [0m /admin/operation/_admin_ClearDB
2022-06-22T11:43:15.229+0800	controller/handler.go:24	[GoAdmin] [37;44m 200 [0m [37;104m GET   [0m /admin/info/t_game_servers
2022-06-22T11:44:55.550+0800	controller/handler.go:24	[GoAdmin] [37;44m 200 [0m [37;104m GET   [0m /admin/info/t_game_servers
2022-06-22T11:56:15.345+0800	controller/handler.go:24	[GoAdmin] [37;44m 200 [0m [37;104m GET   [0m /admin/info/t_game_servers
2022-06-22T11:56:16.078+0800	controller/handler.go:24	[GoAdmin] [37;44m 200 [0m [37;104m GET   [0m /admin/info/t_game_servers
2022-06-22T11:58:00.577+0800	controller/handler.go:24	[GoAdmin] [37;44m 200 [0m [37;104m GET   [0m /admin/info/t_game_servers
2022-06-22T11:58:00.933+0800	controller/handler.go:24	[GoAdmin] [37;44m 200 [0m [37;104m GET   [0m /admin/info/t_game_servers
2022-06-22T11:58:26.086+0800	controller/handler.go:24	[GoAdmin] [37;44m 200 [0m [37;104m POST   [0m /admin/operation/_admin_ClearDB
2022-06-22T11:59:40.599+0800	controller/handler.go:24	[GoAdmin] [37;44m 400 [0m [37;104m POST   [0m /admin/operation/_admin_ClearDB
2022-06-22T11:59:41.955+0800	controller/handler.go:24	[GoAdmin] [37;44m 200 [0m [37;104m GET   [0m /admin/info/t_game_servers
2022-06-22T11:59:49.499+0800	controller/handler.go:24	[GoAdmin] [37;44m 200 [0m [37;104m POST   [0m /admin/operation/_admin_ClearDB
2022-06-22T13:35:44.959+0800	controller/handler.go:24	[GoAdmin] [37;44m 302 [0m [37;104m GET   [0m /admin/info/t_game_servers
2022-06-22T13:35:44.971+0800	controller/handler.go:24	[GoAdmin] [37;44m 200 [0m [37;104m GET   [0m /admin/login
2022-06-22T13:35:46.208+0800	controller/handler.go:24	[GoAdmin] [37;44m 200 [0m [37;104m POST   [0m /admin/signin
2022-06-22T13:35:46.223+0800	controller/handler.go:24	[GoAdmin] [37;44m 200 [0m [37;104m GET   [0m /admin/login
2022-06-22T13:35:46.935+0800	controller/handler.go:24	[GoAdmin] [37;44m 200 [0m [37;104m POST   [0m /admin/signin
2022-06-22T13:35:46.983+0800	controller/handler.go:24	[GoAdmin] [37;44m 200 [0m [37;104m GET   [0m /admin/info/t_account_characters
2022-06-22T13:35:49.474+0800	controller/handler.go:24	[GoAdmin] [37;44m 200 [0m [37;104m GET   [0m /admin/info/t_game_servers
2022-06-22T13:36:13.075+0800	controller/handler.go:24	[GoAdmin] [37;44m 200 [0m [37;104m POST   [0m /admin/operation/_admin_ClearDB
2022-06-22T13:36:47.544+0800	controller/handler.go:24	[GoAdmin] [37;44m 200 [0m [37;104m GET   [0m /admin/info/t_game_servers
2022-06-22T13:37:19.838+0800	controller/handler.go:24	[GoAdmin] [37;44m 200 [0m [37;104m GET   [0m /admin/info/t_game_servers
2022-06-22T13:37:32.899+0800	controller/handler.go:24	[GoAdmin] [37;44m 200 [0m [37;104m POST   [0m /admin/operation/_admin_ClearDB
2022-06-22T13:40:46.296+0800	controller/handler.go:24	[GoAdmin] [37;44m 200 [0m [37;104m GET   [0m /admin/info/t_game_servers
2022-06-22T13:43:27.075+0800	controller/handler.go:24	[GoAdmin] [37;44m 200 [0m [37;104m GET   [0m /admin/info/t_game_servers
2022-06-22T13:43:31.033+0800	controller/handler.go:24	[GoAdmin] [37;44m 200 [0m [37;104m POST   [0m /admin/operation/_admin_ClearDB
2022-06-22T14:07:37.605+0800	controller/handler.go:24	[GoAdmin] [37;44m 200 [0m [37;104m GET   [0m /admin/login
2022-06-22T14:07:38.585+0800	controller/handler.go:24	[GoAdmin] [37;44m 200 [0m [37;104m POST   [0m /admin/signin
2022-06-22T14:07:38.594+0800	controller/handler.go:24	[GoAdmin] [37;44m 200 [0m [37;104m GET   [0m /admin/login
2022-06-22T14:07:39.318+0800	controller/handler.go:24	[GoAdmin] [37;44m 200 [0m [37;104m POST   [0m /admin/signin
2022-06-22T14:07:39.366+0800	controller/handler.go:24	[GoAdmin] [37;44m 200 [0m [37;104m GET   [0m /admin/info/t_account_characters
2022-06-22T14:07:43.325+0800	controller/handler.go:24	[GoAdmin] [37;44m 200 [0m [37;104m GET   [0m /admin/info/t_game_servers
2022-06-22T14:08:02.374+0800	controller/handler.go:24	[GoAdmin] [37;44m 200 [0m [37;104m GET   [0m /admin/info/t_game_servers
2022-06-22T14:09:54.347+0800	controller/handler.go:24	[GoAdmin] [37;44m 200 [0m [37;104m GET   [0m /admin/info/t_game_servers
2022-06-22T14:10:10.639+0800	controller/handler.go:24	[GoAdmin] [37;44m 200 [0m [37;104m GET   [0m /admin/info/t_game_servers
2022-06-22T14:11:27.151+0800	controller/handler.go:24	[GoAdmin] [37;44m 200 [0m [37;104m GET   [0m /admin/info/t_game_servers
2022-06-22T14:11:36.432+0800	controller/handler.go:24	[GoAdmin] [37;44m 200 [0m [37;104m GET   [0m /admin/info/t_game_servers
2022-06-22T14:11:37.104+0800	controller/handler.go:24	[GoAdmin] [37;44m 200 [0m [37;104m GET   [0m /admin/info/t_game_servers
2022-06-22T14:13:00.588+0800	controller/handler.go:24	[GoAdmin] [37;44m 200 [0m [37;104m GET   [0m /admin/info/t_game_servers
2022-06-22T14:13:01.130+0800	controller/handler.go:24	[GoAdmin] [37;44m 200 [0m [37;104m GET   [0m /admin/info/t_game_servers
2022-06-22T14:14:29.587+0800	controller/handler.go:24	[GoAdmin] [37;44m 200 [0m [37;104m GET   [0m /admin/login
2022-06-22T14:14:31.662+0800	controller/handler.go:24	[GoAdmin] [37;44m 200 [0m [37;104m POST   [0m /admin/signin
2022-06-22T14:14:31.670+0800	controller/handler.go:24	[GoAdmin] [37;44m 200 [0m [37;104m GET   [0m /admin/login
2022-06-22T14:14:32.429+0800	controller/handler.go:24	[GoAdmin] [37;44m 200 [0m [37;104m POST   [0m /admin/signin
2022-06-22T14:14:32.478+0800	controller/handler.go:24	[GoAdmin] [37;44m 200 [0m [37;104m GET   [0m /admin/info/t_account_characters
2022-06-22T14:14:36.775+0800	controller/handler.go:24	[GoAdmin] [37;44m 200 [0m [37;104m GET   [0m /admin/info/t_game_servers
2022-06-22T14:14:53.657+0800	controller/handler.go:24	[GoAdmin] [37;44m 200 [0m [37;104m GET   [0m /admin/info/t_game_servers
2022-06-22T14:15:04.754+0800	controller/handler.go:24	[GoAdmin] [37;44m 200 [0m [37;104m GET   [0m /admin/info/t_game_servers
2022-06-22T14:15:15.222+0800	controller/handler.go:24	[GoAdmin] [37;44m 200 [0m [37;104m GET   [0m /admin/info/t_game_servers
2022-06-22T14:15:22.357+0800	controller/handler.go:24	[GoAdmin] [37;44m 200 [0m [37;104m GET   [0m /admin/info/t_game_servers
2022-06-22T14:15:34.750+0800	controller/handler.go:24	[GoAdmin] [37;44m 200 [0m [37;104m GET   [0m /admin/info/t_game_servers
2022-06-22T14:17:29.940+0800	controller/handler.go:24	[GoAdmin] [37;44m 200 [0m [37;104m GET   [0m /admin/info/t_game_servers
2022-06-22T14:17:37.037+0800	controller/handler.go:24	[GoAdmin] [37;44m 200 [0m [37;104m GET   [0m /admin/info/t_game_servers
2022-06-22T14:17:44.575+0800	controller/handler.go:24	[GoAdmin] [37;44m 200 [0m [37;104m GET   [0m /admin/info/t_game_servers
2022-06-22T17:00:17.300+0800	controller/handler.go:24	[GoAdmin] [37;44m 302 [0m [37;104m GET   [0m /admin/info/t_game_servers
2022-06-22T17:00:17.305+0800	controller/handler.go:24	[GoAdmin] [37;44m 200 [0m [37;104m GET   [0m /admin/login
2022-06-22T17:00:18.613+0800	controller/handler.go:24	[GoAdmin] [37;44m 200 [0m [37;104m POST   [0m /admin/signin
2022-06-22T17:00:18.624+0800	controller/handler.go:24	[GoAdmin] [37;44m 200 [0m [37;104m GET   [0m /admin/login
2022-06-22T17:00:19.279+0800	controller/handler.go:24	[GoAdmin] [37;44m 200 [0m [37;104m POST   [0m /admin/signin
2022-06-22T17:00:19.515+0800	controller/handler.go:24	[GoAdmin] [37;44m 200 [0m [37;104m GET   [0m /admin/info/t_account_characters
2022-06-22T17:00:25.113+0800	controller/handler.go:24	[GoAdmin] [37;44m 200 [0m [37;104m GET   [0m /admin/info/t_account_characters
2022-06-22T17:00:28.367+0800	controller/handler.go:24	[GoAdmin] [37;44m 200 [0m [37;104m GET   [0m /admin/info/t_account_characters
2022-06-22T17:00:31.160+0800	controller/handler.go:24	[GoAdmin] [37;44m 200 [0m [37;104m GET   [0m /admin/info/t_account_characters
2022-06-22T17:00:33.324+0800	controller/handler.go:24	[GoAdmin] [37;44m 200 [0m [37;104m GET   [0m /admin/info/t_account_characters
2022-06-22T17:00:33.970+0800	controller/handler.go:24	[GoAdmin] [37;44m 200 [0m [37;104m GET   [0m /admin/info/t_account_characters
2022-06-22T17:00:34.163+0800	controller/handler.go:24	[GoAdmin] [37;44m 200 [0m [37;104m GET   [0m /admin/info/t_account_characters
2022-06-22T17:00:37.785+0800	controller/handler.go:24	[GoAdmin] [37;44m 200 [0m [37;104m GET   [0m /admin/info/t_account_characters
2022-06-23T17:03:52.197+0800	controller/handler.go:24	[GoAdmin] [37;44m 302 [0m [37;104m GET   [0m /admin/info/t_account_characters
2022-06-23T17:03:52.202+0800	controller/handler.go:24	[GoAdmin] [37;44m 200 [0m [37;104m GET   [0m /admin/login
2022-06-23T17:03:52.319+0800	controller/handler.go:24	[GoAdmin] [37;44m 200 [0m [37;104m GET   [0m /admin/assets/login/dist/all.min.js
2022-06-23T17:03:52.319+0800	controller/handler.go:24	[GoAdmin] [37;44m 200 [0m [37;104m GET   [0m /admin/assets/login/dist/all.min.css
2022-06-23T17:03:53.703+0800	controller/handler.go:24	[GoAdmin] [37;44m 200 [0m [37;104m POST   [0m /admin/signin
2022-06-23T17:03:53.715+0800	controller/handler.go:24	[GoAdmin] [37;44m 200 [0m [37;104m GET   [0m /admin/login
2022-06-23T17:03:54.589+0800	controller/handler.go:24	[GoAdmin] [37;44m 200 [0m [37;104m POST   [0m /admin/signin
2022-06-23T17:03:54.859+0800	controller/handler.go:24	[GoAdmin] [37;44m 200 [0m [37;104m GET   [0m /admin/info/t_account_characters
2022-06-23T17:03:54.916+0800	controller/handler.go:24	[GoAdmin] [37;44m 200 [0m [37;104m GET   [0m /admin/assets/dist/css/all.min.7bcc29700e.css
2022-06-23T17:03:54.925+0800	controller/handler.go:24	[GoAdmin] [37;44m 200 [0m [37;104m GET   [0m /admin/assets/dist/js/all.min.8425540791.js
2022-06-23T17:03:54.927+0800	controller/handler.go:24	[GoAdmin] [37;44m 200 [0m [37;104m GET   [0m /admin/assets/dist/js/datatable.min.581cdc109b.js
2022-06-23T17:03:54.934+0800	controller/handler.go:24	[GoAdmin] [37;44m 200 [0m [37;104m GET   [0m /admin/assets/dist/js/tree.min.e1faf8b7de.js
2022-06-23T17:03:54.937+0800	controller/handler.go:24	[GoAdmin] [37;44m 200 [0m [37;104m GET   [0m /admin/assets/dist/js/treeview.min.7780d3bb0f.js
2022-06-23T17:03:54.961+0800	controller/handler.go:24	[GoAdmin] [37;44m 200 [0m [37;104m GET   [0m /admin/assets/dist/img/avatar04.png
2022-06-23T17:03:54.963+0800	controller/handler.go:24	[GoAdmin] [37;44m 200 [0m [37;104m GET   [0m /admin/assets/chart.min.js
2022-06-23T17:03:54.986+0800	controller/handler.go:24	[GoAdmin] [37;44m 200 [0m [37;104m GET   [0m /admin/assets/dist/js/all_2.min.38a2a946b0.js
2022-06-23T17:03:54.989+0800	controller/handler.go:24	[GoAdmin] [37;44m 200 [0m [37;104m GET   [0m /admin/assets/dist/js/form.min.f8678914e9.js
2022-06-23T17:03:54.989+0800	controller/handler.go:24	[GoAdmin] [37;44m 200 [0m [37;104m GET   [0m /admin/assets/dist/fonts/fontawesome-webfont.woff2
2022-06-23T17:03:54.990+0800	controller/handler.go:24	[GoAdmin] [37;44m 200 [0m [37;104m GET   [0m /admin/assets/dist/css/fonts/6xK3dSBYKcSV-LCoeQqfX1RYOo3qOK7g.ttf
2022-06-23T17:03:55.070+0800	controller/handler.go:24	[GoAdmin] [37;44m 200 [0m [37;104m GET   [0m /admin/assets/dist/css/fonts/6xKydSBYKcSV-LCoeQqfX1RYOo3ig4vwlxdr.ttf
2022-06-23T17:03:55.091+0800	controller/handler.go:24	[GoAdmin] [37;44m 200 [0m [37;104m GET   [0m /admin/assets/dist/css/blue.png
2022-06-23T17:03:55.120+0800	controller/handler.go:24	[GoAdmin] [37;44m 200 [0m [37;104m GET   [0m /admin/assets/dist/css/fonts/6xKydSBYKcSV-LCoeQqfX1RYOo3ik4zwlxdr.ttf
2022-06-23T17:04:00.006+0800	controller/handler.go:24	[GoAdmin] [37;44m 200 [0m [37;104m GET   [0m /admin/info/t_game_servers
2022-06-23T17:04:07.280+0800	controller/handler.go:24	[GoAdmin] [37;44m 200 [0m [37;104m GET   [0m /admin/info/t_game_servers
2022-06-23T17:04:19.612+0800	controller/handler.go:24	[GoAdmin] [37;44m 200 [0m [37;104m GET   [0m /admin/assets/dist/fonts/glyphicons-halflings-regular.woff2
2022-06-23T17:05:25.596+0800	controller/handler.go:24	[GoAdmin] [37;44m 200 [0m [37;104m GET   [0m /admin/info/t_game_servers
2022-06-23T17:07:11.767+0800	controller/handler.go:24	[GoAdmin] [37;44m 200 [0m [37;104m GET   [0m /admin/info/t_game_servers
2022-06-23T17:07:13.372+0800	controller/handler.go:24	[GoAdmin] [37;44m 200 [0m [37;104m GET   [0m /admin/info/t_game_servers
2022-06-23T17:07:14.438+0800	controller/handler.go:24	[GoAdmin] [37;44m 200 [0m [37;104m GET   [0m /admin/info/roles
2022-06-23T17:07:16.195+0800	controller/handler.go:24	[GoAdmin] [37;44m 200 [0m [37;104m GET   [0m /admin/info/t_game_servers
2022-06-24T09:40:18.342+0800	controller/handler.go:24	[GoAdmin] [37;44m 200 [0m [37;104m GET   [0m /admin/login
2022-06-24T09:40:19.456+0800	controller/handler.go:24	[GoAdmin] [37;44m 200 [0m [37;104m POST   [0m /admin/signin
2022-06-24T09:40:19.466+0800	controller/handler.go:24	[GoAdmin] [37;44m 200 [0m [37;104m GET   [0m /admin/login
2022-06-24T09:40:20.184+0800	controller/handler.go:24	[GoAdmin] [37;44m 200 [0m [37;104m POST   [0m /admin/signin
2022-06-24T09:40:20.301+0800	controller/handler.go:24	[GoAdmin] [37;44m 200 [0m [37;104m GET   [0m /admin/info/t_account_characters
2022-06-24T09:40:23.253+0800	controller/handler.go:24	[GoAdmin] [37;44m 200 [0m [37;104m GET   [0m /admin/info/t_game_servers
2022-06-24T10:53:21.800+0800	controller/handler.go:24	[GoAdmin] [37;44m 200 [0m [37;104m GET   [0m /admin/login
2022-06-24T10:53:23.546+0800	controller/handler.go:24	[GoAdmin] [37;44m 200 [0m [37;104m POST   [0m /admin/signin
2022-06-24T10:53:23.556+0800	controller/handler.go:24	[GoAdmin] [37;44m 200 [0m [37;104m GET   [0m /admin/login
2022-06-24T10:53:24.347+0800	controller/handler.go:24	[GoAdmin] [37;44m 200 [0m [37;104m POST   [0m /admin/signin
2022-06-24T10:53:24.409+0800	controller/handler.go:24	[GoAdmin] [37;44m 200 [0m [37;104m GET   [0m /admin/info/t_account_characters
2022-06-24T10:53:29.462+0800	controller/handler.go:24	[GoAdmin] [37;44m 200 [0m [37;104m GET   [0m /admin/info/t_game_servers
2022-06-24T10:53:45.974+0800	controller/handler.go:24	[GoAdmin] [37;44m 200 [0m [37;104m POST   [0m /admin/operation/_admin_ClearDB
2022-06-24T10:54:25.884+0800	controller/handler.go:24	[GoAdmin] [37;44m 200 [0m [37;104m GET   [0m /admin/info/t_game_servers
2022-06-24T10:54:30.962+0800	controller/handler.go:24	[GoAdmin] [37;44m 200 [0m [37;104m POST   [0m /admin/operation/_admin_ClearDB
2022-06-24T10:54:43.985+0800	controller/handler.go:24	[GoAdmin] [37;44m 200 [0m [37;104m GET   [0m /admin/info/t_game_servers
2022-06-24T10:58:08.599+0800	controller/handler.go:24	[GoAdmin] [37;44m 200 [0m [37;104m GET   [0m /admin/info/t_game_servers
2022-06-24T10:58:33.399+0800	controller/handler.go:24	[GoAdmin] [37;44m 400 [0m [37;104m POST   [0m /admin/operation/_admin_ClearDB
2022-06-24T10:58:33.456+0800	controller/handler.go:24	[GoAdmin] [37;44m 200 [0m [37;104m GET   [0m /admin/assets/dist/css/fonts/6xKydSBYKcSV-LCoeQqfX1RYOo3i54rwlxdr.ttf
2022-06-24T10:58:33.611+0800	controller/handler.go:24	[GoAdmin] [37;44m 200 [0m [37;104m GET   [0m /admin/info/t_game_servers
2022-06-24T10:59:14.561+0800	controller/handler.go:24	[GoAdmin] [37;44m 400 [0m [37;104m POST   [0m /admin/operation/_admin_ClearDB
2022-06-24T10:59:15.361+0800	controller/handler.go:24	[GoAdmin] [37;44m 400 [0m [37;104m POST   [0m /admin/operation/_admin_CloseServer
2022-06-24T10:59:17.576+0800	controller/handler.go:24	[GoAdmin] [37;44m 400 [0m [37;104m POST   [0m /admin/operation/_admin_ClearDB
2022-06-24T10:59:18.575+0800	controller/handler.go:24	[GoAdmin] [37;44m 200 [0m [37;104m GET   [0m /admin/info/t_game_servers
2022-06-24T10:59:37.616+0800	controller/handler.go:24	[GoAdmin] [37;44m 400 [0m [37;104m POST   [0m /admin/operation/_admin_ClearDB
2022-06-24T10:59:42.269+0800	controller/handler.go:24	[GoAdmin] [37;44m 200 [0m [37;104m GET   [0m /admin/info/t_game_servers
2022-06-24T11:01:13.771+0800	controller/handler.go:24	[GoAdmin] [37;44m 400 [0m [37;104m POST   [0m /admin/operation/_admin_ClearDB
2022-06-24T11:01:15.389+0800	controller/handler.go:24	[GoAdmin] [37;44m 200 [0m [37;104m GET   [0m /admin/info/t_game_servers
2022-06-24T11:19:05.316+0800	controller/handler.go:24	[GoAdmin] [37;44m 200 [0m [37;104m GET   [0m /admin/info/RankList
2022-06-24T11:19:11.508+0800	controller/handler.go:24	[GoAdmin] [37;44m 200 [0m [37;104m GET   [0m /admin/info/RankList
2022-06-24T11:19:11.996+0800	controller/handler.go:24	[GoAdmin] [37;44m 200 [0m [37;104m GET   [0m /admin/login
2022-06-24T11:19:17.156+0800	controller/handler.go:24	[GoAdmin] [37;44m 200 [0m [37;104m POST   [0m /admin/signin
2022-06-24T11:19:18.139+0800	controller/handler.go:24	[GoAdmin] [37;44m 200 [0m [37;104m GET   [0m /admin/info/t_game_servers
2022-06-24T11:19:18.716+0800	controller/handler.go:24	[GoAdmin] [37;44m 200 [0m [37;104m POST   [0m /admin/signin
2022-06-24T11:19:29.198+0800	controller/handler.go:24	[GoAdmin] [37;44m 200 [0m [37;104m GET   [0m /admin/info/RankList
2022-06-24T11:20:27.641+0800	controller/handler.go:24	[GoAdmin] [37;44m 200 [0m [37;104m GET   [0m /admin/info/RankList
2022-06-24T11:20:30.288+0800	controller/handler.go:24	[GoAdmin] [37;44m 200 [0m [37;104m GET   [0m /admin/info/RankList
2022-06-24T11:20:30.804+0800	controller/handler.go:24	[GoAdmin] [37;44m 200 [0m [37;104m GET   [0m /admin/info/RankList
2022-06-24T11:20:30.969+0800	controller/handler.go:24	[GoAdmin] [37;44m 200 [0m [37;104m GET   [0m /admin/info/RankList
2022-06-24T11:20:31.329+0800	controller/handler.go:24	[GoAdmin] [37;44m 200 [0m [37;104m GET   [0m /admin/info/RankList
2022-06-24T11:20:31.336+0800	controller/handler.go:24	[GoAdmin] [37;44m 200 [0m [37;104m GET   [0m /admin/info/RankList
2022-06-24T11:21:14.813+0800	controller/handler.go:24	[GoAdmin] [37;44m 200 [0m [37;104m GET   [0m /admin/info/RankList
2022-06-24T11:21:38.943+0800	controller/handler.go:24	[GoAdmin] [37;44m 200 [0m [37;104m GET   [0m /admin/info/RankList
2022-06-24T11:22:13.783+0800	controller/handler.go:24	[GoAdmin] [37;44m 200 [0m [37;104m GET   [0m /admin/info/t_game_servers
2022-06-24T11:32:18.312+0800	controller/handler.go:24	[GoAdmin] [37;44m 200 [0m [37;104m GET   [0m /admin/login
2022-06-24T11:32:24.114+0800	controller/handler.go:24	[GoAdmin] [37;44m 200 [0m [37;104m POST   [0m /admin/signin
2022-06-24T11:32:24.166+0800	controller/handler.go:24	[GoAdmin] [37;44m 200 [0m [37;104m GET   [0m /admin/info/t_game_servers
2022-06-24T11:36:10.946+0800	controller/handler.go:24	[GoAdmin] [37;44m 400 [0m [37;104m POST   [0m /admin/operation/_admin_ClearDB
2022-06-24T11:36:12.956+0800	controller/handler.go:24	[GoAdmin] [37;44m 200 [0m [37;104m GET   [0m /admin/info/t_game_servers
2022-06-24T11:36:26.679+0800	controller/handler.go:24	[GoAdmin] [37;44m 200 [0m [37;104m POST   [0m /admin/operation/_admin_ClearDB
2022-06-24T11:37:16.846+0800	controller/handler.go:24	[GoAdmin] [37;44m 200 [0m [37;104m GET   [0m /admin/info/t_game_servers
2022-06-24T11:37:29.073+0800	controller/handler.go:24	[GoAdmin] [37;44m 200 [0m [37;104m GET   [0m /admin/info/t_game_servers
2022-06-24T11:38:05.058+0800	controller/handler.go:24	[GoAdmin] [37;44m 200 [0m [37;104m GET   [0m /admin/info/t_game_servers
2022-06-24T11:39:11.299+0800	controller/handler.go:24	[GoAdmin] [37;44m 200 [0m [37;104m GET   [0m /admin/info/t_game_servers
2022-06-24T11:48:01.189+0800	controller/handler.go:24	[GoAdmin] [37;44m 200 [0m [37;104m GET   [0m /admin/login
2022-06-24T11:48:03.032+0800	controller/handler.go:24	[GoAdmin] [37;44m 200 [0m [37;104m POST   [0m /admin/signin
2022-06-24T11:48:03.040+0800	controller/handler.go:24	[GoAdmin] [37;44m 200 [0m [37;104m GET   [0m /admin/login
2022-06-24T11:48:03.869+0800	controller/handler.go:24	[GoAdmin] [37;44m 200 [0m [37;104m POST   [0m /admin/signin
2022-06-24T11:48:03.924+0800	controller/handler.go:24	[GoAdmin] [37;44m 200 [0m [37;104m GET   [0m /admin/info/t_game_servers
2022-06-27T16:51:09.307+0800	controller/handler.go:24	[GoAdmin] [37;44m 200 [0m [37;104m GET   [0m /admin/login
2022-06-27T16:51:09.462+0800	controller/handler.go:24	[GoAdmin] [37;44m 200 [0m [37;104m GET   [0m /admin/assets/login/dist/all.min.js
2022-06-27T16:51:09.462+0800	controller/handler.go:24	[GoAdmin] [37;44m 200 [0m [37;104m GET   [0m /admin/assets/login/dist/all.min.css
2022-06-27T16:51:11.151+0800	controller/handler.go:24	[GoAdmin] [37;44m 200 [0m [37;104m POST   [0m /admin/signin
2022-06-27T16:51:11.161+0800	controller/handler.go:24	[GoAdmin] [37;44m 200 [0m [37;104m GET   [0m /admin/login
2022-06-27T16:51:11.752+0800	controller/handler.go:24	[GoAdmin] [37;44m 200 [0m [37;104m POST   [0m /admin/signin
2022-06-27T16:51:11.809+0800	controller/handler.go:24	[GoAdmin] [37;44m 200 [0m [37;104m GET   [0m /admin/info/t_game_servers
2022-06-27T16:51:11.846+0800	controller/handler.go:24	[GoAdmin] [37;44m 200 [0m [37;104m GET   [0m /admin/assets/dist/css/all.min.7bcc29700e.css
2022-06-27T16:51:11.854+0800	controller/handler.go:24	[GoAdmin] [37;44m 200 [0m [37;104m GET   [0m /admin/assets/dist/js/all.min.8425540791.js
2022-06-27T16:51:11.857+0800	controller/handler.go:24	[GoAdmin] [37;44m 200 [0m [37;104m GET   [0m /admin/assets/dist/js/datatable.min.581cdc109b.js
2022-06-27T16:51:11.864+0800	controller/handler.go:24	[GoAdmin] [37;44m 200 [0m [37;104m GET   [0m /admin/assets/dist/js/treeview.min.7780d3bb0f.js
2022-06-27T16:51:11.865+0800	controller/handler.go:24	[GoAdmin] [37;44m 200 [0m [37;104m GET   [0m /admin/assets/dist/js/tree.min.e1faf8b7de.js
2022-06-27T16:51:11.889+0800	controller/handler.go:24	[GoAdmin] [37;44m 200 [0m [37;104m GET   [0m /admin/assets/dist/img/avatar04.png
2022-06-27T16:51:11.892+0800	controller/handler.go:24	[GoAdmin] [37;44m 200 [0m [37;104m GET   [0m /admin/assets/chart.min.js
2022-06-27T16:51:11.914+0800	controller/handler.go:24	[GoAdmin] [37;44m 200 [0m [37;104m GET   [0m /admin/assets/dist/js/all_2.min.38a2a946b0.js
2022-06-27T16:51:11.917+0800	controller/handler.go:24	[GoAdmin] [37;44m 200 [0m [37;104m GET   [0m /admin/assets/dist/fonts/fontawesome-webfont.woff2
2022-06-27T16:51:11.917+0800	controller/handler.go:24	[GoAdmin] [37;44m 200 [0m [37;104m GET   [0m /admin/assets/dist/js/form.min.f8678914e9.js
2022-06-27T16:51:11.918+0800	controller/handler.go:24	[GoAdmin] [37;44m 200 [0m [37;104m GET   [0m /admin/assets/dist/css/fonts/6xK3dSBYKcSV-LCoeQqfX1RYOo3qOK7g.ttf
2022-06-27T16:51:12.013+0800	controller/handler.go:24	[GoAdmin] [37;44m 200 [0m [37;104m GET   [0m /admin/assets/dist/css/fonts/6xKydSBYKcSV-LCoeQqfX1RYOo3ig4vwlxdr.ttf
2022-06-27T16:51:12.033+0800	controller/handler.go:24	[GoAdmin] [37;44m 200 [0m [37;104m GET   [0m /admin/assets/dist/css/fonts/6xKydSBYKcSV-LCoeQqfX1RYOo3ik4zwlxdr.ttf
2022-06-27T16:51:12.040+0800	controller/handler.go:24	[GoAdmin] [37;44m 200 [0m [37;104m GET   [0m /admin/assets/dist/css/blue.png
2022-06-27T16:51:13.825+0800	controller/handler.go:24	[GoAdmin] [37;44m 200 [0m [37;104m GET   [0m /admin/info/Retained4Account
2022-06-27T16:51:22.386+0800	controller/handler.go:24	[GoAdmin] [37;44m 200 [0m [37;104m GET   [0m /admin/assets/dist/fonts/glyphicons-halflings-regular.woff2
2022-06-27T16:51:29.460+0800	controller/handler.go:24	[GoAdmin] [37;44m 200 [0m [37;104m GET   [0m /admin/info/Retained4Account
2022-06-27T16:51:32.245+0800	controller/handler.go:24	[GoAdmin] [37;44m 200 [0m [37;104m GET   [0m /admin/info/Retained4Account
2022-06-27T16:52:14.046+0800	controller/handler.go:24	[GoAdmin] [37;44m 200 [0m [37;104m GET   [0m /admin/info/Retained4Account
2022-06-27T16:52:15.523+0800	controller/handler.go:24	[GoAdmin] [37;44m 200 [0m [37;104m GET   [0m /admin/info/Retained4Account
2022-06-27T16:52:18.105+0800	controller/handler.go:24	[GoAdmin] [37;44m 200 [0m [37;104m GET   [0m /admin/info/Retained4Account
2022-06-27T16:52:31.625+0800	controller/handler.go:24	[GoAdmin] [37;44m 200 [0m [37;104m GET   [0m /admin/info/Retained4ip
2022-06-27T16:52:31.719+0800	controller/handler.go:24	[GoAdmin] [37;44m 200 [0m [37;104m GET   [0m /admin/assets/dist/css/fonts/6xKydSBYKcSV-LCoeQqfX1RYOo3i54rwlxdr.ttf
2022-06-27T16:52:35.174+0800	controller/handler.go:24	[GoAdmin] [37;44m 200 [0m [37;104m GET   [0m /admin/info/Retained4IP
2022-06-27T16:52:42.967+0800	controller/handler.go:24	[GoAdmin] [37;44m 200 [0m [37;104m GET   [0m /admin/info/Retained4IP
2022-06-27T16:52:44.126+0800	controller/handler.go:24	[GoAdmin] [37;44m 200 [0m [37;104m GET   [0m /admin/info/Retained4IP
2022-06-27T16:52:47.873+0800	controller/handler.go:24	[GoAdmin] [37;44m 200 [0m [37;104m GET   [0m /admin/info/Retained4IP
2022-06-27T16:52:48.741+0800	controller/handler.go:24	[GoAdmin] [37;44m 200 [0m [37;104m GET   [0m /admin/info/Retained4IP
2022-06-27T16:52:52.561+0800	controller/handler.go:24	[GoAdmin] [37;44m 200 [0m [37;104m GET   [0m /admin/info/Retained4IP
2022-06-27T16:52:54.063+0800	controller/handler.go:24	[GoAdmin] [37;44m 200 [0m [37;104m GET   [0m /admin/info/Retained4IP
2022-06-27T16:56:05.177+0800	controller/handler.go:24	[GoAdmin] [37;44m 200 [0m [37;104m GET   [0m /admin/info/Retained4IP
2022-06-27T16:56:06.164+0800	controller/handler.go:24	[GoAdmin] [37;44m 200 [0m [37;104m GET   [0m /admin/info/Retained4IP
2022-06-27T16:56:07.045+0800	controller/handler.go:24	[GoAdmin] [37;44m 200 [0m [37;104m GET   [0m /admin/info/Retained4Account
2022-06-27T16:58:45.573+0800	controller/handler.go:24	[GoAdmin] [37;44m 200 [0m [37;104m GET   [0m /admin/info/Retained4Account
2022-06-27T16:59:43.566+0800	controller/handler.go:24	[GoAdmin] [37;44m 200 [0m [37;104m GET   [0m /admin/info/Retained4Account
2022-06-27T17:00:09.551+0800	controller/handler.go:24	[GoAdmin] [37;44m 200 [0m [37;104m GET   [0m /admin/info/Retained4Account
2022-06-27T17:18:25.302+0800	controller/handler.go:24	[GoAdmin] [37;44m 200 [0m [37;104m GET   [0m /admin/info/Retained4Account
2022-06-27T17:18:29.444+0800	controller/handler.go:24	[GoAdmin] [37;44m 200 [0m [37;104m GET   [0m /admin/info/TDataDetail
2022-06-27T17:20:44.633+0800	controller/handler.go:24	[GoAdmin] [37;44m 200 [0m [37;104m GET   [0m /admin/info/TDataDetail
2022-06-27T17:21:35.165+0800	controller/handler.go:24	[GoAdmin] [37;44m 200 [0m [37;104m GET   [0m /admin/info/TDataDetail
2022-06-27T17:24:44.618+0800	controller/handler.go:24	[GoAdmin] [37;44m 200 [0m [37;104m GET   [0m /admin/info/TDataDetail
2022-06-27T17:26:00.197+0800	controller/handler.go:24	[GoAdmin] [37;44m 200 [0m [37;104m GET   [0m /admin/info/TDataDetail
2022-06-27T17:26:23.258+0800	controller/handler.go:24	[GoAdmin] [37;44m 200 [0m [37;104m GET   [0m /admin/info/TDataDetail
2022-06-27T17:27:26.071+0800	controller/handler.go:24	[GoAdmin] [37;44m 200 [0m [37;104m GET   [0m /admin/info/TDataDetail
2022-06-27T17:29:07.392+0800	controller/handler.go:24	[GoAdmin] [37;44m 200 [0m [37;104m GET   [0m /admin/info/TDataDetail
2022-06-27T17:29:19.166+0800	controller/handler.go:24	[GoAdmin] [37;44m 200 [0m [37;104m GET   [0m /admin/info/TDataDetail
2022-06-27T17:35:03.370+0800	controller/handler.go:24	[GoAdmin] [37;44m 200 [0m [37;104m GET   [0m /admin/info/TDataDetail
2022-06-27T17:36:18.793+0800	controller/handler.go:24	[GoAdmin] [37;44m 200 [0m [37;104m GET   [0m /admin/info/TDataDetail
2022-06-27T19:28:15.549+0800	controller/handler.go:24	[GoAdmin] [37;44m 302 [0m [37;104m GET   [0m /admin/info/TDataDetail
2022-06-27T19:28:15.553+0800	controller/handler.go:24	[GoAdmin] [37;44m 200 [0m [37;104m GET   [0m /admin/login
2022-06-28T16:38:25.631+0800	controller/handler.go:24	[GoAdmin] [37;44m 200 [0m [37;104m POST   [0m /admin/signin
2022-06-28T16:38:25.698+0800	controller/handler.go:24	[GoAdmin] [37;44m 200 [0m [37;104m GET   [0m /admin/info/TDataDetail
2022-06-28T16:38:46.032+0800	controller/handler.go:24	[GoAdmin] [37;44m 200 [0m [37;104m GET   [0m /admin/info/roles
2022-06-28T16:38:47.457+0800	controller/handler.go:24	[GoAdmin] [37;44m 200 [0m [37;104m GET   [0m /admin/info/manager
2022-06-28T16:38:50.678+0800	controller/handler.go:24	[GoAdmin] [37;44m 200 [0m [37;104m GET   [0m /admin/info/manager/edit
2022-06-28T16:40:15.674+0800	controller/handler.go:24	[GoAdmin] [37;44m 200 [0m [37;104m GET   [0m /admin/assets/dist/img/loading.gif
2022-06-28T16:40:24.246+0800	controller/handler.go:24	[GoAdmin] [37;44m 200 [0m [37;104m POST   [0m /admin/edit/manager
2022-06-28T16:40:27.956+0800	controller/handler.go:24	[GoAdmin] [37;44m 302 [0m [37;104m GET   [0m /admin/logout
2022-06-28T16:40:27.962+0800	controller/handler.go:24	[GoAdmin] [37;44m 200 [0m [37;104m GET   [0m /admin/login
2022-06-28T16:40:33.442+0800	controller/handler.go:24	[GoAdmin] [37;44m 200 [0m [37;104m POST   [0m /admin/signin
2022-06-28T16:41:13.221+0800	controller/handler.go:24	[GoAdmin] [37;44m 200 [0m [37;104m GET   [0m /admin/info/roles
2022-06-28T16:41:13.912+0800	controller/handler.go:24	[GoAdmin] [37;44m 200 [0m [37;104m GET   [0m /admin/info/manager
2022-06-28T16:41:15.333+0800	controller/handler.go:24	[GoAdmin] [37;44m 200 [0m [37;104m GET   [0m /admin/info/manager/edit
2022-06-28T16:41:25.487+0800	controller/handler.go:24	[GoAdmin] [37;44m 200 [0m [37;104m POST   [0m /admin/edit/manager
2022-06-28T16:41:27.217+0800	controller/handler.go:24	[GoAdmin] [37;44m 200 [0m [37;104m GET   [0m /admin/info/manager
2022-06-28T16:41:29.287+0800	controller/handler.go:24	[GoAdmin] [37;44m 200 [0m [37;104m GET   [0m /admin/info/manager/edit
2022-06-28T16:41:40.270+0800	controller/handler.go:24	[GoAdmin] [37;44m 200 [0m [37;104m POST   [0m /admin/edit/manager
2022-06-28T16:41:40.926+0800	controller/handler.go:24	[GoAdmin] [37;44m 200 [0m [37;104m GET   [0m /admin/info/manager
2022-06-28T17:02:36.462+0800	controller/handler.go:24	[GoAdmin] [37;44m 200 [0m [37;104m GET   [0m /admin/info/manager
2022-06-28T17:02:37.870+0800	controller/handler.go:24	[GoAdmin] [37;44m 200 [0m [37;104m GET   [0m /admin/info/manager/edit
2022-06-28T17:03:29.117+0800	controller/handler.go:24	[GoAdmin] [37;44m 200 [0m [37;104m POST   [0m /admin/edit/manager
2022-06-28T17:03:44.121+0800	controller/handler.go:24	[GoAdmin] [37;44m 200 [0m [37;104m GET   [0m /admin/info/manager/edit
2022-06-28T17:04:34.400+0800	controller/handler.go:24	[GoAdmin] [37;44m 200 [0m [37;104m POST   [0m /admin/edit/manager
2022-06-28T17:05:25.533+0800	controller/handler.go:24	[GoAdmin] [37;44m 200 [0m [37;104m GET   [0m /admin/info/t_account_characters
2022-06-28T17:08:32.931+0800	controller/handler.go:24	[GoAdmin] [37;44m 200 [0m [37;104m GET   [0m /admin/info/posts
2022-06-28T17:08:38.014+0800	controller/handler.go:24	[GoAdmin] [37;44m 302 [0m [37;104m GET   [0m /admin/logout
2022-06-28T17:08:38.018+0800	controller/handler.go:24	[GoAdmin] [37;44m 200 [0m [37;104m GET   [0m /admin/login
2022-06-28T17:08:39.827+0800	controller/handler.go:24	[GoAdmin] [37;44m 200 [0m [37;104m POST   [0m /admin/signin
2022-06-28T17:08:46.898+0800	controller/handler.go:24	[GoAdmin] [37;44m 200 [0m [37;104m GET   [0m /admin/info/posts
2022-06-28T17:09:07.305+0800	controller/handler.go:24	[GoAdmin] [37;44m 200 [0m [37;104m GET   [0m /admin/info/manager
2022-06-28T17:18:18.746+0800	controller/handler.go:24	[GoAdmin] [37;44m 200 [0m [37;104m GET   [0m /admin/info/manager/edit
2022-06-28T17:18:20.911+0800	controller/handler.go:24	[GoAdmin] [37;44m 200 [0m [37;104m GET   [0m /admin/info/manager/edit
2022-06-28T17:18:26.406+0800	controller/handler.go:24	[GoAdmin] [37;44m 200 [0m [37;104m POST   [0m /admin/edit/manager
2022-06-28T17:37:51.736+0800	controller/handler.go:24	[GoAdmin] [37;44m 302 [0m [37;104m GET   [0m /admin/info/UpLoadPage
2022-06-28T17:37:51.740+0800	controller/handler.go:24	[GoAdmin] [37;44m 200 [0m [37;104m GET   [0m /admin/login
2022-06-28T17:37:53.539+0800	controller/handler.go:24	[GoAdmin] [37;44m 200 [0m [37;104m POST   [0m /admin/signin
2022-06-28T17:38:00.904+0800	controller/handler.go:24	[GoAdmin] [37;44m 200 [0m [37;104m GET   [0m /admin/info/UpLoadPage
2022-06-28T17:38:39.967+0800	controller/handler.go:24	[GoAdmin] [37;44m 200 [0m [37;104m GET   [0m /admin/menu
2022-06-28T17:38:46.098+0800	controller/handler.go:24	[GoAdmin] [37;44m 200 [0m [37;104m GET   [0m /admin/menu/edit/show
2022-06-28T17:38:50.729+0800	controller/handler.go:24	[GoAdmin] [37;44m 200 [0m [37;104m GET   [0m /admin/info/complaint_management/new
2022-06-28T17:38:54.532+0800	controller/handler.go:24	[GoAdmin] [37;44m 200 [0m [37;104m GET   [0m /admin/menu
2022-06-28T17:39:09.402+0800	controller/handler.go:24	[GoAdmin] [37;44m 200 [0m [37;104m GET   [0m /admin/info/UpLoadPage/new
2022-06-28T17:40:04.976+0800	controller/handler.go:24	[GoAdmin] [37;44m 200 [0m [37;104m GET   [0m /admin/info/UpLoadPage/new
2022-06-28T17:40:14.332+0800	controller/handler.go:24	[GoAdmin] [37;44m 200 [0m [37;104m POST   [0m /admin/new/UpLoadPage
2022-06-28T17:40:30.854+0800	controller/handler.go:24	[GoAdmin] [37;44m 200 [0m [37;104m GET   [0m /admin/info/UpLoadPage/new
2022-06-28T17:40:34.952+0800	controller/handler.go:24	[GoAdmin] [37;44m 200 [0m [37;104m POST   [0m /admin/new/UpLoadPage
2022-06-28T17:44:39.280+0800	controller/handler.go:24	[GoAdmin] [37;44m 200 [0m [37;104m GET   [0m /admin/info/UpLoadPage/new
2022-06-28T17:45:04.569+0800	controller/handler.go:24	[GoAdmin] [37;44m 200 [0m [37;104m POST   [0m /admin/new/UpLoadPage
2022-06-28T17:47:11.861+0800	controller/handler.go:24	[GoAdmin] [37;44m 200 [0m [37;104m GET   [0m /admin/info/UpLoadPage/edit
2022-06-28T17:50:02.985+0800	controller/handler.go:24	[GoAdmin] [37;44m 200 [0m [37;104m GET   [0m /admin/info/UpLoadPage/edit
2022-06-28T17:50:26.151+0800	controller/handler.go:24	[GoAdmin] [37;44m 200 [0m [37;104m POST   [0m /admin/edit/UpLoadPage
2022-06-28T17:51:00.802+0800	controller/handler.go:24	[GoAdmin] [37;44m 200 [0m [37;104m POST   [0m /admin/edit/UpLoadPage
2022-06-28T17:52:22.591+0800	controller/handler.go:24	[GoAdmin] [37;44m 200 [0m [37;104m GET   [0m /admin/info/UpLoadPage/edit
2022-06-28T17:52:31.615+0800	controller/handler.go:24	[GoAdmin] [37;44m 200 [0m [37;104m POST   [0m /admin/edit/UpLoadPage
2022-06-28T17:53:18.521+0800	controller/handler.go:24	[GoAdmin] [37;44m 200 [0m [37;104m POST   [0m /admin/edit/UpLoadPage
2022-06-28T17:54:41.193+0800	controller/handler.go:24	[GoAdmin] [37;44m 200 [0m [37;104m GET   [0m /admin/info/UpLoadPage/edit
2022-06-28T17:55:10.225+0800	controller/handler.go:24	[GoAdmin] [37;44m 200 [0m [37;104m POST   [0m /admin/edit/UpLoadPage
2022-06-28T17:55:12.787+0800	controller/handler.go:24	[GoAdmin] [37;44m 200 [0m [37;104m GET   [0m /admin/info/UpLoadPage/edit
2022-06-28T17:55:13.552+0800	controller/handler.go:24	[GoAdmin] [37;44m 200 [0m [37;104m GET   [0m /admin/info/UpLoadPage/edit
2022-06-28T17:56:13.042+0800	controller/handler.go:24	[GoAdmin] [37;44m 200 [0m [37;104m POST   [0m /admin/edit/UpLoadPage
2022-06-28T17:56:17.300+0800	controller/handler.go:24	[GoAdmin] [37;44m 200 [0m [37;104m GET   [0m /admin/info/UpLoadPage/edit
2022-06-28T17:56:25.016+0800	controller/handler.go:24	[GoAdmin] [37;44m 200 [0m [37;104m POST   [0m /admin/edit/UpLoadPage
2022-06-28T17:59:16.571+0800	controller/handler.go:24	[GoAdmin] [37;44m 200 [0m [37;104m POST   [0m /admin/edit/UpLoadPage
2022-06-28T17:59:20.945+0800	controller/handler.go:24	[GoAdmin] [37;44m 200 [0m [37;104m GET   [0m /admin/info/UpLoadPage/edit
2022-06-28T17:59:21.796+0800	controller/handler.go:24	[GoAdmin] [37;44m 200 [0m [37;104m GET   [0m /admin/info/UpLoadPage/edit
2022-06-28T17:59:44.464+0800	controller/handler.go:24	[GoAdmin] [37;44m 200 [0m [37;104m POST   [0m /admin/edit/UpLoadPage
2022-06-28T17:59:52.592+0800	controller/handler.go:24	[GoAdmin] [37;44m 200 [0m [37;104m POST   [0m /admin/edit/UpLoadPage
2022-06-28T18:00:06.856+0800	controller/handler.go:24	[GoAdmin] [37;44m 200 [0m [37;104m POST   [0m /admin/edit/UpLoadPage
2022-06-28T18:07:20.689+0800	controller/handler.go:24	[GoAdmin] [37;44m 200 [0m [37;104m GET   [0m /admin/info/Retained4Account
2022-06-28T18:07:23.573+0800	controller/handler.go:24	[GoAdmin] [37;44m 200 [0m [37;104m GET   [0m /admin/info/manager
2022-06-28T18:07:25.705+0800	controller/handler.go:24	[GoAdmin] [37;44m 200 [0m [37;104m GET   [0m /admin/info/manager/edit
2022-06-28T18:09:37.905+0800	controller/handler.go:24	[GoAdmin] [37;44m 200 [0m [37;104m GET   [0m /admin/info/manager
2022-06-28T18:09:39.656+0800	controller/handler.go:24	[GoAdmin] [37;44m 200 [0m [37;104m GET   [0m /admin/info/Retained4Account
2022-06-28T18:09:40.607+0800	controller/handler.go:24	[GoAdmin] [37;44m 200 [0m [37;104m GET   [0m /admin/info/UpLoadPage/edit
2022-06-28T18:09:45.458+0800	controller/handler.go:24	[GoAdmin] [37;44m 200 [0m [37;104m GET   [0m /admin/info/UpLoadPage
2022-06-28T18:10:07.250+0800	controller/handler.go:24	[GoAdmin] [37;44m 200 [0m [37;104m GET   [0m /admin/info/UpLoadPage
2022-06-28T18:10:38.473+0800	controller/handler.go:24	[GoAdmin] [37;44m 200 [0m [37;104m GET   [0m /admin/info/UpLoadPage
2022-06-28T18:10:54.539+0800	controller/handler.go:24	[GoAdmin] [37;44m 200 [0m [37;104m GET   [0m /admin/info/UpLoadPage
2022-06-28T18:11:27.010+0800	controller/handler.go:24	[GoAdmin] [37;44m 200 [0m [37;104m GET   [0m /admin/info/UpLoadPage
2022-06-28T18:11:41.508+0800	controller/handler.go:24	[GoAdmin] [37;44m 200 [0m [37;104m GET   [0m /admin/info/UpLoadPage
2022-06-28T18:11:54.352+0800	controller/handler.go:24	[GoAdmin] [37;44m 200 [0m [37;104m GET   [0m /admin/info/UpLoadPage/edit
2022-06-28T18:12:53.109+0800	controller/handler.go:24	[GoAdmin] [37;44m 200 [0m [37;104m GET   [0m /admin/info/UpLoadPage/edit
2022-06-28T18:12:57.791+0800	controller/handler.go:24	[GoAdmin] [37;44m 200 [0m [37;104m GET   [0m /admin/info/UpLoadPage
2022-06-28T18:13:00.472+0800	controller/handler.go:24	[GoAdmin] [37;44m 200 [0m [37;104m GET   [0m /admin/info/UpLoadPage/edit
2022-06-28T18:13:13.799+0800	controller/handler.go:24	[GoAdmin] [37;44m 200 [0m [37;104m GET   [0m /admin/info/UpLoadPage/edit
2022-06-28T18:22:21.656+0800	controller/handler.go:24	[GoAdmin] [37;44m 200 [0m [37;104m GET   [0m /admin/menu
2022-06-28T18:25:55.424+0800	controller/handler.go:24	[GoAdmin] [37;44m 200 [0m [37;104m GET   [0m /admin/info/UpLoadPage/edit
2022-06-28T18:26:00.673+0800	controller/handler.go:24	[GoAdmin] [37;44m 200 [0m [37;104m GET   [0m /admin/menu
2022-06-28T18:26:15.364+0800	controller/handler.go:24	[GoAdmin] [37;44m 200 [0m [37;104m POST   [0m /admin/menu/new
2022-06-28T18:26:16.523+0800	controller/handler.go:24	[GoAdmin] [37;44m 200 [0m [37;104m GET   [0m /admin/menu
2022-06-28T18:26:17.350+0800	controller/handler.go:24	[GoAdmin] [37;44m 200 [0m [37;104m GET   [0m /admin/info/UpLoadPage/edit
2022-06-28T19:53:47.190+0800	controller/handler.go:24	[GoAdmin] [37;44m 302 [0m [37;104m GET   [0m /admin/info/UpLoadPage/edit
2022-06-28T19:53:47.228+0800	controller/handler.go:24	[GoAdmin] [37;44m 200 [0m [37;104m GET   [0m /admin/login
2022-06-28T19:53:48.245+0800	controller/handler.go:24	[GoAdmin] [37;44m 200 [0m [37;104m POST   [0m /admin/signin
2022-06-28T19:53:50.661+0800	controller/handler.go:24	[GoAdmin] [37;44m 200 [0m [37;104m GET   [0m /admin/info/UpLoadPage/edit
2022-06-28T19:54:29.445+0800	controller/handler.go:24	[GoAdmin] [37;44m 200 [0m [37;104m POST   [0m /admin/edit/UpLoadPage
2022-06-28T19:54:32.497+0800	controller/handler.go:24	[GoAdmin] [37;44m 200 [0m [37;104m GET   [0m /admin/info/UpLoadPage/edit
2022-06-28T19:54:33.214+0800	controller/handler.go:24	[GoAdmin] [37;44m 200 [0m [37;104m GET   [0m /admin/info/UpLoadPage/edit
2022-06-28T19:55:15.066+0800	controller/handler.go:24	[GoAdmin] [37;44m 200 [0m [37;104m GET   [0m /admin/info/UpLoadPage/edit
2022-06-28T19:55:15.808+0800	controller/handler.go:24	[GoAdmin] [37;44m 200 [0m [37;104m GET   [0m /admin/info/UpLoadPage/edit
2022-06-28T19:57:36.638+0800	controller/handler.go:24	[GoAdmin] [37;44m 200 [0m [37;104m GET   [0m /admin/info/UpLoadPage/edit
2022-06-28T19:57:54.366+0800	controller/handler.go:24	[GoAdmin] [37;44m 200 [0m [37;104m POST   [0m /admin/edit/UpLoadPage
2022-06-28T19:57:54.424+0800	controller/handler.go:24	[GoAdmin] [37;44m 200 [0m [37;104m GET   [0m /admin/login
2022-06-28T20:00:34.843+0800	controller/handler.go:24	[GoAdmin] [37;44m 200 [0m [37;104m POST   [0m /admin/signin
2022-06-28T20:00:36.289+0800	controller/handler.go:24	[GoAdmin] [37;44m 200 [0m [37;104m GET   [0m /admin/info/UpLoadPage/edit
2022-06-28T20:00:56.052+0800	controller/handler.go:24	[GoAdmin] [37;44m 200 [0m [37;104m POST   [0m /admin/edit/UpLoadPage
2022-06-28T20:01:14.505+0800	controller/handler.go:24	[GoAdmin] [37;44m 200 [0m [37;104m GET   [0m /admin/info/generate/new
2022-06-28T20:01:16.749+0800	controller/handler.go:24	[GoAdmin] [37;44m 200 [0m [37;104m POST   [0m /admin/operation/_tool_choose_conn
2022-06-28T20:01:20.684+0800	controller/handler.go:24	[GoAdmin] [37;44m 200 [0m [37;104m POST   [0m /admin/operation/_tool_choose_table
2022-06-28T20:01:40.574+0800	controller/handler.go:24	[GoAdmin] [37;44m 200 [0m [37;104m POST   [0m /admin/new/generate
2022-06-28T20:05:02.855+0800	controller/handler.go:24	[GoAdmin] [37;44m 200 [0m [37;104m GET   [0m /admin/info/t_exp_cfg
2022-06-28T20:06:02.875+0800	controller/handler.go:24	[GoAdmin] [37;44m 200 [0m [37;104m GET   [0m /admin/info/t_exp_cfg
2022-06-28T20:06:28.230+0800	controller/handler.go:24	[GoAdmin] [37;44m 200 [0m [37;104m GET   [0m /admin/info/t_exp_cfg
2022-06-29T10:31:11.356+0800	controller/handler.go:24	[GoAdmin] [37;44m 302 [0m [37;104m GET   [0m /admin/info/t_exp_cfg
2022-06-29T10:31:11.443+0800	controller/handler.go:24	[GoAdmin] [37;44m 200 [0m [37;104m GET   [0m /admin/login
2022-06-29T10:31:12.757+0800	controller/handler.go:24	[GoAdmin] [37;44m 200 [0m [37;104m POST   [0m /admin/signin
2022-06-29T10:31:16.644+0800	controller/handler.go:24	[GoAdmin] [37;44m 200 [0m [37;104m GET   [0m /admin/info/generate/new
2022-06-29T10:31:18.937+0800	controller/handler.go:24	[GoAdmin] [37;44m 200 [0m [37;104m GET   [0m /admin/info/generate/new
2022-06-29T10:31:23.532+0800	controller/handler.go:24	[GoAdmin] [37;44m 200 [0m [37;104m GET   [0m /admin/menu
2022-06-29T10:31:41.597+0800	controller/handler.go:24	[GoAdmin] [37;44m 200 [0m [37;104m POST   [0m /admin/menu/new
2022-06-29T10:32:12.681+0800	controller/handler.go:24	[GoAdmin] [37;44m 200 [0m [37;104m POST   [0m /admin/menu/new
2022-06-29T10:32:14.763+0800	controller/handler.go:24	[GoAdmin] [37;44m 200 [0m [37;104m GET   [0m /admin/menu
2022-06-29T10:32:18.831+0800	controller/handler.go:24	[GoAdmin] [37;44m 200 [0m [37;104m GET   [0m /admin/menu
2022-06-29T10:32:24.714+0800	controller/handler.go:24	[GoAdmin] [37;44m 200 [0m [37;104m POST   [0m /admin/menu/order
2022-06-29T10:32:24.796+0800	controller/handler.go:24	[GoAdmin] [37;44m 200 [0m [37;104m GET   [0m /admin/menu
2022-06-29T10:32:25.466+0800	controller/handler.go:24	[GoAdmin] [37;44m 200 [0m [37;104m GET   [0m /admin/menu
2022-06-29T10:32:27.423+0800	controller/handler.go:24	[GoAdmin] [37;44m 200 [0m [37;104m GET   [0m /admin/info/t_exp_cfg
2022-06-29T10:32:28.522+0800	controller/handler.go:24	[GoAdmin] [37;44m 200 [0m [37;104m GET   [0m /admin/info/UpLoadPage/edit
2022-06-29T10:32:29.513+0800	controller/handler.go:24	[GoAdmin] [37;44m 200 [0m [37;104m GET   [0m /admin/info/t_exp_cfg
2022-06-29T10:32:30.479+0800	controller/handler.go:24	[GoAdmin] [37;44m 200 [0m [37;104m GET   [0m /admin/info/UpLoadPage/edit
2022-06-29T10:32:33.423+0800	controller/handler.go:24	[GoAdmin] [37;44m 200 [0m [37;104m GET   [0m /admin/info/t_exp_cfg
2022-06-29T10:47:02.717+0800	controller/handler.go:24	[GoAdmin] [37;44m 200 [0m [37;104m GET   [0m /admin/info/t_exp_cfg
2022-06-29T10:47:18.058+0800	controller/handler.go:24	[GoAdmin] [37;44m 200 [0m [37;104m GET   [0m /admin/info/t_exp_cfg
2022-06-29T10:47:34.641+0800	controller/handler.go:24	[GoAdmin] [37;44m 200 [0m [37;104m GET   [0m /admin/info/t_exp_cfg
2022-06-29T10:56:38.424+0800	controller/handler.go:24	[GoAdmin] [37;44m 200 [0m [37;104m GET   [0m /admin/info/t_exp_cfg
2022-06-29T10:56:40.057+0800	controller/handler.go:24	[GoAdmin] [37;44m 200 [0m [37;104m GET   [0m /admin/info/t_exp_cfg/edit
2022-06-29T11:08:11.164+0800	controller/handler.go:24	[GoAdmin] [37;44m 200 [0m [37;104m GET   [0m /admin/info/t_exp_cfg/edit
2022-06-29T11:08:14.095+0800	controller/handler.go:24	[GoAdmin] [37;44m 200 [0m [37;104m GET   [0m /admin/info/UpLoadPage/edit
2022-06-29T11:08:18.700+0800	controller/handler.go:24	[GoAdmin] [37;44m 200 [0m [37;104m POST   [0m /admin/edit/UpLoadPage
2022-06-29T11:08:18.763+0800	controller/handler.go:24	[GoAdmin] [37;44m 200 [0m [37;104m GET   [0m /admin/info/t_exp_cfg/edit
2022-06-29T11:08:24.792+0800	controller/handler.go:24	[GoAdmin] [37;44m 200 [0m [37;104m GET   [0m /admin/info/UpLoadPage/edit
2022-06-29T11:08:26.563+0800	controller/handler.go:24	[GoAdmin] [37;44m 200 [0m [37;104m GET   [0m /admin/info/t_exp_cfg
2022-06-29T11:08:27.749+0800	controller/handler.go:24	[GoAdmin] [37;44m 200 [0m [37;104m GET   [0m /admin/info/UpLoadPage/edit
2022-06-29T11:08:28.127+0800	controller/handler.go:24	[GoAdmin] [37;44m 200 [0m [37;104m GET   [0m /admin/info/UpLoadPage/edit
2022-06-29T11:08:29.166+0800	controller/handler.go:24	[GoAdmin] [37;44m 200 [0m [37;104m GET   [0m /admin/info/t_exp_cfg
2022-06-29T11:08:29.575+0800	controller/handler.go:24	[GoAdmin] [37;44m 200 [0m [37;104m GET   [0m /admin/info/t_exp_cfg
2022-06-29T11:08:31.794+0800	controller/handler.go:24	[GoAdmin] [37;44m 200 [0m [37;104m GET   [0m /admin/info/t_exp_cfg
2022-06-29T11:09:07.063+0800	controller/handler.go:24	[GoAdmin] [37;44m 200 [0m [37;104m GET   [0m /admin/info/UpLoadPage/edit
2022-06-29T11:09:11.711+0800	controller/handler.go:24	[GoAdmin] [37;44m 200 [0m [37;104m POST   [0m /admin/edit/UpLoadPage
2022-06-29T11:09:16.686+0800	controller/handler.go:24	[GoAdmin] [37;44m 200 [0m [37;104m GET   [0m /admin/info/t_exp_cfg
2022-06-29T11:10:44.714+0800	controller/handler.go:24	[GoAdmin] [37;44m 200 [0m [37;104m GET   [0m /admin/info/t_exp_cfg
2022-06-29T11:10:47.095+0800	controller/handler.go:24	[GoAdmin] [37;44m 200 [0m [37;104m GET   [0m /admin/info/UpLoadPage/edit
2022-06-29T11:10:51.127+0800	controller/handler.go:24	[GoAdmin] [37;44m 200 [0m [37;104m POST   [0m /admin/edit/UpLoadPage
2022-06-29T11:10:53.057+0800	controller/handler.go:24	[GoAdmin] [37;44m 200 [0m [37;104m GET   [0m /admin/info/t_exp_cfg
2022-06-29T11:11:07.983+0800	controller/handler.go:24	[GoAdmin] [37;44m 200 [0m [37;104m GET   [0m /admin/info/t_exp_cfg
2022-06-29T11:11:09.124+0800	controller/handler.go:24	[GoAdmin] [37;44m 200 [0m [37;104m GET   [0m /admin/info/t_exp_cfg
2022-06-29T11:11:22.852+0800	controller/handler.go:24	[GoAdmin] [37;44m 200 [0m [37;104m GET   [0m /admin/info/t_exp_cfg
2022-06-29T11:11:23.998+0800	controller/handler.go:24	[GoAdmin] [37;44m 200 [0m [37;104m GET   [0m /admin/info/t_exp_cfg
2022-06-29T11:12:17.172+0800	controller/handler.go:24	[GoAdmin] [37;44m 200 [0m [37;104m GET   [0m /admin/info/t_exp_cfg
2022-06-29T11:12:18.739+0800	controller/handler.go:24	[GoAdmin] [37;44m 200 [0m [37;104m GET   [0m /admin/info/t_exp_cfg
2022-06-29T11:12:20.590+0800	controller/handler.go:24	[GoAdmin] [37;44m 200 [0m [37;104m GET   [0m /admin/info/t_exp_cfg
2022-06-29T11:13:38.859+0800	controller/handler.go:24	[GoAdmin] [37;44m 200 [0m [37;104m GET   [0m /admin/info/UpLoadPage/edit
2022-06-29T11:13:44.442+0800	controller/handler.go:24	[GoAdmin] [37;44m 200 [0m [37;104m POST   [0m /admin/edit/UpLoadPage
2022-06-29T11:13:47.431+0800	controller/handler.go:24	[GoAdmin] [37;44m 200 [0m [37;104m GET   [0m /admin/info/t_exp_cfg
2022-06-29T11:13:49.282+0800	controller/handler.go:24	[GoAdmin] [37;44m 200 [0m [37;104m GET   [0m /admin/info/t_exp_cfg
2022-06-29T11:13:51.930+0800	controller/handler.go:24	[GoAdmin] [37;44m 200 [0m [37;104m GET   [0m /admin/info/UpLoadPage/edit
2022-06-29T11:13:55.550+0800	controller/handler.go:24	[GoAdmin] [37;44m 200 [0m [37;104m POST   [0m /admin/edit/UpLoadPage
2022-06-29T11:13:57.273+0800	controller/handler.go:24	[GoAdmin] [37;44m 200 [0m [37;104m GET   [0m /admin/info/t_exp_cfg
2022-06-29T11:14:00.785+0800	controller/handler.go:24	[GoAdmin] [37;44m 200 [0m [37;104m GET   [0m /admin/info/t_exp_cfg
2022-06-29T11:14:02.186+0800	controller/handler.go:24	[GoAdmin] [37;44m 200 [0m [37;104m GET   [0m /admin/info/t_exp_cfg
2022-06-29T11:15:08.895+0800	controller/handler.go:24	[GoAdmin] [37;44m 200 [0m [37;104m GET   [0m /admin/info/UpLoadPage/edit
2022-06-29T11:15:13.102+0800	controller/handler.go:24	[GoAdmin] [37;44m 200 [0m [37;104m POST   [0m /admin/edit/UpLoadPage
2022-06-29T11:15:35.541+0800	controller/handler.go:24	[GoAdmin] [37;44m 200 [0m [37;104m GET   [0m /admin/info/UpLoadPage
2022-06-29T11:15:35.970+0800	controller/handler.go:24	[GoAdmin] [37;44m 200 [0m [37;104m GET   [0m /admin/info/t_account_characters
2022-06-29T11:15:36.940+0800	controller/handler.go:24	[GoAdmin] [37;44m 200 [0m [37;104m GET   [0m /admin/info/UpLoadPage/edit
2022-06-29T11:15:40.340+0800	controller/handler.go:24	[GoAdmin] [37;44m 200 [0m [37;104m POST   [0m /admin/edit/UpLoadPage
2022-06-29T11:29:24.262+0800	controller/handler.go:24	[GoAdmin] [37;44m 200 [0m [37;104m GET   [0m /admin/menu
2022-06-29T11:29:28.214+0800	controller/handler.go:24	[GoAdmin] [37;44m 200 [0m [37;104m GET   [0m /admin/menu/edit/show
2022-06-29T11:29:31.645+0800	controller/handler.go:24	[GoAdmin] [37;44m 200 [0m [37;104m GET   [0m /admin/menu
2022-06-29T11:29:35.675+0800	controller/handler.go:24	[GoAdmin] [37;44m 200 [0m [37;104m GET   [0m /admin/menu/edit/show
2022-06-29T11:29:39.948+0800	controller/handler.go:24	[GoAdmin] [37;44m 200 [0m [37;104m POST   [0m /admin/menu/edit
2022-06-29T11:29:41.964+0800	controller/handler.go:24	[GoAdmin] [37;44m 200 [0m [37;104m GET   [0m /admin/info/UpLoadPage/edit
2022-06-29T11:29:43.644+0800	controller/handler.go:24	[GoAdmin] [37;44m 200 [0m [37;104m GET   [0m /admin/info/UpLoadPage/edit
2022-06-29T11:29:44.822+0800	controller/handler.go:24	[GoAdmin] [37;44m 200 [0m [37;104m GET   [0m /admin/info/UpLoadPage
2022-06-29T11:34:40.323+0800	controller/handler.go:24	[GoAdmin] [37;44m 200 [0m [37;104m GET   [0m /admin/info/UpLoadPage/edit
2022-06-29T11:34:44.829+0800	controller/handler.go:24	[GoAdmin] [37;44m 200 [0m [37;104m GET   [0m /admin/info/UpLoadPage
2022-06-29T11:34:55.816+0800	controller/handler.go:24	[GoAdmin] [37;44m 200 [0m [37;104m GET   [0m /admin/info/UpLoadPage/edit
2022-06-29T11:35:05.826+0800	controller/handler.go:24	[GoAdmin] [37;44m 200 [0m [37;104m GET   [0m /admin/info/UpLoadPage
2022-06-29T11:35:07.455+0800	controller/handler.go:24	[GoAdmin] [37;44m 200 [0m [37;104m GET   [0m /admin/info/UpLoadPage/edit
2022-06-29T11:35:28.511+0800	controller/handler.go:24	[GoAdmin] [37;44m 200 [0m [37;104m GET   [0m /admin/info/UpLoadPage
2022-06-29T11:35:31.122+0800	controller/handler.go:24	[GoAdmin] [37;44m 200 [0m [37;104m GET   [0m /admin/info/UpLoadPage/edit
2022-06-29T11:35:35.069+0800	controller/handler.go:24	[GoAdmin] [37;44m 200 [0m [37;104m GET   [0m /admin/info/UpLoadPage
2022-06-29T11:58:07.807+0800	controller/handler.go:24	[GoAdmin] [37;44m 200 [0m [37;104m GET   [0m /admin/application/info
2022-06-29T11:58:08.416+0800	controller/handler.go:24	[GoAdmin] [37;44m 200 [0m [37;104m GET   [0m /admin/info/generate/new
2022-06-29T11:58:10.296+0800	controller/handler.go:24	[GoAdmin] [37;44m 200 [0m [37;104m POST   [0m /admin/operation/_tool_choose_conn
2022-06-29T11:58:13.221+0800	controller/handler.go:24	[GoAdmin] [37;44m 200 [0m [37;104m POST   [0m /admin/operation/_tool_choose_conn
2022-06-29T11:58:15.974+0800	controller/handler.go:24	[GoAdmin] [37;44m 200 [0m [37;104m POST   [0m /admin/operation/_tool_choose_table
2022-06-29T11:58:31.858+0800	controller/handler.go:24	[GoAdmin] [37;44m 200 [0m [37;104m POST   [0m /admin/new/generate
2022-06-29T14:32:29.584+0800	controller/handler.go:24	[GoAdmin] [37;44m 302 [0m [37;104m GET   [0m /admin/info/t_exp_config
2022-06-29T14:32:29.618+0800	controller/handler.go:24	[GoAdmin] [37;44m 200 [0m [37;104m GET   [0m /admin/login
2022-06-29T14:32:31.548+0800	controller/handler.go:24	[GoAdmin] [37;44m 200 [0m [37;104m POST   [0m /admin/signin
2022-06-29T14:32:35.504+0800	controller/handler.go:24	[GoAdmin] [37;44m 200 [0m [37;104m GET   [0m /admin/info/t_exp_config
2022-06-29T14:33:18.694+0800	controller/handler.go:24	[GoAdmin] [37;44m 200 [0m [37;104m GET   [0m /admin/info/t_exp_config
2022-06-29T14:33:21.918+0800	controller/handler.go:24	[GoAdmin] [37;44m 200 [0m [37;104m GET   [0m /admin/info/t_exp_config/new
2022-06-29T15:03:25.659+0800	controller/handler.go:24	[GoAdmin] [37;44m 200 [0m [37;104m POST   [0m /admin/new/t_exp_config
2022-06-29T15:03:31.804+0800	controller/handler.go:24	[GoAdmin] [37;44m 200 [0m [37;104m GET   [0m /admin/info/t_exp_config/new
2022-06-29T15:03:32.022+0800	controller/handler.go:24	[GoAdmin] [37;44m 200 [0m [37;104m GET   [0m /admin/info/t_exp_config/new
2022-06-29T15:03:32.196+0800	controller/handler.go:24	[GoAdmin] [37;44m 200 [0m [37;104m GET   [0m /admin/info/t_exp_config/new
2022-06-29T15:03:51.842+0800	controller/handler.go:24	[GoAdmin] [37;44m 200 [0m [37;104m POST   [0m /admin/new/t_exp_config
2022-06-29T15:04:09.682+0800	controller/handler.go:24	[GoAdmin] [37;44m 200 [0m [37;104m GET   [0m /admin/info/t_exp_config/new
2022-06-29T15:24:58.753+0800	controller/handler.go:24	[GoAdmin] [37;44m 200 [0m [37;104m GET   [0m /admin/info/generate/new
2022-06-29T15:25:00.585+0800	controller/handler.go:24	[GoAdmin] [37;44m 200 [0m [37;104m GET   [0m /admin/login
2022-06-29T15:25:01.932+0800	controller/handler.go:24	[GoAdmin] [37;44m 200 [0m [37;104m POST   [0m /admin/signin
2022-06-29T15:25:01.984+0800	controller/handler.go:24	[GoAdmin] [37;44m 200 [0m [37;104m GET   [0m /admin/info/t_exp_config/new
2022-06-29T15:25:03.647+0800	controller/handler.go:24	[GoAdmin] [37;44m 200 [0m [37;104m GET   [0m /admin/info/generate/new
2022-06-29T15:26:56.607+0800	controller/handler.go:24	[GoAdmin] [37;44m 200 [0m [37;104m GET   [0m /admin/info/t_account_characters
2022-06-29T15:26:59.026+0800	controller/handler.go:24	[GoAdmin] [37;44m 200 [0m [37;104m GET   [0m /admin/info/roles
2022-06-29T15:26:59.595+0800	controller/handler.go:24	[GoAdmin] [37;44m 200 [0m [37;104m GET   [0m /admin/info/manager
2022-06-29T15:27:01.153+0800	controller/handler.go:24	[GoAdmin] [37;44m 200 [0m [37;104m GET   [0m /admin/info/manager/edit
2022-06-29T15:27:02.565+0800	controller/handler.go:24	[GoAdmin] [37;44m 200 [0m [37;104m POST   [0m /admin/edit/manager
2022-06-29T15:27:04.761+0800	controller/handler.go:24	[GoAdmin] [37;44m 200 [0m [37;104m GET   [0m /admin/info/manager/edit
2022-06-29T15:27:14.250+0800	controller/handler.go:24	[GoAdmin] [37;44m 200 [0m [37;104m POST   [0m /admin/edit/manager
2022-06-29T15:27:17.674+0800	controller/handler.go:24	[GoAdmin] [37;44m 302 [0m [37;104m GET   [0m /admin/logout
2022-06-29T15:27:17.679+0800	controller/handler.go:24	[GoAdmin] [37;44m 200 [0m [37;104m GET   [0m /admin/login
2022-06-29T15:27:21.060+0800	controller/handler.go:24	[GoAdmin] [37;44m 400 [0m [37;104m POST   [0m /admin/signin
2022-06-29T15:27:26.143+0800	controller/handler.go:24	[GoAdmin] [37;44m 200 [0m [37;104m POST   [0m /admin/signin
2022-06-29T15:27:31.320+0800	controller/handler.go:24	[GoAdmin] [37;44m 302 [0m [37;104m GET   [0m /admin/logout
2022-06-29T15:27:31.326+0800	controller/handler.go:24	[GoAdmin] [37;44m 200 [0m [37;104m GET   [0m /admin/login
2022-06-29T15:27:33.040+0800	controller/handler.go:24	[GoAdmin] [37;44m 200 [0m [37;104m POST   [0m /admin/signin
2022-06-29T15:27:37.227+0800	controller/handler.go:24	[GoAdmin] [37;44m 200 [0m [37;104m GET   [0m /admin/info/roles
2022-06-29T15:27:38.312+0800	controller/handler.go:24	[GoAdmin] [37;44m 200 [0m [37;104m GET   [0m /admin/menu
2022-06-29T15:27:39.870+0800	controller/handler.go:24	[GoAdmin] [37;44m 200 [0m [37;104m GET   [0m /admin/info/roles
2022-06-29T15:27:41.872+0800	controller/handler.go:24	[GoAdmin] [37;44m 200 [0m [37;104m GET   [0m /admin/info/manager
2022-06-29T15:27:43.072+0800	controller/handler.go:24	[GoAdmin] [37;44m 200 [0m [37;104m GET   [0m /admin/info/manager/edit
2022-06-29T15:33:25.903+0800	controller/handler.go:24	[GoAdmin] [37;44m 200 [0m [37;104m GET   [0m /admin/info/UpLoadPage
2022-06-29T15:33:27.669+0800	controller/handler.go:24	[GoAdmin] [37;44m 200 [0m [37;104m GET   [0m /admin/info/t_exp_cfg
2022-06-29T15:33:29.387+0800	controller/handler.go:24	[GoAdmin] [37;44m 200 [0m [37;104m GET   [0m /admin/info/UpLoadPage
2022-06-29T15:33:41.395+0800	controller/handler.go:24	[GoAdmin] [37;44m 200 [0m [37;104m GET   [0m /admin/info/t_exp_config
2022-06-29T15:33:42.951+0800	controller/handler.go:24	[GoAdmin] [37;44m 200 [0m [37;104m GET   [0m /admin/info/t_exp_config/new
2022-06-29T15:33:51.560+0800	controller/handler.go:24	[GoAdmin] [37;44m 200 [0m [37;104m POST   [0m /admin/new/t_exp_config
2022-06-29T15:34:53.203+0800	controller/handler.go:24	[GoAdmin] [37;44m 200 [0m [37;104m GET   [0m /admin/info/t_exp_config/new
2022-06-29T15:35:00.208+0800	controller/handler.go:24	[GoAdmin] [37;44m 200 [0m [37;104m POST   [0m /admin/new/t_exp_config
2022-06-29T15:36:34.970+0800	controller/handler.go:24	[GoAdmin] [37;44m 200 [0m [37;104m POST   [0m /admin/new/t_exp_config
2022-06-29T15:37:58.084+0800	controller/handler.go:24	[GoAdmin] [37;44m 200 [0m [37;104m POST   [0m /admin/new/t_exp_config
2022-06-29T15:38:54.545+0800	controller/handler.go:24	[GoAdmin] [37;44m 200 [0m [37;104m POST   [0m /admin/new/t_exp_config
2022-06-29T15:40:03.177+0800	controller/handler.go:24	[GoAdmin] [37;44m 200 [0m [37;104m GET   [0m /admin/info/t_exp_config/new
2022-06-29T15:40:48.774+0800	controller/handler.go:24	[GoAdmin] [37;44m 200 [0m [37;104m POST   [0m /admin/new/t_exp_config
2022-06-29T15:40:57.431+0800	controller/handler.go:24	[GoAdmin] [37;44m 200 [0m [37;104m GET   [0m /admin/info/UpLoadPage
2022-06-29T15:41:04.136+0800	controller/handler.go:24	[GoAdmin] [37;44m 200 [0m [37;104m GET   [0m /admin/info/t_exp_config
2022-06-29T15:41:08.953+0800	controller/handler.go:24	[GoAdmin] [37;44m 200 [0m [37;104m GET   [0m /admin/info/t_exp_config/new
2022-06-29T15:57:55.797+0800	controller/handler.go:24	[GoAdmin] [37;44m 200 [0m [37;104m POST   [0m /admin/new/t_exp_config
2022-06-29T16:05:17.719+0800	controller/handler.go:24	[GoAdmin] [37;44m 200 [0m [37;104m GET   [0m /admin/info/t_exp_config
2022-06-29T16:05:20.920+0800	controller/handler.go:24	[GoAdmin] [37;44m 200 [0m [37;104m GET   [0m /admin/info/t_exp_config/new
2022-06-29T16:05:27.786+0800	controller/handler.go:24	[GoAdmin] [37;44m 200 [0m [37;104m POST   [0m /admin/new/t_exp_config
2022-06-29T16:06:15.077+0800	controller/handler.go:24	[GoAdmin] [37;44m 200 [0m [37;104m POST   [0m /admin/new/t_exp_config
2022-06-29T16:07:06.889+0800	controller/handler.go:24	[GoAdmin] [37;44m 200 [0m [37;104m GET   [0m /admin/info/t_exp_config/new
2022-06-29T16:07:12.935+0800	controller/handler.go:24	[GoAdmin] [37;44m 200 [0m [37;104m POST   [0m /admin/new/t_exp_config
2022-06-29T16:09:14.068+0800	controller/handler.go:24	[GoAdmin] [37;44m 200 [0m [37;104m GET   [0m /admin/info/t_exp_config/new
2022-06-29T16:09:20.026+0800	controller/handler.go:24	[GoAdmin] [37;44m 200 [0m [37;104m POST   [0m /admin/new/t_exp_config
2022-06-29T16:11:18.434+0800	controller/handler.go:24	[GoAdmin] [37;44m 200 [0m [37;104m GET   [0m /admin/info/t_exp_config/new
2022-06-29T16:11:24.087+0800	controller/handler.go:24	[GoAdmin] [37;44m 200 [0m [37;104m POST   [0m /admin/new/t_exp_config
2022-06-29T16:13:13.365+0800	controller/handler.go:24	[GoAdmin] [37;44m 200 [0m [37;104m GET   [0m /admin/info/t_exp_config/new
2022-06-29T16:13:18.344+0800	controller/handler.go:24	[GoAdmin] [37;44m 200 [0m [37;104m POST   [0m /admin/new/t_exp_config
2022-06-29T16:13:53.956+0800	controller/handler.go:24	[GoAdmin] [37;44m 200 [0m [37;104m GET   [0m /admin/info/t_exp_config/new
2022-06-29T16:13:59.233+0800	controller/handler.go:24	[GoAdmin] [37;44m 200 [0m [37;104m POST   [0m /admin/new/t_exp_config
2022-06-29T16:14:29.092+0800	controller/handler.go:24	[GoAdmin] [37;44m 200 [0m [37;104m GET   [0m /admin/info/t_exp_cfg
2022-06-29T16:14:35.847+0800	controller/handler.go:24	[GoAdmin] [37;44m 200 [0m [37;104m GET   [0m /admin/info/t_exp_cfg
2022-06-29T16:16:17.553+0800	controller/handler.go:24	[GoAdmin] [37;44m 200 [0m [37;104m GET   [0m /admin/info/UpLoadPage
2022-06-29T16:16:49.201+0800	controller/handler.go:24	[GoAdmin] [37;44m 200 [0m [37;104m GET   [0m /admin/menu
2022-06-29T16:16:52.653+0800	controller/handler.go:24	[GoAdmin] [37;44m 200 [0m [37;104m GET   [0m /admin/menu/edit/show
2022-06-29T16:16:55.325+0800	controller/handler.go:24	[GoAdmin] [37;44m 200 [0m [37;104m POST   [0m /admin/menu/edit
2022-06-29T16:16:58.587+0800	controller/handler.go:24	[GoAdmin] [37;44m 200 [0m [37;104m GET   [0m /admin/info/t_exp_config
2022-06-29T16:17:09.168+0800	controller/handler.go:24	[GoAdmin] [37;44m 200 [0m [37;104m GET   [0m /admin/info/t_exp_config
2022-06-29T16:17:10.025+0800	controller/handler.go:24	[GoAdmin] [37;44m 200 [0m [37;104m GET   [0m /admin/info/t_exp_config
2022-06-29T16:17:13.024+0800	controller/handler.go:24	[GoAdmin] [37;44m 200 [0m [37;104m GET   [0m /admin/info/t_exp_config/new
2022-06-29T16:17:19.966+0800	controller/handler.go:24	[GoAdmin] [37;44m 200 [0m [37;104m POST   [0m /admin/new/t_exp_config
2022-06-29T16:17:23.598+0800	controller/handler.go:24	[GoAdmin] [37;44m 200 [0m [37;104m GET   [0m /admin/info/t_exp_config/new
2022-06-29T16:17:29.932+0800	controller/handler.go:24	[GoAdmin] [37;44m 200 [0m [37;104m POST   [0m /admin/new/t_exp_config
2022-06-29T16:17:34.942+0800	controller/handler.go:24	[GoAdmin] [37;44m 200 [0m [37;104m GET   [0m /admin/info/t_exp_config
2022-06-29T16:17:36.080+0800	controller/handler.go:24	[GoAdmin] [37;44m 200 [0m [37;104m GET   [0m /admin/info/t_exp_config
2022-06-29T16:17:37.606+0800	controller/handler.go:24	[GoAdmin] [37;44m 200 [0m [37;104m GET   [0m /admin/info/t_exp_config
2022-06-29T16:17:39.730+0800	controller/handler.go:24	[GoAdmin] [37;44m 200 [0m [37;104m GET   [0m /admin/info/t_exp_config
2022-06-29T16:17:49.900+0800	controller/handler.go:24	[GoAdmin] [37;44m 200 [0m [37;104m GET   [0m /admin/info/t_exp_config/new
2022-06-29T16:17:56.398+0800	controller/handler.go:24	[GoAdmin] [37;44m 200 [0m [37;104m POST   [0m /admin/new/t_exp_config
2022-06-29T16:18:03.670+0800	controller/handler.go:24	[GoAdmin] [37;44m 200 [0m [37;104m GET   [0m /admin/info/t_exp_config
2022-06-29T16:18:06.698+0800	controller/handler.go:24	[GoAdmin] [37;44m 200 [0m [37;104m GET   [0m /admin/info/t_exp_config
2022-06-29T16:18:08.657+0800	controller/handler.go:24	[GoAdmin] [37;44m 200 [0m [37;104m GET   [0m /admin/info/t_exp_config
2022-06-29T16:18:09.737+0800	controller/handler.go:24	[GoAdmin] [37;44m 200 [0m [37;104m GET   [0m /admin/info/t_exp_config
2022-06-29T16:18:10.879+0800	controller/handler.go:24	[GoAdmin] [37;44m 200 [0m [37;104m GET   [0m /admin/info/t_exp_config
2022-06-29T16:18:30.024+0800	controller/handler.go:24	[GoAdmin] [37;44m 200 [0m [37;104m GET   [0m /admin/info/t_exp_config
2022-06-29T16:18:32.081+0800	controller/handler.go:24	[GoAdmin] [37;44m 200 [0m [37;104m GET   [0m /admin/info/t_exp_config/new
2022-06-29T16:18:37.170+0800	controller/handler.go:24	[GoAdmin] [37;44m 200 [0m [37;104m POST   [0m /admin/new/t_exp_config
2022-06-30T11:48:43.853+0800	controller/handler.go:24	[GoAdmin] [37;44m 302 [0m [37;104m GET   [0m /admin/info/t_exp_config
2022-06-30T11:48:43.877+0800	controller/handler.go:24	[GoAdmin] [37;44m 200 [0m [37;104m GET   [0m /admin/login
2022-06-30T11:48:45.758+0800	controller/handler.go:24	[GoAdmin] [37;44m 200 [0m [37;104m POST   [0m /admin/signin
2022-06-30T11:48:48.911+0800	controller/handler.go:24	[GoAdmin] [37;44m 200 [0m [37;104m GET   [0m /admin/info/t_exp_config
2022-06-30T11:48:52.157+0800	controller/handler.go:24	[GoAdmin] [37;44m 200 [0m [37;104m GET   [0m /admin/info/t_exp_config/new
2022-06-30T11:48:59.818+0800	controller/handler.go:24	[GoAdmin] [37;44m 200 [0m [37;104m POST   [0m /admin/new/t_exp_config
2022-06-30T11:50:41.669+0800	controller/handler.go:24	[GoAdmin] [37;44m 200 [0m [37;104m GET   [0m /admin/info/t_exp_config
2022-06-30T11:50:43.371+0800	controller/handler.go:24	[GoAdmin] [37;44m 200 [0m [37;104m GET   [0m /admin/info/t_exp_config/new
2022-06-30T11:52:46.490+0800	controller/handler.go:24	[GoAdmin] [37;44m 200 [0m [37;104m POST   [0m /admin/new/t_exp_config
2022-06-30T11:55:00.217+0800	controller/handler.go:24	[GoAdmin] [37;44m 200 [0m [37;104m GET   [0m /admin/info/t_exp_config/new
2022-06-30T11:55:31.882+0800	controller/handler.go:24	[GoAdmin] [37;44m 200 [0m [37;104m POST   [0m /admin/new/t_exp_config
2022-06-30T11:55:31.917+0800	controller/handler.go:24	[GoAdmin] [37;44m 200 [0m [37;104m GET   [0m /admin/login
2022-06-30T11:55:34.743+0800	controller/handler.go:24	[GoAdmin] [37;44m 200 [0m [37;104m POST   [0m /admin/signin
2022-06-30T11:55:37.560+0800	controller/handler.go:24	[GoAdmin] [37;44m 200 [0m [37;104m GET   [0m /admin/info/t_exp_config
2022-06-30T11:55:41.093+0800	controller/handler.go:24	[GoAdmin] [37;44m 200 [0m [37;104m GET   [0m /admin/info/t_exp_config/new
2022-06-30T11:56:13.371+0800	controller/handler.go:24	[GoAdmin] [37;44m 200 [0m [37;104m POST   [0m /admin/new/t_exp_config
2022-06-30T11:56:15.699+0800	controller/handler.go:24	[GoAdmin] [37;44m 200 [0m [37;104m GET   [0m /admin/info/t_exp_config
2022-06-30T11:56:20.557+0800	controller/handler.go:24	[GoAdmin] [37;44m 200 [0m [37;104m GET   [0m /admin/info/t_exp_config
2022-06-30T11:56:22.203+0800	controller/handler.go:24	[GoAdmin] [37;44m 200 [0m [37;104m GET   [0m /admin/info/t_exp_config/new
2022-06-30T11:57:28.456+0800	controller/handler.go:24	[GoAdmin] [37;44m 200 [0m [37;104m POST   [0m /admin/new/t_exp_config
2022-06-30T11:57:41.868+0800	controller/handler.go:24	[GoAdmin] [37;44m 200 [0m [37;104m GET   [0m /admin/info/t_exp_config/new
2022-06-30T12:00:02.917+0800	controller/handler.go:24	[GoAdmin] [37;44m 200 [0m [37;104m POST   [0m /admin/new/t_exp_config
2022-06-30T13:44:15.054+0800	controller/handler.go:24	[GoAdmin] [37;44m 200 [0m [37;104m GET   [0m /admin/info/t_exp_config/new
2022-06-30T13:44:45.256+0800	controller/handler.go:24	[GoAdmin] [37;44m 200 [0m [37;104m POST   [0m /admin/new/t_exp_config
2022-06-30T13:45:26.561+0800	controller/handler.go:24	[GoAdmin] [37;44m 200 [0m [37;104m GET   [0m /admin/info/t_exp_config/new
2022-06-30T13:46:00.568+0800	controller/handler.go:24	[GoAdmin] [37;44m 200 [0m [37;104m POST   [0m /admin/new/t_exp_config
2022-06-30T13:46:03.391+0800	controller/handler.go:24	[GoAdmin] [37;44m 200 [0m [37;104m GET   [0m /admin/info/t_exp_config/new
2022-06-30T13:46:19.446+0800	controller/handler.go:24	[GoAdmin] [37;44m 200 [0m [37;104m POST   [0m /admin/new/t_exp_config
2022-06-30T13:46:45.873+0800	controller/handler.go:24	[GoAdmin] [37;44m 200 [0m [37;104m POST   [0m /admin/new/t_exp_config
2022-06-30T13:50:43.068+0800	controller/handler.go:24	[GoAdmin] [37;44m 200 [0m [37;104m POST   [0m /admin/new/t_exp_config
2022-06-30T13:54:38.411+0800	controller/handler.go:24	[GoAdmin] [37;44m 200 [0m [37;104m POST   [0m /admin/new/t_exp_config
2022-06-30T13:54:52.298+0800	controller/handler.go:24	[GoAdmin] [37;44m 200 [0m [37;104m GET   [0m /admin/info/t_exp_config
2022-06-30T13:54:55.375+0800	controller/handler.go:24	[GoAdmin] [37;44m 200 [0m [37;104m GET   [0m /admin/info/t_exp_config/new
2022-06-30T13:55:17.156+0800	controller/handler.go:24	[GoAdmin] [37;44m 200 [0m [37;104m POST   [0m /admin/new/t_exp_config
2022-06-30T13:55:37.791+0800	controller/handler.go:24	[GoAdmin] [37;44m 302 [0m [37;104m POST   [0m /admin/new/t_exp_config
2022-06-30T13:55:37.796+0800	controller/handler.go:24	[GoAdmin] [37;44m 200 [0m [37;104m GET   [0m /admin/login
2022-06-30T13:55:39.878+0800	controller/handler.go:24	[GoAdmin] [37;44m 302 [0m [37;104m GET   [0m /admin/info/t_exp_config/new
2022-06-30T13:55:39.881+0800	controller/handler.go:24	[GoAdmin] [37;44m 200 [0m [37;104m GET   [0m /admin/login
2022-06-30T13:55:40.321+0800	controller/handler.go:24	[GoAdmin] [37;44m 200 [0m [37;104m GET   [0m /admin/login
2022-06-30T13:55:40.838+0800	controller/handler.go:24	[GoAdmin] [37;44m 200 [0m [37;104m POST   [0m /admin/signin
2022-06-30T13:55:42.173+0800	controller/handler.go:24	[GoAdmin] [37;44m 200 [0m [37;104m GET   [0m /admin/info/t_exp_config
2022-06-30T13:55:43.635+0800	controller/handler.go:24	[GoAdmin] [37;44m 200 [0m [37;104m GET   [0m /admin/info/t_exp_config/new
2022-06-30T13:56:25.722+0800	controller/handler.go:24	[GoAdmin] [37;44m 200 [0m [37;104m POST   [0m /admin/new/t_exp_config
2022-06-30T14:01:01.910+0800	controller/handler.go:24	[GoAdmin] [37;44m 200 [0m [37;104m POST   [0m /admin/new/t_exp_config
2022-06-30T14:22:12.548+0800	controller/handler.go:24	[GoAdmin] [37;44m 200 [0m [37;104m GET   [0m /admin/info/t_exp_config/new
2022-06-30T14:22:13.522+0800	controller/handler.go:24	[GoAdmin] [37;44m 200 [0m [37;104m GET   [0m /admin/login
2022-06-30T14:22:14.562+0800	controller/handler.go:24	[GoAdmin] [37;44m 200 [0m [37;104m POST   [0m /admin/signin
2022-06-30T14:22:14.571+0800	controller/handler.go:24	[GoAdmin] [37;44m 200 [0m [37;104m GET   [0m /admin/login
2022-06-30T14:22:16.397+0800	controller/handler.go:24	[GoAdmin] [37;44m 200 [0m [37;104m POST   [0m /admin/signin
2022-06-30T14:22:18.198+0800	controller/handler.go:24	[GoAdmin] [37;44m 200 [0m [37;104m GET   [0m /admin/info/t_exp_config
2022-06-30T14:22:19.799+0800	controller/handler.go:24	[GoAdmin] [37;44m 200 [0m [37;104m GET   [0m /admin/info/t_exp_config/new
2022-06-30T14:25:56.216+0800	controller/handler.go:24	[GoAdmin] [37;44m 200 [0m [37;104m GET   [0m /admin/info/t_exp_config/new
2022-06-30T14:26:33.692+0800	controller/handler.go:24	[GoAdmin] [37;44m 200 [0m [37;104m POST   [0m /admin/new/t_exp_config
2022-06-30T14:26:33.770+0800	controller/handler.go:24	[GoAdmin] [37;44m 200 [0m [37;104m GET   [0m /admin/login
2022-06-30T14:28:00.684+0800	controller/handler.go:24	[GoAdmin] [37;44m 200 [0m [37;104m POST   [0m /admin/signin
2022-06-30T14:28:03.679+0800	controller/handler.go:24	[GoAdmin] [37;44m 200 [0m [37;104m GET   [0m /admin/info/t_exp_config
2022-06-30T14:28:04.915+0800	controller/handler.go:24	[GoAdmin] [37;44m 200 [0m [37;104m GET   [0m /admin/info/t_exp_config/new
2022-06-30T14:28:19.129+0800	controller/handler.go:24	[GoAdmin] [37;44m 200 [0m [37;104m POST   [0m /admin/new/t_exp_config
2022-06-30T14:28:40.026+0800	controller/handler.go:24	[GoAdmin] [37;44m 200 [0m [37;104m GET   [0m /admin/info/t_exp_config/new
2022-06-30T14:28:54.452+0800	controller/handler.go:24	[GoAdmin] [37;44m 200 [0m [37;104m POST   [0m /admin/new/t_exp_config
2022-06-30T14:32:11.235+0800	controller/handler.go:24	[GoAdmin] [37;44m 200 [0m [37;104m GET   [0m /admin/info/t_account_characters
2022-06-30T14:32:12.892+0800	controller/handler.go:24	[GoAdmin] [37;44m 200 [0m [37;104m GET   [0m /admin/info/t_exp_cfg
2022-06-30T14:32:15.406+0800	controller/handler.go:24	[GoAdmin] [37;44m 200 [0m [37;104m GET   [0m /admin/info/t_exp_cfg
2022-06-30T14:32:17.927+0800	controller/handler.go:24	[GoAdmin] [37;44m 200 [0m [37;104m GET   [0m /admin/info/t_exp_cfg
2022-06-30T14:53:08.088+0800	controller/handler.go:24	[GoAdmin] [37;44m 200 [0m [37;104m GET   [0m /admin/info/t_exp_cfg
2022-06-30T14:53:08.981+0800	controller/handler.go:24	[GoAdmin] [37;44m 200 [0m [37;104m GET   [0m /admin/info/t_exp_config
2022-06-30T14:53:13.332+0800	controller/handler.go:24	[GoAdmin] [37;44m 200 [0m [37;104m GET   [0m /admin/info/t_exp_config
2022-06-30T14:53:15.244+0800	controller/handler.go:24	[GoAdmin] [37;44m 200 [0m [37;104m GET   [0m /admin/info/t_exp_config
2022-06-30T14:54:34.816+0800	controller/handler.go:24	[GoAdmin] [37;44m 200 [0m [37;104m GET   [0m /admin/info/t_exp_config
2022-06-30T14:54:36.207+0800	controller/handler.go:24	[GoAdmin] [37;44m 200 [0m [37;104m GET   [0m /admin/info/t_exp_config
2022-06-30T14:55:12.604+0800	controller/handler.go:24	[GoAdmin] [37;44m 200 [0m [37;104m GET   [0m /admin/info/t_exp_config
2022-06-30T14:55:16.482+0800	controller/handler.go:24	[GoAdmin] [37;44m 200 [0m [37;104m GET   [0m /admin/info/t_exp_config
2022-06-30T14:55:17.178+0800	controller/handler.go:24	[GoAdmin] [37;44m 200 [0m [37;104m GET   [0m /admin/info/t_exp_config
2022-06-30T14:55:18.421+0800	controller/handler.go:24	[GoAdmin] [37;44m 200 [0m [37;104m GET   [0m /admin/info/t_exp_config
2022-06-30T14:56:00.476+0800	controller/handler.go:24	[GoAdmin] [37;44m 200 [0m [37;104m GET   [0m /admin/info/t_exp_config
2022-06-30T14:56:15.039+0800	controller/handler.go:24	[GoAdmin] [37;44m 200 [0m [37;104m GET   [0m /admin/info/t_exp_config/new
2022-06-30T14:56:17.677+0800	controller/handler.go:24	[GoAdmin] [37;44m 200 [0m [37;104m GET   [0m /admin/info/t_exp_config
2022-06-30T14:56:19.474+0800	controller/handler.go:24	[GoAdmin] [37;44m 200 [0m [37;104m GET   [0m /admin/info/t_exp_config/new
2022-06-30T14:56:28.643+0800	controller/handler.go:24	[GoAdmin] [37;44m 200 [0m [37;104m POST   [0m /admin/new/t_exp_config
2022-06-30T14:56:30.818+0800	controller/handler.go:24	[GoAdmin] [37;44m 200 [0m [37;104m GET   [0m /admin/info/t_exp_config
2022-06-30T14:57:37.767+0800	controller/handler.go:24	[GoAdmin] [37;44m 200 [0m [37;104m GET   [0m /admin/info/t_exp_cfg
2022-06-30T14:57:43.467+0800	controller/handler.go:24	[GoAdmin] [37;44m 200 [0m [37;104m GET   [0m /admin/info/t_exp_cfg
2022-06-30T14:59:22.469+0800	controller/handler.go:24	[GoAdmin] [37;44m 200 [0m [37;104m GET   [0m /admin/info/t_exp_config
2022-06-30T14:59:23.833+0800	controller/handler.go:24	[GoAdmin] [37;44m 200 [0m [37;104m GET   [0m /admin/info/t_exp_config/new
2022-06-30T14:59:26.277+0800	controller/handler.go:24	[GoAdmin] [37;44m 200 [0m [37;104m GET   [0m /admin/info/t_exp_config
2022-06-30T14:59:28.545+0800	controller/handler.go:24	[GoAdmin] [37;44m 200 [0m [37;104m GET   [0m /admin/info/t_exp_config/new
2022-06-30T14:59:31.527+0800	controller/handler.go:24	[GoAdmin] [37;44m 200 [0m [37;104m GET   [0m /admin/info/t_exp_config
2022-06-30T14:59:35.753+0800	controller/handler.go:24	[GoAdmin] [37;44m 200 [0m [37;104m GET   [0m /admin/info/t_exp_config/new
2022-06-30T14:59:36.787+0800	controller/handler.go:24	[GoAdmin] [37;44m 200 [0m [37;104m GET   [0m /admin/info/t_exp_config
2022-06-30T14:59:39.305+0800	controller/handler.go:24	[GoAdmin] [37;44m 200 [0m [37;104m GET   [0m /admin/info/t_exp_config/new
2022-06-30T14:59:40.127+0800	controller/handler.go:24	[GoAdmin] [37;44m 200 [0m [37;104m GET   [0m /admin/info/t_exp_config
2022-06-30T14:59:41.916+0800	controller/handler.go:24	[GoAdmin] [37;44m 200 [0m [37;104m GET   [0m /admin/info/t_exp_cfg
2022-06-30T15:09:03.164+0800	controller/handler.go:24	[GoAdmin] [37;44m 200 [0m [37;104m GET   [0m /admin/info/t_exp_cfg/new
2022-06-30T15:09:03.232+0800	controller/handler.go:24	[GoAdmin] [37;44m 200 [0m [37;104m GET   [0m /admin/info/t_exp_cfg/new
2022-06-30T15:09:07.984+0800	controller/handler.go:24	[GoAdmin] [37;44m 200 [0m [37;104m GET   [0m /admin/info/t_exp_cfg
2022-06-30T15:09:09.013+0800	controller/handler.go:24	[GoAdmin] [37;44m 200 [0m [37;104m GET   [0m /admin/info/t_exp_cfg/new
2022-06-30T15:09:09.064+0800	controller/handler.go:24	[GoAdmin] [37;44m 200 [0m [37;104m GET   [0m /admin/info/t_exp_cfg/new
2022-06-30T15:09:17.191+0800	controller/handler.go:24	[GoAdmin] [37;44m 200 [0m [37;104m GET   [0m /admin/info/t_exp_cfg/new
2022-06-30T15:09:21.308+0800	controller/handler.go:24	[GoAdmin] [37;44m 200 [0m [37;104m GET   [0m /admin/info/t_exp_config
2022-06-30T15:09:22.245+0800	controller/handler.go:24	[GoAdmin] [37;44m 200 [0m [37;104m GET   [0m /admin/info/t_exp_config/new
2022-06-30T15:09:36.902+0800	controller/handler.go:24	[GoAdmin] [37;44m 200 [0m [37;104m POST   [0m /admin/new/t_exp_config
2022-06-30T15:11:50.486+0800	controller/handler.go:24	[GoAdmin] [37;44m 200 [0m [37;104m GET   [0m /admin/info/t_exp_config/new
2022-06-30T15:11:59.056+0800	controller/handler.go:24	[GoAdmin] [37;44m 200 [0m [37;104m POST   [0m /admin/new/t_exp_config
2022-06-30T15:12:14.121+0800	controller/handler.go:24	[GoAdmin] [37;44m 200 [0m [37;104m GET   [0m /admin/info/t_exp_config/new
2022-06-30T15:12:18.747+0800	controller/handler.go:24	[GoAdmin] [37;44m 200 [0m [37;104m POST   [0m /admin/new/t_exp_config
2022-07-05T10:03:12.313+0800	controller/handler.go:24	[GoAdmin] [37;44m 200 [0m [37;104m GET   [0m /admin/login
2022-07-05T10:03:12.604+0800	controller/handler.go:24	[GoAdmin] [37;44m 200 [0m [37;104m GET   [0m /admin/assets/login/dist/all.min.css
2022-07-05T10:03:12.604+0800	controller/handler.go:24	[GoAdmin] [37;44m 200 [0m [37;104m GET   [0m /admin/assets/login/dist/all.min.js
2022-07-05T10:03:14.017+0800	controller/handler.go:24	[GoAdmin] [37;44m 200 [0m [37;104m POST   [0m /admin/signin
2022-07-05T10:03:14.088+0800	controller/handler.go:24	[GoAdmin] [37;44m 200 [0m [37;104m GET   [0m /admin/assets/dist/css/all.min.7bcc29700e.css
2022-07-05T10:03:14.095+0800	controller/handler.go:24	[GoAdmin] [37;44m 200 [0m [37;104m GET   [0m /admin/assets/dist/js/all.min.8425540791.js
2022-07-05T10:03:14.097+0800	controller/handler.go:24	[GoAdmin] [37;44m 200 [0m [37;104m GET   [0m /admin/assets/dist/js/datatable.min.581cdc109b.js
2022-07-05T10:03:14.145+0800	controller/handler.go:24	[GoAdmin] [37;44m 200 [0m [37;104m GET   [0m /admin/assets/dist/js/tree.min.e1faf8b7de.js
2022-07-05T10:03:14.149+0800	controller/handler.go:24	[GoAdmin] [37;44m 200 [0m [37;104m GET   [0m /admin/assets/dist/img/avatar04.png
2022-07-05T10:03:14.149+0800	controller/handler.go:24	[GoAdmin] [37;44m 200 [0m [37;104m GET   [0m /admin/assets/dist/js/form.min.f8678914e9.js
2022-07-05T10:03:14.149+0800	controller/handler.go:24	[GoAdmin] [37;44m 200 [0m [37;104m GET   [0m /admin/assets/dist/js/treeview.min.7780d3bb0f.js
2022-07-05T10:03:14.151+0800	controller/handler.go:24	[GoAdmin] [37;44m 200 [0m [37;104m GET   [0m /admin/assets/dist/js/all_2.min.38a2a946b0.js
2022-07-05T10:03:14.152+0800	controller/handler.go:24	[GoAdmin] [37;44m 200 [0m [37;104m GET   [0m /admin/assets/chart.min.js
2022-07-05T10:03:14.165+0800	controller/handler.go:24	[GoAdmin] [37;44m 200 [0m [37;104m GET   [0m /admin/assets/dist/fonts/fontawesome-webfont.woff2
2022-07-05T10:03:14.169+0800	controller/handler.go:24	[GoAdmin] [37;44m 200 [0m [37;104m GET   [0m /admin/assets/dist/css/fonts/6xK3dSBYKcSV-LCoeQqfX1RYOo3qOK7g.ttf
2022-07-05T10:03:14.238+0800	controller/handler.go:24	[GoAdmin] [37;44m 200 [0m [37;104m GET   [0m /admin/assets/dist/css/fonts/6xKydSBYKcSV-LCoeQqfX1RYOo3ig4vwlxdr.ttf
2022-07-05T10:08:22.580+0800	controller/handler.go:24	[GoAdmin] [37;44m 200 [0m [37;104m GET   [0m /admin/info/site/edit
2022-07-05T10:08:22.734+0800	controller/handler.go:24	[GoAdmin] [37;44m 200 [0m [37;104m GET   [0m /admin/assets/dist/css/fonts/6xKydSBYKcSV-LCoeQqfX1RYOo3ik4zwlxdr.ttf
2022-07-05T10:08:23.493+0800	controller/handler.go:24	[GoAdmin] [37;44m 200 [0m [37;104m GET   [0m /admin/info/generate/new
2022-07-05T10:08:25.247+0800	controller/handler.go:24	[GoAdmin] [37;44m 200 [0m [37;104m GET   [0m /admin/assets/dist/css/blue.png
2022-07-05T10:08:35.429+0800	controller/handler.go:24	[GoAdmin] [37;44m 200 [0m [37;104m GET   [0m /admin/info/roles
2022-07-05T10:08:36.338+0800	controller/handler.go:24	[GoAdmin] [37;44m 200 [0m [37;104m GET   [0m /admin/info/manager
2022-07-05T10:08:38.296+0800	controller/handler.go:24	[GoAdmin] [37;44m 200 [0m [37;104m GET   [0m /admin/info/manager/edit
2022-07-05T10:08:38.339+0800	controller/handler.go:24	[GoAdmin] [37;44m 200 [0m [37;104m GET   [0m /admin/assets/dist/fonts/glyphicons-halflings-regular.woff2
2022-07-05T13:51:31.452+0800	controller/handler.go:24	[GoAdmin] [37;44m 302 [0m [37;104m GET   [0m /admin/info/manager/edit
2022-07-05T13:51:31.456+0800	controller/handler.go:24	[GoAdmin] [37;44m 200 [0m [37;104m GET   [0m /admin/login
2022-07-05T13:51:31.521+0800	controller/handler.go:24	[GoAdmin] [37;44m 200 [0m [37;104m GET   [0m /admin/assets/login/dist/all.min.js
2022-07-05T13:51:31.521+0800	controller/handler.go:24	[GoAdmin] [37;44m 200 [0m [37;104m GET   [0m /admin/assets/login/dist/all.min.css
2022-07-05T13:51:32.999+0800	controller/handler.go:24	[GoAdmin] [37;44m 200 [0m [37;104m POST   [0m /admin/signin
2022-07-05T13:51:33.009+0800	controller/handler.go:24	[GoAdmin] [37;44m 200 [0m [37;104m GET   [0m /admin/login
2022-07-05T13:51:33.724+0800	controller/handler.go:24	[GoAdmin] [37;44m 200 [0m [37;104m POST   [0m /admin/signin
2022-07-05T13:51:33.802+0800	controller/handler.go:24	[GoAdmin] [37;44m 200 [0m [37;104m GET   [0m /admin/assets/dist/js/all.min.8425540791.js
2022-07-05T13:51:33.804+0800	controller/handler.go:24	[GoAdmin] [37;44m 200 [0m [37;104m GET   [0m /admin/assets/dist/js/datatable.min.581cdc109b.js
2022-07-05T13:51:33.836+0800	controller/handler.go:24	[GoAdmin] [37;44m 200 [0m [37;104m GET   [0m /admin/assets/dist/js/tree.min.e1faf8b7de.js
2022-07-05T13:51:33.841+0800	controller/handler.go:24	[GoAdmin] [37;44m 200 [0m [37;104m GET   [0m /admin/assets/dist/js/form.min.f8678914e9.js
2022-07-05T13:51:33.841+0800	controller/handler.go:24	[GoAdmin] [37;44m 200 [0m [37;104m GET   [0m /admin/assets/dist/img/avatar04.png
2022-07-05T13:51:33.841+0800	controller/handler.go:24	[GoAdmin] [37;44m 200 [0m [37;104m GET   [0m /admin/assets/dist/js/treeview.min.7780d3bb0f.js
2022-07-05T13:51:33.844+0800	controller/handler.go:24	[GoAdmin] [37;44m 200 [0m [37;104m GET   [0m /admin/assets/dist/js/all_2.min.38a2a946b0.js
2022-07-05T13:51:33.844+0800	controller/handler.go:24	[GoAdmin] [37;44m 200 [0m [37;104m GET   [0m /admin/assets/chart.min.js
2022-07-05T13:51:33.852+0800	controller/handler.go:24	[GoAdmin] [37;44m 200 [0m [37;104m GET   [0m /admin/assets/dist/fonts/fontawesome-webfont.woff2
2022-07-05T13:51:33.854+0800	controller/handler.go:24	[GoAdmin] [37;44m 200 [0m [37;104m GET   [0m /admin/assets/dist/css/fonts/6xK3dSBYKcSV-LCoeQqfX1RYOo3qOK7g.ttf
2022-07-05T13:51:33.917+0800	controller/handler.go:24	[GoAdmin] [37;44m 200 [0m [37;104m GET   [0m /admin/assets/dist/css/fonts/6xKydSBYKcSV-LCoeQqfX1RYOo3ig4vwlxdr.ttf
2022-07-05T13:51:37.797+0800	controller/handler.go:24	[GoAdmin] [37;44m 200 [0m [37;104m GET   [0m /admin/info/t_game_servers
2022-07-05T13:51:37.832+0800	controller/handler.go:24	[GoAdmin] [37;44m 200 [0m [37;104m GET   [0m /admin/assets/dist/css/blue.png
2022-07-05T13:51:37.856+0800	controller/handler.go:24	[GoAdmin] [37;44m 200 [0m [37;104m GET   [0m /admin/assets/dist/css/fonts/6xKydSBYKcSV-LCoeQqfX1RYOo3ik4zwlxdr.ttf
2022-07-05T13:51:52.412+0800	controller/handler.go:24	[GoAdmin] [37;44m 200 [0m [37;104m GET   [0m /admin/info/t_game_servers
2022-07-05T13:51:55.121+0800	controller/handler.go:24	[GoAdmin] [37;44m 200 [0m [37;104m GET   [0m /admin/info/t_game_servers
2022-07-05T13:54:45.355+0800	controller/handler.go:24	[GoAdmin] [37;44m 200 [0m [37;104m GET   [0m /admin/info/t_game_servers
2022-07-05T13:54:47.576+0800	controller/handler.go:24	[GoAdmin] [37;44m 200 [0m [37;104m GET   [0m /admin/info/t_game_servers
2022-07-05T13:54:50.940+0800	controller/handler.go:24	[GoAdmin] [37;44m 200 [0m [37;104m GET   [0m /admin/info/t_game_servers
2022-07-05T13:54:54.211+0800	controller/handler.go:24	[GoAdmin] [37;44m 200 [0m [37;104m GET   [0m /admin/info/t_game_servers
2022-07-05T14:31:10.674+0800	controller/handler.go:24	[GoAdmin] [37;44m 200 [0m [37;104m GET   [0m /admin/info/t_game_servers
2022-07-05T14:31:11.577+0800	controller/handler.go:24	[GoAdmin] [37;44m 200 [0m [37;104m GET   [0m /admin/info/t_game_servers
2022-07-05T14:31:11.755+0800	controller/handler.go:24	[GoAdmin] [37;44m 200 [0m [37;104m GET   [0m /admin/info/t_game_servers
2022-07-05T14:31:11.899+0800	controller/handler.go:24	[GoAdmin] [37;44m 200 [0m [37;104m GET   [0m /admin/info/t_game_servers
2022-07-05T14:31:12.067+0800	controller/handler.go:24	[GoAdmin] [37;44m 200 [0m [37;104m GET   [0m /admin/info/t_game_servers
2022-07-05T14:31:12.225+0800	controller/handler.go:24	[GoAdmin] [37;44m 200 [0m [37;104m GET   [0m /admin/info/t_game_servers
2022-07-05T14:31:16.643+0800	controller/handler.go:24	[GoAdmin] [37;44m 200 [0m [37;104m GET   [0m /admin/assets/dist/css/fonts/6xKydSBYKcSV-LCoeQqfX1RYOo3i54rwlxdr.ttf
2022-07-05T14:31:26.602+0800	controller/handler.go:24	[GoAdmin] [37;44m 200 [0m [37;104m GET   [0m /admin/info/t_game_servers
2022-07-05T14:31:31.860+0800	controller/handler.go:24	[GoAdmin] [37;44m 200 [0m [37;104m GET   [0m /admin/info/operation_servers
2022-07-05T14:31:41.298+0800	controller/handler.go:24	[GoAdmin] [37;44m 200 [0m [37;104m GET   [0m /admin/info/operation_servers
2022-07-05T14:34:45.241+0800	controller/handler.go:24	[GoAdmin] [37;44m 200 [0m [37;104m GET   [0m /admin/info/operation_servers
2022-07-05T14:34:56.201+0800	controller/handler.go:24	[GoAdmin] [37;44m 200 [0m [37;104m GET   [0m /admin/info/operation_servers
2022-07-05T14:34:57.184+0800	controller/handler.go:24	[GoAdmin] [37;44m 200 [0m [37;104m GET   [0m /admin/info/t_account_characters
2022-07-05T14:35:00.162+0800	controller/handler.go:24	[GoAdmin] [37;44m 200 [0m [37;104m GET   [0m /admin/info/operation_servers
2022-07-05T14:36:31.064+0800	controller/handler.go:24	[GoAdmin] [37;44m 200 [0m [37;104m GET   [0m /admin/info/operation_servers
2022-07-05T14:36:43.476+0800	controller/handler.go:24	[GoAdmin] [37;44m 200 [0m [37;104m POST   [0m /admin/operation/_server_deployResFiles
2022-07-05T14:36:49.014+0800	controller/handler.go:24	[GoAdmin] [37;44m 500 [0m [37;104m POST   [0m /admin/operation/_server_deployResFiles
2022-07-05T14:36:51.727+0800	controller/handler.go:24	[GoAdmin] [37;44m 500 [0m [37;104m POST   [0m /admin/operation/_server_deployResFiles
2022-07-05T14:36:53.182+0800	controller/handler.go:24	[GoAdmin] [37;44m 200 [0m [37;104m GET   [0m /admin/info/operation_servers
2022-07-05T14:36:55.475+0800	controller/handler.go:24	[GoAdmin] [37;44m 500 [0m [37;104m POST   [0m /admin/operation/_server_deployResFiles
2022-07-05T14:38:20.008+0800	controller/handler.go:24	[GoAdmin] [37;44m 200 [0m [37;104m GET   [0m /admin/info/operation_servers
2022-07-05T14:42:37.177+0800	controller/handler.go:24	[GoAdmin] [37;44m 200 [0m [37;104m GET   [0m /admin/info/operation_servers
2022-07-05T14:50:21.623+0800	controller/handler.go:24	[GoAdmin] [37;44m 200 [0m [37;104m POST   [0m /admin/operation/_server_CloseProcessWatch
2022-07-05T14:50:24.583+0800	controller/handler.go:24	[GoAdmin] [37;44m 200 [0m [37;104m POST   [0m /admin/operation/_admin_CloseServer
2022-07-05T14:50:26.930+0800	controller/handler.go:24	[GoAdmin] [37;44m 200 [0m [37;104m POST   [0m /admin/operation/_server_deployResFiles
2022-07-05T14:54:55.978+0800	controller/handler.go:24	[GoAdmin] [37;44m 200 [0m [37;104m GET   [0m /admin/info/operation_servers
2022-07-05T15:25:21.364+0800	controller/handler.go:24	[GoAdmin] [37;44m 200 [0m [37;104m GET   [0m /admin/info/operation_servers
2022-07-05T15:25:26.949+0800	controller/handler.go:24	[GoAdmin] [37;44m 500 [0m [37;104m POST   [0m /admin/operation/_server_fastbackup
2022-07-05T15:27:52.519+0800	controller/handler.go:24	[GoAdmin] [37;44m 200 [0m [37;104m GET   [0m /admin/info/operation_servers
2022-07-05T15:27:57.537+0800	controller/handler.go:24	[GoAdmin] [37;44m 200 [0m [37;104m POST   [0m /admin/operation/_server_fastbackup
2022-07-05T15:31:00.770+0800	controller/handler.go:24	[GoAdmin] [37;44m 200 [0m [37;104m GET   [0m /admin/info/operation_servers
2022-07-05T15:31:09.263+0800	controller/handler.go:24	[GoAdmin] [37;44m 200 [0m [37;104m POST   [0m /admin/operation/_server_fastbackup
2022-07-05T15:41:37.021+0800	controller/handler.go:24	[GoAdmin] [37;44m 200 [0m [37;104m GET   [0m /admin/info/operation_servers
2022-07-05T15:41:39.935+0800	controller/handler.go:24	[GoAdmin] [37;44m 200 [0m [37;104m POST   [0m /admin/operation/_server_backupGDB
2022-07-05T15:42:37.712+0800	controller/handler.go:24	[GoAdmin] [37;44m 200 [0m [37;104m POST   [0m /admin/operation/_server_backupGDB
2022-07-05T15:42:52.364+0800	controller/handler.go:24	[GoAdmin] [37;44m 200 [0m [37;104m POST   [0m /admin/operation/_server_backupGSDB
2022-07-05T15:44:00.076+0800	controller/handler.go:24	[GoAdmin] [37;44m 200 [0m [37;104m POST   [0m /admin/operation/_server_backupGSDB
2022-07-05T15:44:01.869+0800	controller/handler.go:24	[GoAdmin] [37;44m 200 [0m [37;104m POST   [0m /admin/operation/_server_backupGDB
2022-07-05T15:45:35.890+0800	controller/handler.go:24	[GoAdmin] [37;44m 200 [0m [37;104m POST   [0m /admin/operation/_server_backupGDB
2022-07-05T15:45:37.396+0800	controller/handler.go:24	[GoAdmin] [37;44m 200 [0m [37;104m POST   [0m /admin/operation/_server_backupGSDB
2022-07-05T15:45:45.457+0800	controller/handler.go:24	[GoAdmin] [37;44m 200 [0m [37;104m POST   [0m /admin/operation/_server_backupGDB
2022-07-05T15:45:49.095+0800	controller/handler.go:24	[GoAdmin] [37;44m 200 [0m [37;104m POST   [0m /admin/operation/_server_backupGSDB
2022-07-05T15:46:00.072+0800	controller/handler.go:24	[GoAdmin] [37;44m 200 [0m [37;104m POST   [0m /admin/operation/_server_backupGSDB
2022-07-05T15:47:05.958+0800	controller/handler.go:24	[GoAdmin] [37;44m 200 [0m [37;104m POST   [0m /admin/operation/_server_backupGSDB
2022-07-05T15:47:41.656+0800	controller/handler.go:24	[GoAdmin] [37;44m 200 [0m [37;104m GET   [0m /admin/info/operation_servers
2022-07-05T15:47:43.503+0800	controller/handler.go:24	[GoAdmin] [37;44m 200 [0m [37;104m POST   [0m /admin/operation/_server_backupGDB
2022-07-05T15:47:47.203+0800	controller/handler.go:24	[GoAdmin] [37;44m 200 [0m [37;104m POST   [0m /admin/operation/_server_backupGSDB
2022-07-05T15:48:07.090+0800	controller/handler.go:24	[GoAdmin] [37;44m 200 [0m [37;104m POST   [0m /admin/operation/_server_backupGSDB
2022-07-06T14:00:28.454+0800	controller/handler.go:24	[GoAdmin] [37;44m 302 [0m [37;104m GET   [0m /admin/info/operation_servers
2022-07-06T14:00:28.459+0800	controller/handler.go:24	[GoAdmin] [37;44m 200 [0m [37;104m GET   [0m /admin/login
2022-07-06T14:00:28.529+0800	controller/handler.go:24	[GoAdmin] [37;44m 200 [0m [37;104m GET   [0m /admin/assets/login/dist/all.min.css
2022-07-06T14:00:28.529+0800	controller/handler.go:24	[GoAdmin] [37;44m 200 [0m [37;104m GET   [0m /admin/assets/login/dist/all.min.js
2022-07-06T14:00:29.860+0800	controller/handler.go:24	[GoAdmin] [37;44m 200 [0m [37;104m POST   [0m /admin/signin
2022-07-06T14:00:46.793+0800	controller/handler.go:24	[GoAdmin] [37;44m 200 [0m [37;104m GET   [0m /admin/info/operation_servers
2022-07-06T14:00:46.972+0800	controller/handler.go:24	[GoAdmin] [37;44m 200 [0m [37;104m GET   [0m /admin/assets/dist/css/blue.png
2022-07-06T14:10:22.382+0800	controller/handler.go:24	[GoAdmin] [37;44m 200 [0m [37;104m GET   [0m /admin/assets/dist/js/all.min.8425540791.js
2022-07-06T14:10:22.383+0800	controller/handler.go:24	[GoAdmin] [37;44m 200 [0m [37;104m GET   [0m /admin/assets/dist/js/form.min.f8678914e9.js
2022-07-06T14:10:22.392+0800	controller/handler.go:24	[GoAdmin] [37;44m 200 [0m [37;104m GET   [0m /admin/assets/dist/js/tree.min.e1faf8b7de.js
2022-07-06T14:10:22.408+0800	controller/handler.go:24	[GoAdmin] [37;44m 200 [0m [37;104m GET   [0m /admin/assets/dist/js/treeview.min.7780d3bb0f.js
2022-07-06T14:10:22.418+0800	controller/handler.go:24	[GoAdmin] [37;44m 200 [0m [37;104m GET   [0m /admin/assets/dist/img/avatar04.png
2022-07-06T14:10:22.421+0800	controller/handler.go:24	[GoAdmin] [37;44m 200 [0m [37;104m GET   [0m /admin/assets/chart.min.js
2022-07-06T14:10:22.422+0800	controller/handler.go:24	[GoAdmin] [37;44m 200 [0m [37;104m GET   [0m /admin/assets/dist/js/datatable.min.581cdc109b.js
2022-07-06T14:10:22.423+0800	controller/handler.go:24	[GoAdmin] [37;44m 200 [0m [37;104m GET   [0m /admin/assets/dist/js/all_2.min.38a2a946b0.js
2022-07-06T14:10:22.438+0800	controller/handler.go:24	[GoAdmin] [37;44m 200 [0m [37;104m GET   [0m /admin/assets/dist/fonts/fontawesome-webfont.woff2
2022-07-06T14:10:22.440+0800	controller/handler.go:24	[GoAdmin] [37;44m 200 [0m [37;104m GET   [0m /admin/assets/dist/css/fonts/6xK3dSBYKcSV-LCoeQqfX1RYOo3qOK7g.ttf
2022-07-06T14:10:22.507+0800	controller/handler.go:24	[GoAdmin] [37;44m 200 [0m [37;104m GET   [0m /admin/assets/dist/css/fonts/6xKydSBYKcSV-LCoeQqfX1RYOo3ig4vwlxdr.ttf
2022-07-06T14:10:24.580+0800	controller/handler.go:24	[GoAdmin] [37;44m 200 [0m [37;104m GET   [0m /admin/assets/dist/fonts/glyphicons-halflings-regular.woff2
2022-07-06T15:40:20.160+0800	controller/handler.go:24	[GoAdmin] [37;44m 302 [0m [37;104m GET   [0m /admin/info/test
2022-07-06T15:40:20.164+0800	controller/handler.go:24	[GoAdmin] [37;44m 200 [0m [37;104m GET   [0m /admin/login
2022-07-06T15:40:21.633+0800	controller/handler.go:24	[GoAdmin] [37;44m 200 [0m [37;104m POST   [0m /admin/signin
2022-07-06T15:40:55.366+0800	controller/handler.go:24	[GoAdmin] [37;44m 200 [0m [37;104m GET   [0m /admin/info/test
2022-07-06T15:40:58.916+0800	controller/handler.go:24	[GoAdmin] [37;44m 200 [0m [37;104m GET   [0m /admin/info/test
2022-07-06T15:45:39.219+0800	controller/handler.go:24	[GoAdmin] [37;44m 200 [0m [37;104m GET   [0m /admin/info/test
2022-07-06T15:46:21.096+0800	controller/handler.go:24	[GoAdmin] [37;44m 200 [0m [37;104m GET   [0m /admin/info/test
2022-07-06T16:36:30.605+0800	controller/handler.go:24	[GoAdmin] [37;44m 200 [0m [37;104m GET   [0m /admin/assets/dist/css/fonts/6xKydSBYKcSV-LCoeQqfX1RYOo3i54rwlxdr.ttf
2022-07-06T16:36:30.605+0800	controller/handler.go:24	[GoAdmin] [37;44m 200 [0m [37;104m GET   [0m /admin/assets/dist/css/fonts/6xKydSBYKcSV-LCoeQqfX1RYOo3ik4zwlxdr.ttf
2022-07-06T16:43:12.603+0800	controller/handler.go:24	[GoAdmin] [37;44m 200 [0m [37;104m GET   [0m /admin/info/t_game_servers
2022-07-06T16:44:38.432+0800	controller/handler.go:24	[GoAdmin] [37;44m 200 [0m [37;104m GET   [0m /admin/info/t_game_servers
2022-07-06T16:45:01.847+0800	controller/handler.go:24	[GoAdmin] [37;44m 200 [0m [37;104m GET   [0m /admin/info/t_game_servers
2022-07-06T16:49:14.778+0800	controller/handler.go:24	[GoAdmin] [37;44m 200 [0m [37;104m GET   [0m /admin/menu
2022-07-06T16:49:33.175+0800	controller/handler.go:24	[GoAdmin] [37;44m 200 [0m [37;104m GET   [0m /admin/info/t_game_servers
2022-07-06T16:49:35.896+0800	controller/handler.go:24	[GoAdmin] [37;44m 200 [0m [37;104m GET   [0m /admin/menu
2022-07-06T16:50:01.045+0800	controller/handler.go:24	[GoAdmin] [37;44m 200 [0m [37;104m POST   [0m /admin/menu/new
2022-07-06T16:50:25.331+0800	controller/handler.go:24	[GoAdmin] [37;44m 200 [0m [37;104m POST   [0m /admin/menu/new
2022-07-06T16:51:18.773+0800	controller/handler.go:24	[GoAdmin] [37;44m 200 [0m [37;104m POST   [0m /admin/menu/new
2022-07-06T16:51:26.834+0800	controller/handler.go:24	[GoAdmin] [37;44m 200 [0m [37;104m GET   [0m /admin/menu/edit/show
2022-07-06T16:51:32.008+0800	controller/handler.go:24	[GoAdmin] [37;44m 200 [0m [37;104m POST   [0m /admin/menu/edit
2022-07-06T16:51:33.431+0800	controller/handler.go:24	[GoAdmin] [37;44m 200 [0m [37;104m GET   [0m /admin/menu
2022-07-06T16:51:37.936+0800	controller/handler.go:24	[GoAdmin] [37;44m 200 [0m [37;104m GET   [0m /admin/info/operation_servers
2022-07-06T17:26:33.994+0800	controller/handler.go:24	[GoAdmin] [37;44m 200 [0m [37;104m GET   [0m /admin/info/operation_servers
2022-07-06T17:26:35.038+0800	controller/handler.go:24	[GoAdmin] [37;44m 200 [0m [37;104m GET   [0m /admin/info/operation_servers
2022-07-06T17:27:03.380+0800	controller/handler.go:24	[GoAdmin] [37;44m 200 [0m [37;104m GET   [0m /admin/info/operation_servers
2022-07-06T17:54:40.051+0800	controller/handler.go:24	[GoAdmin] [37;44m 302 [0m [37;104m GET   [0m /admin/info/operation_servers
2022-07-06T17:54:40.055+0800	controller/handler.go:24	[GoAdmin] [37;44m 200 [0m [37;104m GET   [0m /admin/login
2022-07-06T17:54:41.035+0800	controller/handler.go:24	[GoAdmin] [37;44m 200 [0m [37;104m POST   [0m /admin/signin
2022-07-06T17:54:45.854+0800	controller/handler.go:24	[GoAdmin] [37;44m 200 [0m [37;104m GET   [0m /admin/info/operation_servers
2022-07-06T17:55:00.634+0800	controller/handler.go:24	[GoAdmin] [37;44m 200 [0m [37;104m POST   [0m /admin/operation/_server_closeServerProcess
2022-07-06T17:55:55.143+0800	controller/handler.go:24	[GoAdmin] [37;44m 200 [0m [37;104m POST   [0m /admin/operation/_server_clear_update_deploy
2022-07-06T17:56:04.445+0800	controller/handler.go:24	[GoAdmin] [37;44m 200 [0m [37;104m POST   [0m /admin/operation/_server_closeServerProcess
2022-07-06T17:56:17.315+0800	controller/handler.go:24	[GoAdmin] [37;44m 200 [0m [37;104m POST   [0m /admin/operation/_server_clear_update_deploy
2022-07-06T17:58:09.533+0800	controller/handler.go:24	[GoAdmin] [37;44m 200 [0m [37;104m GET   [0m /admin/info/operation_servers
2022-07-06T17:59:27.056+0800	controller/handler.go:24	[GoAdmin] [37;44m 200 [0m [37;104m GET   [0m /admin/info/operation_servers
2022-07-06T17:59:32.323+0800	controller/handler.go:24	[GoAdmin] [37;44m 200 [0m [37;104m GET   [0m /admin/info/t_game_servers
2022-07-06T17:59:38.797+0800	controller/handler.go:24	[GoAdmin] [37;44m 200 [0m [37;104m POST   [0m /admin/operation/_admin_popup_setServerStatus
2022-07-06T17:59:38.972+0800	controller/handler.go:24	[GoAdmin] [37;44m 200 [0m [37;104m GET   [0m /admin/assets/dist/img/ui-icons_444444_256x240.png
2022-07-07T13:43:06.250+0800	controller/handler.go:24	[GoAdmin] [37;44m 302 [0m [37;104m GET   [0m /admin/info/t_game_servers
2022-07-07T13:43:06.256+0800	controller/handler.go:24	[GoAdmin] [37;44m 200 [0m [37;104m GET   [0m /admin/login
2022-07-07T13:43:08.829+0800	controller/handler.go:24	[GoAdmin] [37;44m 200 [0m [37;104m POST   [0m /admin/signin
2022-07-07T13:43:08.840+0800	controller/handler.go:24	[GoAdmin] [37;44m 200 [0m [37;104m GET   [0m /admin/login
2022-07-07T13:43:09.756+0800	controller/handler.go:24	[GoAdmin] [37;44m 200 [0m [37;104m POST   [0m /admin/signin
2022-07-07T13:43:13.257+0800	controller/handler.go:24	[GoAdmin] [37;44m 200 [0m [37;104m GET   [0m /admin/info/operation_servers
2022-07-07T13:43:13.358+0800	controller/handler.go:24	[GoAdmin] [37;44m 200 [0m [37;104m GET   [0m /admin/assets/dist/css/fonts/6xKydSBYKcSV-LCoeQqfX1RYOo3ik4zwlxdr.ttf
2022-07-07T13:52:40.432+0800	controller/handler.go:24	[GoAdmin] [37;44m 200 [0m [37;104m GET   [0m /admin/info/t_game_servers
2022-07-07T13:52:55.715+0800	controller/handler.go:24	[GoAdmin] [37;44m 200 [0m [37;104m GET   [0m /admin/info/operation_servers
2022-07-07T14:00:19.304+0800	controller/handler.go:24	[GoAdmin] [37;44m 200 [0m [37;104m GET   [0m /admin/info/operation_servers
2022-07-07T14:00:21.472+0800	controller/handler.go:24	[GoAdmin] [37;44m 200 [0m [37;104m GET   [0m /admin/info/operation_servers/edit
2022-07-07T14:00:46.480+0800	controller/handler.go:24	[GoAdmin] [37;44m 200 [0m [37;104m GET   [0m /admin/info/operation_servers
2022-07-07T14:00:47.107+0800	controller/handler.go:24	[GoAdmin] [37;44m 200 [0m [37;104m GET   [0m /admin/info/operation_servers
2022-07-07T15:14:50.988+0800	controller/handler.go:24	[GoAdmin] [37;44m 200 [0m [37;104m GET   [0m /admin/info/operation_servers
2022-07-07T15:14:53.870+0800	controller/handler.go:24	[GoAdmin] [37;44m 200 [0m [37;104m GET   [0m /admin/info/operation_servers/new
2022-07-07T15:17:19.933+0800	controller/handler.go:24	[GoAdmin] [37;44m 200 [0m [37;104m POST   [0m /admin/new/operation_servers
2022-07-07T15:17:20.024+0800	controller/handler.go:24	[GoAdmin] [37;44m 200 [0m [37;104m GET   [0m /admin/assets/dist/css/fonts/6xKydSBYKcSV-LCoeQqfX1RYOo3i54rwlxdr.ttf
2022-07-07T15:17:39.394+0800	controller/handler.go:24	[GoAdmin] [37;44m 200 [0m [37;104m GET   [0m /admin/info/operation_servers
2022-07-07T15:17:41.529+0800	controller/handler.go:24	[GoAdmin] [37;44m 200 [0m [37;104m GET   [0m /admin/info/operation_servers/new
2022-07-07T15:19:58.285+0800	controller/handler.go:24	[GoAdmin] [37;44m 200 [0m [37;104m POST   [0m /admin/new/operation_servers
2022-07-07T15:20:15.386+0800	controller/handler.go:24	[GoAdmin] [37;44m 200 [0m [37;104m GET   [0m /admin/info/operation_servers
2022-07-07T15:20:16.135+0800	controller/handler.go:24	[GoAdmin] [37;44m 200 [0m [37;104m GET   [0m /admin/info/operation_servers/new
2022-07-07T15:20:43.880+0800	controller/handler.go:24	[GoAdmin] [37;44m 200 [0m [37;104m POST   [0m /admin/new/operation_servers
2022-07-07T15:20:54.827+0800	controller/handler.go:24	[GoAdmin] [37;44m 200 [0m [37;104m GET   [0m /admin/info/operation_servers
2022-07-07T15:20:56.140+0800	controller/handler.go:24	[GoAdmin] [37;44m 200 [0m [37;104m GET   [0m /admin/info/operation_servers
2022-07-07T15:20:58.040+0800	controller/handler.go:24	[GoAdmin] [37;44m 200 [0m [37;104m GET   [0m /admin/info/operation_servers
2022-07-07T15:20:59.584+0800	controller/handler.go:24	[GoAdmin] [37;44m 200 [0m [37;104m GET   [0m /admin/info/operation_servers
2022-07-07T15:21:00.999+0800	controller/handler.go:24	[GoAdmin] [37;44m 200 [0m [37;104m GET   [0m /admin/info/operation_servers
2022-07-07T15:21:03.333+0800	controller/handler.go:24	[GoAdmin] [37;44m 200 [0m [37;104m GET   [0m /admin/info/operation_servers
2022-07-07T15:21:04.463+0800	controller/handler.go:24	[GoAdmin] [37;44m 200 [0m [37;104m GET   [0m /admin/info/operation_servers
2022-07-07T15:21:27.094+0800	controller/handler.go:24	[GoAdmin] [37;44m 200 [0m [37;104m GET   [0m /admin/info/operation_servers
2022-07-07T15:21:30.288+0800	controller/handler.go:24	[GoAdmin] [37;44m 200 [0m [37;104m GET   [0m /admin/info/operation_servers/edit
2022-07-07T15:21:33.437+0800	controller/handler.go:24	[GoAdmin] [37;44m 200 [0m [37;104m GET   [0m /admin/info/operation_servers
2022-07-07T15:21:35.855+0800	controller/handler.go:24	[GoAdmin] [37;44m 200 [0m [37;104m GET   [0m /admin/info/operation_servers/edit
2022-07-07T15:21:37.991+0800	controller/handler.go:24	[GoAdmin] [37;44m 200 [0m [37;104m GET   [0m /admin/info/operation_servers
2022-07-07T15:21:39.277+0800	controller/handler.go:24	[GoAdmin] [37;44m 200 [0m [37;104m GET   [0m /admin/info/operation_servers/edit
2022-07-07T15:21:40.529+0800	controller/handler.go:24	[GoAdmin] [37;44m 200 [0m [37;104m GET   [0m /admin/info/operation_servers
2022-07-07T15:21:54.781+0800	controller/handler.go:24	[GoAdmin] [37;44m 200 [0m [37;104m GET   [0m /admin/info/operation_servers/edit
2022-07-07T15:22:02.860+0800	controller/handler.go:24	[GoAdmin] [37;44m 200 [0m [37;104m GET   [0m /admin/info/operation_servers
2022-07-07T15:22:05.920+0800	controller/handler.go:24	[GoAdmin] [37;44m 200 [0m [37;104m GET   [0m /admin/info/operation_servers
2022-07-07T15:22:07.244+0800	controller/handler.go:24	[GoAdmin] [37;44m 200 [0m [37;104m GET   [0m /admin/info/operation_servers/edit
2022-07-07T15:22:08.948+0800	controller/handler.go:24	[GoAdmin] [37;44m 200 [0m [37;104m GET   [0m /admin/info/operation_servers
2022-07-07T15:22:10.085+0800	controller/handler.go:24	[GoAdmin] [37;44m 200 [0m [37;104m GET   [0m /admin/info/operation_servers/edit
2022-07-07T15:22:11.417+0800	controller/handler.go:24	[GoAdmin] [37;44m 200 [0m [37;104m GET   [0m /admin/info/operation_servers
2022-07-07T15:36:57.967+0800	controller/handler.go:24	[GoAdmin] [37;44m 200 [0m [37;104m GET   [0m /admin/info/operation_servers/edit
2022-07-07T15:39:19.865+0800	controller/handler.go:24	[GoAdmin] [37;44m 200 [0m [37;104m GET   [0m /admin/info/operation_servers
2022-07-07T15:39:20.807+0800	controller/handler.go:24	[GoAdmin] [37;44m 200 [0m [37;104m GET   [0m /admin/info/operation_servers
2022-07-07T15:39:21.321+0800	controller/handler.go:24	[GoAdmin] [37;44m 200 [0m [37;104m GET   [0m /admin/info/operation_servers
2022-07-07T15:39:21.548+0800	controller/handler.go:24	[GoAdmin] [37;44m 200 [0m [37;104m GET   [0m /admin/info/operation_servers
2022-07-07T15:39:21.726+0800	controller/handler.go:24	[GoAdmin] [37;44m 200 [0m [37;104m GET   [0m /admin/info/operation_servers
2022-07-07T15:39:21.891+0800	controller/handler.go:24	[GoAdmin] [37;44m 200 [0m [37;104m GET   [0m /admin/info/operation_servers
2022-07-07T15:39:22.031+0800	controller/handler.go:24	[GoAdmin] [37;44m 200 [0m [37;104m GET   [0m /admin/info/operation_servers
2022-07-07T15:39:22.161+0800	controller/handler.go:24	[GoAdmin] [37;44m 200 [0m [37;104m GET   [0m /admin/info/operation_servers
2022-07-07T15:39:22.306+0800	controller/handler.go:24	[GoAdmin] [37;44m 200 [0m [37;104m GET   [0m /admin/info/operation_servers
2022-07-07T15:40:33.812+0800	controller/handler.go:24	[GoAdmin] [37;44m 200 [0m [37;104m GET   [0m /admin/info/operation_servers
2022-07-07T15:43:17.564+0800	controller/handler.go:24	[GoAdmin] [37;44m 200 [0m [37;104m GET   [0m /admin/info/operation_servers/edit
2022-07-07T15:43:17.610+0800	controller/handler.go:24	[GoAdmin] [37;44m 302 [0m [37;104m GET   [0m /admin/info/operation_servers/edit
2022-07-07T15:43:17.612+0800	controller/handler.go:24	[GoAdmin] [37;44m 200 [0m [37;104m GET   [0m /admin/login
2022-07-07T15:43:19.958+0800	controller/handler.go:24	[GoAdmin] [37;44m 200 [0m [37;104m POST   [0m /admin/signin
2022-07-07T15:43:20.012+0800	controller/handler.go:24	[GoAdmin] [37;44m 200 [0m [37;104m GET   [0m /admin/info/operation_servers
2022-07-07T15:43:21.650+0800	controller/handler.go:24	[GoAdmin] [37;44m 200 [0m [37;104m GET   [0m /admin/info/operation_servers
2022-07-07T15:44:40.453+0800	controller/handler.go:24	[GoAdmin] [37;44m 200 [0m [37;104m GET   [0m /admin/info/operation_servers
2022-07-07T15:44:48.554+0800	controller/handler.go:24	[GoAdmin] [37;44m 200 [0m [37;104m GET   [0m /admin/info/operation_servers/edit
2022-07-07T15:44:49.930+0800	controller/handler.go:24	[GoAdmin] [37;44m 200 [0m [37;104m GET   [0m /admin/info/operation_servers
2022-07-07T15:44:51.831+0800	controller/handler.go:24	[GoAdmin] [37;44m 200 [0m [37;104m GET   [0m /admin/info/operation_servers/edit
2022-07-07T15:44:53.610+0800	controller/handler.go:24	[GoAdmin] [37;44m 200 [0m [37;104m GET   [0m /admin/info/operation_servers
2022-07-07T15:45:45.583+0800	controller/handler.go:24	[GoAdmin] [37;44m 200 [0m [37;104m GET   [0m /admin/info/operation_servers/edit
2022-07-07T15:45:50.785+0800	controller/handler.go:24	[GoAdmin] [37;44m 200 [0m [37;104m GET   [0m /admin/info/operation_servers
2022-07-07T15:45:52.695+0800	controller/handler.go:24	[GoAdmin] [37;44m 200 [0m [37;104m GET   [0m /admin/info/operation_servers
2022-07-07T15:45:55.225+0800	controller/handler.go:24	[GoAdmin] [37;44m 200 [0m [37;104m GET   [0m /admin/info/operation_servers/edit
2022-07-07T15:45:55.300+0800	controller/handler.go:24	[GoAdmin] [37;44m 200 [0m [37;104m GET   [0m /admin/info/operation_servers/edit
2022-07-07T15:46:35.603+0800	controller/handler.go:24	[GoAdmin] [37;44m 200 [0m [37;104m GET   [0m /admin/info/operation_servers
2022-07-07T15:46:37.080+0800	controller/handler.go:24	[GoAdmin] [37;44m 200 [0m [37;104m GET   [0m /admin/info/operation_servers/edit
2022-07-07T15:46:37.154+0800	controller/handler.go:24	[GoAdmin] [37;44m 200 [0m [37;104m GET   [0m /admin/info/operation_servers/edit
2022-07-07T15:46:39.207+0800	controller/handler.go:24	[GoAdmin] [37;44m 200 [0m [37;104m GET   [0m /admin/info/operation_servers
2022-07-07T15:46:40.858+0800	controller/handler.go:24	[GoAdmin] [37;44m 200 [0m [37;104m GET   [0m /admin/info/operation_servers/edit
2022-07-07T15:46:40.939+0800	controller/handler.go:24	[GoAdmin] [37;44m 200 [0m [37;104m GET   [0m /admin/info/operation_servers/edit
2022-07-07T15:47:27.494+0800	controller/handler.go:24	[GoAdmin] [37;44m 200 [0m [37;104m GET   [0m /admin/info/operation_servers/edit
2022-07-07T15:47:29.752+0800	controller/handler.go:24	[GoAdmin] [37;44m 200 [0m [37;104m GET   [0m /admin/info/operation_servers
2022-07-07T15:47:32.025+0800	controller/handler.go:24	[GoAdmin] [37;44m 200 [0m [37;104m GET   [0m /admin/info/operation_servers/edit
2022-07-07T15:47:33.085+0800	controller/handler.go:24	[GoAdmin] [37;44m 200 [0m [37;104m GET   [0m /admin/info/operation_servers
2022-07-07T15:47:54.884+0800	controller/handler.go:24	[GoAdmin] [37;44m 200 [0m [37;104m GET   [0m /admin/info/operation_servers
2022-07-07T15:49:15.440+0800	controller/handler.go:24	[GoAdmin] [37;44m 200 [0m [37;104m GET   [0m /admin/info/operation_servers/new
2022-07-07T15:50:12.944+0800	controller/handler.go:24	[GoAdmin] [37;44m 200 [0m [37;104m GET   [0m /admin/info/operation_servers
2022-07-09T12:12:51.267+0800	controller/handler.go:24	[GoAdmin] [37;44m 302 [0m [37;104m GET   [0m /admin/info/operation_servers
2022-07-09T12:12:51.273+0800	controller/handler.go:24	[GoAdmin] [37;44m 200 [0m [37;104m GET   [0m /admin/login
2022-07-09T12:12:51.460+0800	controller/handler.go:24	[GoAdmin] [37;44m 200 [0m [37;104m GET   [0m /admin/assets/login/dist/all.min.js
2022-07-09T12:12:51.460+0800	controller/handler.go:24	[GoAdmin] [37;44m 200 [0m [37;104m GET   [0m /admin/assets/login/dist/all.min.css
2022-07-09T12:12:53.400+0800	controller/handler.go:24	[GoAdmin] [37;44m 200 [0m [37;104m POST   [0m /admin/signin
2022-07-09T12:12:53.469+0800	controller/handler.go:24	[GoAdmin] [37;44m 200 [0m [37;104m GET   [0m /admin/info/operation_servers
2022-07-09T12:12:53.505+0800	controller/handler.go:24	[GoAdmin] [37;44m 200 [0m [37;104m GET   [0m /admin/assets/dist/css/all.min.7bcc29700e.css
2022-07-09T12:12:53.512+0800	controller/handler.go:24	[GoAdmin] [37;44m 200 [0m [37;104m GET   [0m /admin/assets/dist/js/tree.min.e1faf8b7de.js
2022-07-09T12:12:53.513+0800	controller/handler.go:24	[GoAdmin] [37;44m 200 [0m [37;104m GET   [0m /admin/assets/dist/js/all.min.8425540791.js
2022-07-09T12:12:53.522+0800	controller/handler.go:24	[GoAdmin] [37;44m 200 [0m [37;104m GET   [0m /admin/assets/dist/js/datatable.min.581cdc109b.js
2022-07-09T12:12:53.551+0800	controller/handler.go:24	[GoAdmin] [37;44m 200 [0m [37;104m GET   [0m /admin/assets/dist/js/treeview.min.7780d3bb0f.js
2022-07-09T12:12:53.554+0800	controller/handler.go:24	[GoAdmin] [37;44m 200 [0m [37;104m GET   [0m /admin/assets/dist/js/form.min.f8678914e9.js
2022-07-09T12:12:53.555+0800	controller/handler.go:24	[GoAdmin] [37;44m 200 [0m [37;104m GET   [0m /admin/assets/dist/img/avatar04.png
2022-07-09T12:12:53.556+0800	controller/handler.go:24	[GoAdmin] [37;44m 200 [0m [37;104m GET   [0m /admin/assets/dist/js/all_2.min.38a2a946b0.js
2022-07-09T12:12:53.559+0800	controller/handler.go:24	[GoAdmin] [37;44m 200 [0m [37;104m GET   [0m /admin/assets/chart.min.js
2022-07-09T12:12:53.571+0800	controller/handler.go:24	[GoAdmin] [37;44m 200 [0m [37;104m GET   [0m /admin/assets/dist/fonts/fontawesome-webfont.woff2
2022-07-09T12:12:53.572+0800	controller/handler.go:24	[GoAdmin] [37;44m 200 [0m [37;104m GET   [0m /admin/assets/dist/css/fonts/6xK3dSBYKcSV-LCoeQqfX1RYOo3qOK7g.ttf
2022-07-09T12:12:53.644+0800	controller/handler.go:24	[GoAdmin] [37;44m 200 [0m [37;104m GET   [0m /admin/assets/dist/css/fonts/6xKydSBYKcSV-LCoeQqfX1RYOo3ig4vwlxdr.ttf
2022-07-09T12:12:53.660+0800	controller/handler.go:24	[GoAdmin] [37;44m 200 [0m [37;104m GET   [0m /admin/assets/dist/css/fonts/6xKydSBYKcSV-LCoeQqfX1RYOo3ik4zwlxdr.ttf
2022-07-09T12:12:53.668+0800	controller/handler.go:24	[GoAdmin] [37;44m 200 [0m [37;104m GET   [0m /admin/assets/dist/css/blue.png
2022-07-09T12:12:54.824+0800	controller/handler.go:24	[GoAdmin] [37;44m 200 [0m [37;104m GET   [0m /admin/info/operation_servers
2022-07-09T12:12:59.759+0800	controller/handler.go:24	[GoAdmin] [37;44m 200 [0m [37;104m POST   [0m /admin/operation/_admin_popup_setServerSymbol
2022-07-09T12:12:59.783+0800	controller/handler.go:24	[GoAdmin] [37;44m 200 [0m [37;104m GET   [0m /admin/assets/dist/fonts/glyphicons-halflings-regular.woff2
2022-07-09T12:12:59.874+0800	controller/handler.go:24	[GoAdmin] [37;44m 200 [0m [37;104m GET   [0m /admin/assets/dist/img/ui-icons_444444_256x240.png
2022-07-09T12:13:39.769+0800	controller/handler.go:24	[GoAdmin] [37;44m 200 [0m [37;104m GET   [0m /admin/assets/dist/css/fonts/6xKydSBYKcSV-LCoeQqfX1RYOo3i54rwlxdr.ttf
2022-07-09T12:14:11.224+0800	controller/handler.go:24	[GoAdmin] [37;44m 200 [0m [37;104m GET   [0m /admin/info/operation_servers
2022-07-09T12:14:12.035+0800	controller/handler.go:24	[GoAdmin] [37;44m 200 [0m [37;104m GET   [0m /admin/info/operation_servers
2022-07-09T12:14:16.015+0800	controller/handler.go:24	[GoAdmin] [37;44m 200 [0m [37;104m POST   [0m /admin/operation/_admin_popup_setServerSymbol
2022-07-09T12:16:55.602+0800	controller/handler.go:24	[GoAdmin] [37;44m 200 [0m [37;104m GET   [0m /admin/info/operation_servers
2022-07-09T12:16:56.139+0800	controller/handler.go:24	[GoAdmin] [37;44m 200 [0m [37;104m GET   [0m /admin/info/operation_servers
2022-07-09T12:16:58.918+0800	controller/handler.go:24	[GoAdmin] [37;44m 200 [0m [37;104m POST   [0m /admin/operation/_admin_popup_setServerSymbol
2022-07-09T12:18:27.982+0800	controller/handler.go:24	[GoAdmin] [37;44m 200 [0m [37;104m GET   [0m /admin/info/operation_servers
2022-07-09T12:18:28.992+0800	controller/handler.go:24	[GoAdmin] [37;44m 200 [0m [37;104m GET   [0m /admin/info/operation_servers
2022-07-09T12:18:32.482+0800	controller/handler.go:24	[GoAdmin] [37;44m 200 [0m [37;104m POST   [0m /admin/operation/_admin_popup_setServerSymbol
2022-07-09T12:19:04.749+0800	controller/handler.go:24	[GoAdmin] [37;44m 200 [0m [37;104m GET   [0m /admin/info/operation_servers
2022-07-09T12:45:13.825+0800	controller/handler.go:24	[GoAdmin] [37;44m 200 [0m [37;104m GET   [0m /admin/info/operation_servers
2022-07-09T12:45:15.928+0800	controller/handler.go:24	[GoAdmin] [37;44m 200 [0m [37;104m POST   [0m /admin/operation/_admin_popup_reqHotfixServer
2022-07-09T12:45:58.899+0800	controller/handler.go:24	[GoAdmin] [37;44m 200 [0m [37;104m GET   [0m /admin/info/operation_servers
2022-07-09T12:46:01.937+0800	controller/handler.go:24	[GoAdmin] [37;44m 200 [0m [37;104m POST   [0m /admin/operation/_admin_popup_reqHotfixServer
2022-07-09T12:46:24.337+0800	controller/handler.go:24	[GoAdmin] [37;44m 200 [0m [37;104m GET   [0m /admin/info/operation_servers
2022-07-09T12:46:25.531+0800	controller/handler.go:24	[GoAdmin] [37;44m 200 [0m [37;104m POST   [0m /admin/operation/_admin_popup_reqHotfixServer
2022-07-09T13:51:22.081+0800	controller/handler.go:24	[GoAdmin] [37;44m 200 [0m [37;104m GET   [0m /admin/info/operation_servers
2022-07-09T13:51:24.984+0800	controller/handler.go:24	[GoAdmin] [37;44m 200 [0m [37;104m POST   [0m /admin/operation/_admin_popup_reqHotfixServer
2022-07-09T14:11:09.283+0800	controller/handler.go:24	[GoAdmin] [37;44m 200 [0m [37;104m GET   [0m /admin/info/operation_servers
2022-07-09T14:11:10.314+0800	controller/handler.go:24	[GoAdmin] [37;44m 200 [0m [37;104m POST   [0m /admin/operation/_admin_popup_reqHotfixServer
2022-07-09T17:58:19.689+0800	controller/handler.go:24	[GoAdmin] [37;44m 200 [0m [37;104m GET   [0m /admin/login
2022-07-09T17:58:19.720+0800	controller/handler.go:24	[GoAdmin] [37;44m 200 [0m [37;104m GET   [0m /admin/login
2022-07-09T17:58:20.794+0800	controller/handler.go:24	[GoAdmin] [37;44m 200 [0m [37;104m POST   [0m /admin/signin
2022-07-09T17:58:20.896+0800	controller/handler.go:24	[GoAdmin] [37;44m 200 [0m [37;104m GET   [0m /admin/info/operation_servers
2022-07-09T18:16:13.220+0800	controller/handler.go:24	[GoAdmin] [37;44m 200 [0m [37;104m GET   [0m /admin/info/inst_player_char_brief
2022-07-09T18:16:26.902+0800	controller/handler.go:24	[GoAdmin] [37;44m 200 [0m [37;104m GET   [0m /admin/info/inst_player_char_brief
2022-07-09T18:32:01.137+0800	controller/handler.go:24	[GoAdmin] [37;44m 200 [0m [37;104m GET   [0m /admin/info/t_game_servers
2022-07-09T18:32:08.501+0800	controller/handler.go:24	[GoAdmin] [37;44m 200 [0m [37;104m POST   [0m /admin/operation/_admin_popup_setServerStatus
2022-07-09T18:32:16.580+0800	controller/handler.go:24	[GoAdmin] [37;44m 200 [0m [37;104m GET   [0m /admin/info/t_game_servers
2022-07-09T18:32:18.762+0800	controller/handler.go:24	[GoAdmin] [37;44m 200 [0m [37;104m POST   [0m /admin/operation/_admin_NotifyServer
2022-07-09T18:33:03.909+0800	controller/handler.go:24	[GoAdmin] [37;44m 200 [0m [37;104m GET   [0m /admin/info/inst_player_char_brief
2022-07-09T18:33:07.331+0800	controller/handler.go:24	[GoAdmin] [37;44m 200 [0m [37;104m GET   [0m /admin/info/inst_player_char_brief
2022-07-09T18:33:34.044+0800	controller/handler.go:24	[GoAdmin] [37;44m 200 [0m [37;104m GET   [0m /admin/info/inst_player_char_brief
2022-07-09T18:33:39.692+0800	controller/handler.go:24	[GoAdmin] [37;44m 200 [0m [37;104m GET   [0m /admin/info/inst_player_char_brief
2022-07-09T18:47:52.994+0800	controller/handler.go:24	[GoAdmin] [37;44m 200 [0m [37;104m GET   [0m /admin/info/inst_player_char_brief
2022-07-09T18:47:56.846+0800	controller/handler.go:24	[GoAdmin] [37;44m 200 [0m [37;104m GET   [0m /admin/info/inst_player_char_brief
2022-07-09T18:52:46.053+0800	controller/handler.go:24	[GoAdmin] [37;44m 200 [0m [37;104m GET   [0m /admin/info/inst_player_char_brief
2022-07-09T18:52:48.625+0800	controller/handler.go:24	[GoAdmin] [37;44m 200 [0m [37;104m GET   [0m /admin/info/inst_player_char_brief
2022-07-09T19:01:36.155+0800	controller/handler.go:24	[GoAdmin] [37;44m 200 [0m [37;104m GET   [0m /admin/info/inst_player_char_brief
2022-07-09T19:01:39.215+0800	controller/handler.go:24	[GoAdmin] [37;44m 200 [0m [37;104m GET   [0m /admin/info/inst_player_char_brief
2022-07-10T13:19:17.547+0800	controller/handler.go:24	[GoAdmin] [37;44m 200 [0m [37;104m GET   [0m /admin/login
2022-07-10T13:19:19.955+0800	controller/handler.go:24	[GoAdmin] [37;44m 200 [0m [37;104m POST   [0m /admin/signin
2022-07-10T13:19:19.971+0800	controller/handler.go:24	[GoAdmin] [37;44m 200 [0m [37;104m GET   [0m /admin/login
2022-07-10T13:19:20.835+0800	controller/handler.go:24	[GoAdmin] [37;44m 200 [0m [37;104m POST   [0m /admin/signin
2022-07-10T13:19:20.921+0800	controller/handler.go:24	[GoAdmin] [37;44m 200 [0m [37;104m GET   [0m /admin/info/operation_servers
2022-07-10T13:19:27.658+0800	controller/handler.go:24	[GoAdmin] [37;44m 200 [0m [37;104m GET   [0m /admin/info/ExportTables
2022-07-10T13:19:42.958+0800	controller/handler.go:24	[GoAdmin] [37;44m 200 [0m [37;104m GET   [0m /admin/info/log_player_moneys
2022-07-10T13:19:59.592+0800	controller/handler.go:24	[GoAdmin] [37;44m 200 [0m [37;104m GET   [0m /admin/info/log_player_moneys
2022-07-10T13:20:12.176+0800	controller/handler.go:24	[GoAdmin] [37;44m 200 [0m [37;104m GET   [0m /admin/info/log_player_moneys
2022-07-10T13:20:40.665+0800	controller/handler.go:24	[GoAdmin] [37;44m 200 [0m [37;104m GET   [0m /admin/info/log_player_moneys
2022-07-10T13:22:21.575+0800	controller/handler.go:24	[GoAdmin] [37;44m 200 [0m [37;104m GET   [0m /admin/info/log_player_moneys
2022-07-10T14:21:51.251+0800	controller/handler.go:24	[GoAdmin] [37;44m 200 [0m [37;104m GET   [0m /admin/info/log_player_moneys
2022-07-10T14:24:24.155+0800	controller/handler.go:24	[GoAdmin] [37;44m 200 [0m [37;104m GET   [0m /admin/info/log_player_moneys
2022-07-10T14:24:44.516+0800	controller/handler.go:24	[GoAdmin] [37;44m 200 [0m [37;104m GET   [0m /admin/info/log_player_moneys
2022-07-10T14:24:53.290+0800	controller/handler.go:24	[GoAdmin] [37;44m 200 [0m [37;104m GET   [0m /admin/info/log_player_moneys
2022-07-10T14:26:37.430+0800	controller/handler.go:24	[GoAdmin] [37;44m 200 [0m [37;104m GET   [0m /admin/info/log_player_moneys
2022-07-10T14:26:41.954+0800	controller/handler.go:24	[GoAdmin] [37;44m 200 [0m [37;104m GET   [0m /admin/info/log_player_moneys
2022-07-10T14:26:44.900+0800	controller/handler.go:24	[GoAdmin] [37;44m 200 [0m [37;104m GET   [0m /admin/info/log_player_moneys
2022-07-10T14:26:56.379+0800	controller/handler.go:24	[GoAdmin] [37;44m 200 [0m [37;104m GET   [0m /admin/info/log_player_moneys
2022-07-10T14:26:57.157+0800	controller/handler.go:24	[GoAdmin] [37;44m 200 [0m [37;104m GET   [0m /admin/info/log_player_moneys
2022-07-10T14:27:00.814+0800	controller/handler.go:24	[GoAdmin] [37;44m 200 [0m [37;104m GET   [0m /admin/info/log_player_moneys
2022-07-10T14:27:03.861+0800	controller/handler.go:24	[GoAdmin] [37;44m 200 [0m [37;104m GET   [0m /admin/info/log_player_moneys
2022-07-10T14:27:07.012+0800	controller/handler.go:24	[GoAdmin] [37;44m 200 [0m [37;104m GET   [0m /admin/info/log_player_moneys
2022-07-10T14:27:08.449+0800	controller/handler.go:24	[GoAdmin] [37;44m 200 [0m [37;104m GET   [0m /admin/info/log_player_moneys
2022-07-10T14:27:12.830+0800	controller/handler.go:24	[GoAdmin] [37;44m 200 [0m [37;104m GET   [0m /admin/info/log_player_moneys
2022-07-10T14:27:15.011+0800	controller/handler.go:24	[GoAdmin] [37;44m 200 [0m [37;104m GET   [0m /admin/info/log_player_moneys
2022-07-10T14:28:07.471+0800	controller/handler.go:24	[GoAdmin] [37;44m 200 [0m [37;104m GET   [0m /admin/info/log_player_moneys
2022-07-10T14:31:16.606+0800	controller/handler.go:24	[GoAdmin] [37;44m 200 [0m [37;104m GET   [0m /admin/info/log_player_moneys
2022-07-10T14:31:18.075+0800	controller/handler.go:24	[GoAdmin] [37;44m 200 [0m [37;104m GET   [0m /admin/info/log_player_moneys
2022-07-10T14:31:23.255+0800	controller/handler.go:24	[GoAdmin] [37;44m 200 [0m [37;104m GET   [0m /admin/info/log_player_moneys
2022-07-10T20:59:21.549+0800	controller/handler.go:24	[GoAdmin] [37;44m 200 [0m [37;104m GET   [0m /admin/login
2022-07-10T20:59:21.602+0800	controller/handler.go:24	[GoAdmin] [37;44m 200 [0m [37;104m GET   [0m /admin/login
2022-07-10T20:59:25.026+0800	controller/handler.go:24	[GoAdmin] [37;44m 200 [0m [37;104m POST   [0m /admin/signin
2022-07-10T20:59:25.200+0800	controller/handler.go:24	[GoAdmin] [37;44m 200 [0m [37;104m GET   [0m /admin/info/log_player_moneys
2022-07-10T21:31:06.089+0800	controller/handler.go:24	[GoAdmin] [37;44m 200 [0m [37;104m GET   [0m /admin/info/log_player_moneys
2022-07-10T21:31:13.769+0800	controller/handler.go:24	[GoAdmin] [37;44m 200 [0m [37;104m GET   [0m /admin/info/log_player_moneys
2022-07-10T23:16:50.340+0800	controller/handler.go:24	[GoAdmin] [37;44m 302 [0m [37;104m GET   [0m /admin/info/inst_player_char_brief
2022-07-10T23:16:50.366+0800	controller/handler.go:24	[GoAdmin] [37;44m 200 [0m [37;104m GET   [0m /admin/login
2022-07-10T23:16:50.409+0800	controller/handler.go:24	[GoAdmin] [37;44m 302 [0m [37;104m GET   [0m /admin/info/inst_player_char_brief
2022-07-10T23:16:50.417+0800	controller/handler.go:24	[GoAdmin] [37;44m 200 [0m [37;104m GET   [0m /admin/login
2022-07-10T23:16:51.485+0800	controller/handler.go:24	[GoAdmin] [37;44m 200 [0m [37;104m POST   [0m /admin/signin
2022-07-10T23:16:51.639+0800	controller/handler.go:24	[GoAdmin] [37;44m 200 [0m [37;104m GET   [0m /admin/info/log_player_moneys
2022-07-10T23:17:00.368+0800	controller/handler.go:24	[GoAdmin] [37;44m 200 [0m [37;104m GET   [0m /admin/info/inst_player_char_brief
2022-07-10T23:17:03.288+0800	controller/handler.go:24	[GoAdmin] [37;44m 200 [0m [37;104m GET   [0m /admin/info/inst_player_char_brief
2022-07-11T09:53:19.387+0800	controller/handler.go:24	[GoAdmin] [37;44m 302 [0m [37;104m GET   [0m /admin/info/inst_player_char_brief
2022-07-11T09:53:19.393+0800	controller/handler.go:24	[GoAdmin] [37;44m 200 [0m [37;104m GET   [0m /admin/login
2022-07-11T09:53:20.574+0800	controller/handler.go:24	[GoAdmin] [37;44m 200 [0m [37;104m POST   [0m /admin/signin
2022-07-11T09:53:20.589+0800	controller/handler.go:24	[GoAdmin] [37;44m 200 [0m [37;104m GET   [0m /admin/login
2022-07-11T09:53:22.079+0800	controller/handler.go:24	[GoAdmin] [37;44m 200 [0m [37;104m POST   [0m /admin/signin
2022-07-11T09:53:22.174+0800	controller/handler.go:24	[GoAdmin] [37;44m 200 [0m [37;104m GET   [0m /admin/info/log_player_moneys
2022-07-11T09:57:10.861+0800	controller/handler.go:24	[GoAdmin] [37;44m 200 [0m [37;104m GET   [0m /admin/info/inst_player_char_brief
2022-07-11T09:57:21.910+0800	controller/handler.go:24	[GoAdmin] [37;44m 200 [0m [37;104m GET   [0m /admin/info/inst_player_char_brief
2022-07-11T09:57:30.586+0800	controller/handler.go:24	[GoAdmin] [37;44m 200 [0m [37;104m GET   [0m /admin/info/inst_player_char_brief
2022-07-11T10:04:34.339+0800	controller/handler.go:24	[GoAdmin] [37;44m 200 [0m [37;104m GET   [0m /admin/info/inst_player_char_brief
2022-07-11T10:04:49.008+0800	controller/handler.go:24	[GoAdmin] [37;44m 200 [0m [37;104m GET   [0m /admin/info/inst_player_char_brief
2022-07-11T10:25:29.862+0800	controller/handler.go:24	[GoAdmin] [37;44m 200 [0m [37;104m GET   [0m /admin/menu
2022-07-11T10:25:47.949+0800	controller/handler.go:24	[GoAdmin] [37;44m 200 [0m [37;104m GET   [0m /admin/info/t_game_servers
2022-07-11T10:26:05.953+0800	controller/handler.go:24	[GoAdmin] [37;44m 200 [0m [37;104m GET   [0m /admin/info/t_game_servers
2022-07-11T10:26:07.079+0800	controller/handler.go:24	[GoAdmin] [37;44m 200 [0m [37;104m GET   [0m /admin/menu
2022-07-12T16:29:16.075+0800	controller/handler.go:24	[GoAdmin] [37;44m 200 [0m [37;104m GET   [0m /admin/login
2022-07-12T16:29:17.073+0800	controller/handler.go:24	[GoAdmin] [37;44m 200 [0m [37;104m POST   [0m /admin/signin
2022-07-12T16:29:21.052+0800	controller/handler.go:24	[GoAdmin] [37;44m 200 [0m [37;104m GET   [0m /admin/info/Retained4IP
2022-07-12T16:29:29.456+0800	controller/handler.go:24	[GoAdmin] [37;44m 200 [0m [37;104m GET   [0m /admin/menu
2022-07-12T16:29:37.163+0800	controller/handler.go:24	[GoAdmin] [37;44m 200 [0m [37;104m POST   [0m /admin/menu/delete
2022-07-12T16:29:37.212+0800	controller/handler.go:24	[GoAdmin] [37;44m 200 [0m [37;104m GET   [0m /admin/menu
2022-07-12T16:29:41.963+0800	controller/handler.go:24	[GoAdmin] [37;44m 200 [0m [37;104m GET   [0m /admin/menu
2022-07-12T16:29:47.880+0800	controller/handler.go:24	[GoAdmin] [37;44m 200 [0m [37;104m POST   [0m /admin/menu/delete
2022-07-12T16:29:47.949+0800	controller/handler.go:24	[GoAdmin] [37;44m 200 [0m [37;104m GET   [0m /admin/menu
2022-07-12T16:29:48.927+0800	controller/handler.go:24	[GoAdmin] [37;44m 200 [0m [37;104m GET   [0m /admin/menu
2022-07-12T16:29:51.995+0800	controller/handler.go:24	[GoAdmin] [37;44m 200 [0m [37;104m GET   [0m /admin/info/TDataDetail
2022-07-12T16:33:17.675+0800	controller/handler.go:24	[GoAdmin] [37;44m 200 [0m [37;104m GET   [0m /admin/info/TDataDetail
2022-07-12T16:33:26.176+0800	controller/handler.go:24	[GoAdmin] [37;44m 200 [0m [37;104m GET   [0m /admin/info/TDataDetail
2022-07-13T10:34:17.301+0800	controller/handler.go:24	[GoAdmin] [37;44m 302 [0m [37;104m GET   [0m /admin/info/TDataDetail
2022-07-13T10:34:17.306+0800	controller/handler.go:24	[GoAdmin] [37;44m 200 [0m [37;104m GET   [0m /admin/login
2022-07-13T10:34:18.528+0800	controller/handler.go:24	[GoAdmin] [37;44m 200 [0m [37;104m POST   [0m /admin/signin
2022-07-13T10:34:18.546+0800	controller/handler.go:24	[GoAdmin] [37;44m 200 [0m [37;104m GET   [0m /admin/login
2022-07-13T10:34:19.298+0800	controller/handler.go:24	[GoAdmin] [37;44m 200 [0m [37;104m POST   [0m /admin/signin
2022-07-13T10:34:21.572+0800	controller/handler.go:24	[GoAdmin] [37;44m 200 [0m [37;104m GET   [0m /admin/info/t_function_switch
2022-07-13T10:34:28.779+0800	controller/handler.go:24	[GoAdmin] [37;44m 200 [0m [37;104m POST   [0m /admin/operation/_functionSwitch_send
2022-07-13T10:34:29.793+0800	controller/handler.go:24	[GoAdmin] [37;44m 200 [0m [37;104m GET   [0m /admin/info/t_function_switch
2022-07-13T10:35:37.360+0800	controller/handler.go:24	[GoAdmin] [37;44m 200 [0m [37;104m POST   [0m /admin/operation/_functionSwitch_send
2022-07-13T10:35:38.567+0800	controller/handler.go:24	[GoAdmin] [37;44m 200 [0m [37;104m GET   [0m /admin/info/t_function_switch
2022-07-13T10:36:15.173+0800	controller/handler.go:24	[GoAdmin] [37;44m 200 [0m [37;104m GET   [0m /admin/info/t_function_switch
2022-07-13T10:36:17.490+0800	controller/handler.go:24	[GoAdmin] [37;44m 200 [0m [37;104m POST   [0m /admin/operation/_functionSwitch_send
2022-07-13T10:36:19.269+0800	controller/handler.go:24	[GoAdmin] [37;44m 200 [0m [37;104m GET   [0m /admin/info/t_function_switch
2022-07-13T10:53:07.686+0800	controller/handler.go:24	[GoAdmin] [37;44m 200 [0m [37;104m GET   [0m /admin/info/t_game_servers
2022-07-13T10:53:11.021+0800	controller/handler.go:24	[GoAdmin] [37;44m 200 [0m [37;104m POST   [0m /admin/operation/_server_backupGSDB
2022-07-13T10:55:17.608+0800	controller/handler.go:24	[GoAdmin] [37;44m 200 [0m [37;104m POST   [0m /admin/operation/_server_backupGSDB
2022-07-13T10:55:19.895+0800	controller/handler.go:24	[GoAdmin] [37;44m 200 [0m [37;104m POST   [0m /admin/operation/_server_backupGSDB
2022-07-13T10:55:53.382+0800	controller/handler.go:24	[GoAdmin] [37;44m 200 [0m [37;104m POST   [0m /admin/operation/_server_backupGSDB
2022-07-13T10:55:53.455+0800	controller/handler.go:24	[GoAdmin] [37;44m 200 [0m [37;104m GET   [0m /admin/info/t_game_servers
2022-07-13T10:55:55.682+0800	controller/handler.go:24	[GoAdmin] [37;44m 200 [0m [37;104m GET   [0m /admin/info/t_game_servers
2022-07-13T10:56:45.586+0800	controller/handler.go:24	[GoAdmin] [37;44m 200 [0m [37;104m POST   [0m /admin/operation/_server_backupGSDB
2022-07-13T11:02:02.781+0800	controller/handler.go:24	[GoAdmin] [37;44m 200 [0m [37;104m GET   [0m /admin/info/t_game_servers
2022-07-13T11:03:23.037+0800	controller/handler.go:24	[GoAdmin] [37;44m 200 [0m [37;104m GET   [0m /admin/info/t_game_servers
2022-07-13T11:03:26.743+0800	controller/handler.go:24	[GoAdmin] [37;44m 200 [0m [37;104m POST   [0m /admin/operation/_server_backupGSDB
2022-07-13T11:03:27.091+0800	controller/handler.go:24	[GoAdmin] [37;44m 200 [0m [37;104m POST   [0m /admin/operation/_server_backupGSDB
2022-07-13T11:16:04.015+0800	controller/handler.go:24	[GoAdmin] [37;44m 200 [0m [37;104m GET   [0m /admin/info/t_game_servers
2022-07-13T11:16:06.836+0800	controller/handler.go:24	[GoAdmin] [37;44m 200 [0m [37;104m POST   [0m /admin/operation/_server_backupGSDB
2022-07-13T11:16:37.139+0800	controller/handler.go:24	[GoAdmin] [37;44m 200 [0m [37;104m GET   [0m /admin/info/t_game_servers
2022-07-13T11:16:41.201+0800	controller/handler.go:24	[GoAdmin] [37;44m 200 [0m [37;104m POST   [0m /admin/operation/_server_backupGSDB
2022-07-13T11:18:23.851+0800	controller/handler.go:24	[GoAdmin] [37;44m 200 [0m [37;104m POST   [0m /admin/operation/_server_backupGSDB
2022-07-15T16:23:59.536+0800	controller/handler.go:24	[GoAdmin] [37;44m 200 [0m [37;104m GET   [0m /admin/login
2022-07-15T16:24:01.079+0800	controller/handler.go:24	[GoAdmin] [37;44m 200 [0m [37;104m POST   [0m /admin/signin
2022-07-15T16:24:18.015+0800	controller/handler.go:24	[GoAdmin] [37;44m 200 [0m [37;104m GET   [0m /admin/info/log_player_items
2022-07-15T16:24:22.269+0800	controller/handler.go:24	[GoAdmin] [37;44m 200 [0m [37;104m GET   [0m /admin/info/log_player_items
2022-07-15T16:24:26.691+0800	controller/handler.go:24	[GoAdmin] [37;44m 200 [0m [37;104m GET   [0m /admin/info/log_player_items
2022-07-15T16:24:50.771+0800	controller/handler.go:24	[GoAdmin] [37;44m 200 [0m [37;104m GET   [0m /admin/info/log_player_items
2022-07-15T16:25:46.822+0800	controller/handler.go:24	[GoAdmin] [37;44m 200 [0m [37;104m GET   [0m /admin/info/log_player_items
2022-07-15T16:25:56.157+0800	controller/handler.go:24	[GoAdmin] [37;44m 200 [0m [37;104m GET   [0m /admin/info/log_player_items
2022-07-15T16:30:25.771+0800	controller/handler.go:24	[GoAdmin] [37;44m 200 [0m [37;104m GET   [0m /admin/info/log_player_items
2022-07-17T14:50:39.926+0800	controller/handler.go:24	[GoAdmin] [37;44m 302 [0m [37;104m GET   [0m /admin/info/log_player_items
2022-07-17T14:50:39.932+0800	controller/handler.go:24	[GoAdmin] [37;44m 200 [0m [37;104m GET   [0m /admin/login
2022-07-17T14:50:44.485+0800	controller/handler.go:24	[GoAdmin] [37;44m 200 [0m [37;104m POST   [0m /admin/signin
2022-07-17T14:50:44.498+0800	controller/handler.go:24	[GoAdmin] [37;44m 200 [0m [37;104m GET   [0m /admin/login
2022-07-17T14:50:45.425+0800	controller/handler.go:24	[GoAdmin] [37;44m 200 [0m [37;104m POST   [0m /admin/signin
2022-07-17T14:50:57.588+0800	controller/handler.go:24	[GoAdmin] [37;44m 200 [0m [37;104m GET   [0m /admin/info/log_player_items
2022-07-17T14:51:28.190+0800	controller/handler.go:24	[GoAdmin] [37;44m 200 [0m [37;104m GET   [0m /admin/info/log_player_items
2022-07-17T14:51:46.626+0800	controller/handler.go:24	[GoAdmin] [37;44m 200 [0m [37;104m GET   [0m /admin/info/log_player_items
2022-07-17T14:51:49.464+0800	controller/handler.go:24	[GoAdmin] [37;44m 200 [0m [37;104m GET   [0m /admin/info/log_player_items
2022-07-17T14:51:57.871+0800	controller/handler.go:24	[GoAdmin] [37;44m 200 [0m [37;104m GET   [0m /admin/info/log_player_items
2022-07-17T14:52:01.395+0800	controller/handler.go:24	[GoAdmin] [37;44m 200 [0m [37;104m GET   [0m /admin/info/log_player_items
2022-07-20T17:23:51.143+0800	controller/handler.go:24	[GoAdmin] [37;44m 302 [0m [37;104m GET   [0m /admin/info/log_player_items
2022-07-20T17:23:51.167+0800	controller/handler.go:24	[GoAdmin] [37;44m 200 [0m [37;104m GET   [0m /admin/login
2022-07-20T17:23:51.316+0800	controller/handler.go:24	[GoAdmin] [37;44m 200 [0m [37;104m GET   [0m /admin/assets/login/dist/all.min.js
2022-07-20T17:23:52.528+0800	controller/handler.go:24	[GoAdmin] [37;44m 200 [0m [37;104m POST   [0m /admin/signin
2022-07-20T17:23:52.636+0800	controller/handler.go:24	[GoAdmin] [37;44m 200 [0m [37;104m GET   [0m /admin/info/log_player_items
2022-07-20T17:23:57.661+0800	controller/handler.go:24	[GoAdmin] [37;44m 200 [0m [37;104m GET   [0m /admin/info/complaint_management/new
2022-07-20T17:23:59.211+0800	controller/handler.go:24	[GoAdmin] [37;44m 200 [0m [37;104m GET   [0m /admin/info/t_game_servers
2022-07-20T17:24:06.354+0800	controller/handler.go:24	[GoAdmin] [37;44m 200 [0m [37;104m GET   [0m /admin/info/t_game_servers
2022-07-20T17:24:10.695+0800	controller/handler.go:24	[GoAdmin] [37;44m 200 [0m [37;104m POST   [0m /admin/operation/_admin_popup_setServerStatus
2022-07-20T17:24:10.820+0800	controller/handler.go:24	[GoAdmin] [37;44m 200 [0m [37;104m GET   [0m /admin/assets/dist/img/ui-icons_444444_256x240.png
2022-07-20T17:24:10.830+0800	controller/handler.go:24	[GoAdmin] [37;44m 200 [0m [37;104m GET   [0m /admin/assets/dist/fonts/glyphicons-halflings-regular.woff2
2022-07-20T17:24:14.400+0800	controller/handler.go:24	[GoAdmin] [37;44m 200 [0m [37;104m GET   [0m /admin/assets/dist/css/fonts/6xKydSBYKcSV-LCoeQqfX1RYOo3i54rwlxdr.ttf
2022-07-20T17:24:15.264+0800	controller/handler.go:24	[GoAdmin] [37;44m 200 [0m [37;104m GET   [0m /admin/info/t_game_servers
2022-07-20T17:24:16.390+0800	controller/handler.go:24	[GoAdmin] [37;44m 200 [0m [37;104m POST   [0m /admin/operation/_admin_NotifyServer
2022-07-20T17:24:18.891+0800	controller/handler.go:24	[GoAdmin] [37;44m 200 [0m [37;104m POST   [0m /admin/operation/_admin_NotifyServer
2022-07-20T17:31:39.861+0800	controller/handler.go:24	[GoAdmin] [37;44m 200 [0m [37;104m GET   [0m /admin/info/t_game_servers
2022-07-20T17:31:46.348+0800	controller/handler.go:24	[GoAdmin] [37;44m 200 [0m [37;104m GET   [0m /admin/info/log_player_moneys
2022-07-20T17:31:58.984+0800	controller/handler.go:24	[GoAdmin] [37;44m 200 [0m [37;104m GET   [0m /admin/info/log_player_moneys
2022-07-20T17:32:07.749+0800	controller/handler.go:24	[GoAdmin] [37;44m 200 [0m [37;104m GET   [0m /admin/info/log_player_moneys
2022-07-20T17:32:22.685+0800	controller/handler.go:24	[GoAdmin] [37;44m 200 [0m [37;104m GET   [0m /admin/info/log_player_moneys
2022-07-20T17:32:52.030+0800	controller/handler.go:24	[GoAdmin] [37;44m 200 [0m [37;104m GET   [0m /admin/info/log_player_items
2022-07-20T17:33:01.300+0800	controller/handler.go:24	[GoAdmin] [37;44m 200 [0m [37;104m GET   [0m /admin/info/log_player_items
2022-07-20T17:33:57.829+0800	controller/handler.go:24	[GoAdmin] [37;44m 200 [0m [37;104m GET   [0m /admin/info/log_player_moneys
2022-07-20T17:34:07.386+0800	controller/handler.go:24	[GoAdmin] [37;44m 200 [0m [37;104m GET   [0m /admin/info/log_player_moneys
2022-07-20T17:36:01.418+0800	controller/handler.go:24	[GoAdmin] [37;44m 200 [0m [37;104m GET   [0m /admin/info/log_player_moneys
2022-07-20T17:36:09.204+0800	controller/handler.go:24	[GoAdmin] [37;44m 200 [0m [37;104m GET   [0m /admin/info/log_player_items
2022-07-20T17:36:16.887+0800	controller/handler.go:24	[GoAdmin] [37;44m 200 [0m [37;104m GET   [0m /admin/info/log_player_items
2022-07-20T17:36:35.922+0800	controller/handler.go:24	[GoAdmin] [37;44m 200 [0m [37;104m GET   [0m /admin/info/log_player_moneys
2022-07-20T17:36:42.885+0800	controller/handler.go:24	[GoAdmin] [37;44m 200 [0m [37;104m GET   [0m /admin/info/log_player_moneys
2022-07-20T17:36:47.784+0800	controller/handler.go:24	[GoAdmin] [37;44m 200 [0m [37;104m GET   [0m /admin/info/log_player_moneys
2022-07-20T17:36:50.266+0800	controller/handler.go:24	[GoAdmin] [37;44m 200 [0m [37;104m GET   [0m /admin/info/log_player_moneys
2022-07-20T17:36:51.794+0800	controller/handler.go:24	[GoAdmin] [37;44m 200 [0m [37;104m GET   [0m /admin/info/log_player_moneys
2022-07-20T17:36:54.430+0800	controller/handler.go:24	[GoAdmin] [37;44m 200 [0m [37;104m GET   [0m /admin/info/log_player_moneys
2022-07-20T17:36:56.134+0800	controller/handler.go:24	[GoAdmin] [37;44m 200 [0m [37;104m GET   [0m /admin/info/log_player_moneys
2022-07-20T17:37:20.673+0800	controller/handler.go:24	[GoAdmin] [37;44m 200 [0m [37;104m GET   [0m /admin/info/log_player_moneys
2022-07-20T17:37:25.350+0800	controller/handler.go:24	[GoAdmin] [37;44m 200 [0m [37;104m GET   [0m /admin/info/log_player_items
2022-07-20T17:37:40.097+0800	controller/handler.go:24	[GoAdmin] [37;44m 200 [0m [37;104m GET   [0m /admin/info/log_player_items
2022-07-20T17:39:31.296+0800	controller/handler.go:24	[GoAdmin] [37;44m 200 [0m [37;104m GET   [0m /admin/info/log_player_moneys
2022-07-20T17:39:45.759+0800	controller/handler.go:24	[GoAdmin] [37;44m 200 [0m [37;104m GET   [0m /admin/info/log_player_moneys
2022-07-20T17:39:57.307+0800	controller/handler.go:24	[GoAdmin] [37;44m 200 [0m [37;104m GET   [0m /admin/info/log_player_moneys
2022-07-20T18:42:53.800+0800	controller/handler.go:24	[GoAdmin] [37;44m 200 [0m [37;104m GET   [0m /admin/info/log_player_moneys
2022-07-20T18:42:55.180+0800	controller/handler.go:24	[GoAdmin] [37;44m 200 [0m [37;104m GET   [0m /admin/login
2022-07-20T18:42:55.251+0800	controller/handler.go:24	[GoAdmin] [37;44m 200 [0m [37;104m GET   [0m /admin/assets/login/dist/all.min.js
2022-07-20T18:42:55.251+0800	controller/handler.go:24	[GoAdmin] [37;44m 200 [0m [37;104m GET   [0m /admin/assets/login/dist/all.min.css
2022-07-20T18:42:58.289+0800	controller/handler.go:24	[GoAdmin] [37;44m 200 [0m [37;104m POST   [0m /admin/signin
2022-07-20T18:42:58.302+0800	controller/handler.go:24	[GoAdmin] [37;44m 200 [0m [37;104m GET   [0m /admin/login
2022-07-20T18:43:00.996+0800	controller/handler.go:24	[GoAdmin] [37;44m 200 [0m [37;104m POST   [0m /admin/signin
2022-07-20T18:43:01.080+0800	controller/handler.go:24	[GoAdmin] [37;44m 200 [0m [37;104m GET   [0m /admin/info/log_player_items
2022-07-20T18:43:01.125+0800	controller/handler.go:24	[GoAdmin] [37;44m 200 [0m [37;104m GET   [0m /admin/assets/dist/css/all.min.7bcc29700e.css
2022-07-20T18:43:01.134+0800	controller/handler.go:24	[GoAdmin] [37;44m 200 [0m [37;104m GET   [0m /admin/assets/dist/js/treeview.min.7780d3bb0f.js
2022-07-20T18:43:01.135+0800	controller/handler.go:24	[GoAdmin] [37;44m 200 [0m [37;104m GET   [0m /admin/assets/dist/js/all.min.8425540791.js
2022-07-20T18:43:01.141+0800	controller/handler.go:24	[GoAdmin] [37;44m 200 [0m [37;104m GET   [0m /admin/assets/dist/js/datatable.min.581cdc109b.js
2022-07-20T18:43:01.175+0800	controller/handler.go:24	[GoAdmin] [37;44m 200 [0m [37;104m GET   [0m /admin/assets/dist/js/tree.min.e1faf8b7de.js
2022-07-20T18:43:01.178+0800	controller/handler.go:24	[GoAdmin] [37;44m 200 [0m [37;104m GET   [0m /admin/assets/dist/img/avatar04.png
2022-07-20T18:43:01.181+0800	controller/handler.go:24	[GoAdmin] [37;44m 200 [0m [37;104m GET   [0m /admin/assets/dist/js/form.min.f8678914e9.js
2022-07-20T18:43:01.182+0800	controller/handler.go:24	[GoAdmin] [37;44m 200 [0m [37;104m GET   [0m /admin/assets/dist/js/all_2.min.38a2a946b0.js
2022-07-20T18:43:01.182+0800	controller/handler.go:24	[GoAdmin] [37;44m 200 [0m [37;104m GET   [0m /admin/assets/chart.min.js
2022-07-20T18:43:01.196+0800	controller/handler.go:24	[GoAdmin] [37;44m 200 [0m [37;104m GET   [0m /admin/assets/dist/fonts/fontawesome-webfont.woff2
2022-07-20T18:43:01.198+0800	controller/handler.go:24	[GoAdmin] [37;44m 200 [0m [37;104m GET   [0m /admin/assets/dist/css/fonts/6xK3dSBYKcSV-LCoeQqfX1RYOo3qOK7g.ttf
2022-07-20T18:43:01.281+0800	controller/handler.go:24	[GoAdmin] [37;44m 200 [0m [37;104m GET   [0m /admin/assets/dist/css/fonts/6xKydSBYKcSV-LCoeQqfX1RYOo3ig4vwlxdr.ttf
2022-07-20T18:43:01.282+0800	controller/handler.go:24	[GoAdmin] [37;44m 200 [0m [37;104m GET   [0m /admin/assets/dist/css/fonts/6xKydSBYKcSV-LCoeQqfX1RYOo3ik4zwlxdr.ttf
2022-07-20T18:43:01.323+0800	controller/handler.go:24	[GoAdmin] [37;44m 200 [0m [37;104m GET   [0m /admin/assets/dist/css/blue.png
2022-07-20T18:43:04.713+0800	controller/handler.go:24	[GoAdmin] [37;44m 200 [0m [37;104m GET   [0m /admin/info/log_player_moneys
2022-07-20T18:43:09.097+0800	controller/handler.go:24	[GoAdmin] [37;44m 200 [0m [37;104m GET   [0m /admin/assets/dist/fonts/glyphicons-halflings-regular.woff2
2022-07-20T18:43:12.229+0800	controller/handler.go:24	[GoAdmin] [37;44m 200 [0m [37;104m GET   [0m /admin/info/log_player_moneys
2022-07-20T18:43:12.263+0800	controller/handler.go:24	[GoAdmin] [37;44m 200 [0m [37;104m GET   [0m /admin/assets/dist/css/fonts/6xKydSBYKcSV-LCoeQqfX1RYOo3i54rwlxdr.ttf
2022-07-20T18:46:00.216+0800	controller/handler.go:24	[GoAdmin] [37;44m 200 [0m [37;104m GET   [0m /admin/info/log_player_moneys
2022-07-20T18:47:31.873+0800	controller/handler.go:24	[GoAdmin] [37;44m 200 [0m [37;104m GET   [0m /admin/info/log_player_moneys
2022-07-20T18:50:44.672+0800	controller/handler.go:24	[GoAdmin] [37;44m 200 [0m [37;104m GET   [0m /admin/info/log_player_moneys
2022-07-20T18:50:51.582+0800	controller/handler.go:24	[GoAdmin] [37;44m 200 [0m [37;104m GET   [0m /admin/info/log_player_moneys
2022-07-20T18:50:52.833+0800	controller/handler.go:24	[GoAdmin] [37;44m 200 [0m [37;104m GET   [0m /admin/info/log_player_moneys
2022-07-20T18:50:53.782+0800	controller/handler.go:24	[GoAdmin] [37;44m 200 [0m [37;104m GET   [0m /admin/info/log_player_moneys
2022-07-20T18:50:54.635+0800	controller/handler.go:24	[GoAdmin] [37;44m 200 [0m [37;104m GET   [0m /admin/info/log_player_moneys
2022-07-20T19:00:38.555+0800	controller/handler.go:24	[GoAdmin] [37;44m 200 [0m [37;104m GET   [0m /admin/info/log_player_moneys
2022-07-20T19:01:16.353+0800	controller/handler.go:24	[GoAdmin] [37;44m 200 [0m [37;104m GET   [0m /admin/info/log_player_moneys
2022-07-22T18:22:48.937+0800	controller/handler.go:24	[GoAdmin] [37;44m 302 [0m [37;104m GET   [0m /admin/info/log_player_moneys
2022-07-22T18:22:48.964+0800	controller/handler.go:24	[GoAdmin] [37;44m 200 [0m [37;104m GET   [0m /admin/login
2022-07-22T18:22:49.035+0800	controller/handler.go:24	[GoAdmin] [37;44m 200 [0m [37;104m GET   [0m /admin/assets/login/dist/all.min.js
2022-07-22T18:22:50.141+0800	controller/handler.go:24	[GoAdmin] [37;44m 200 [0m [37;104m POST   [0m /admin/signin
2022-07-22T18:22:54.134+0800	controller/handler.go:24	[GoAdmin] [37;44m 200 [0m [37;104m GET   [0m /admin/info/t_game_servers
2022-07-22T18:22:58.351+0800	controller/handler.go:24	[GoAdmin] [37;44m 200 [0m [37;104m GET   [0m /admin/info/TDataDetail
2022-07-22T18:23:07.839+0800	controller/handler.go:24	[GoAdmin] [37;44m 200 [0m [37;104m GET   [0m /admin/info/TDataDetail
2022-07-25T11:33:02.673+0800	controller/handler.go:24	[GoAdmin] [37;44m 302 [0m [37;104m GET   [0m /admin/info/TDataDetail
2022-07-25T11:33:02.681+0800	controller/handler.go:24	[GoAdmin] [37;44m 200 [0m [37;104m GET   [0m /admin/login
2022-07-25T11:33:02.755+0800	controller/handler.go:24	[GoAdmin] [37;44m 200 [0m [37;104m GET   [0m /admin/assets/login/dist/all.min.css
2022-07-25T11:33:02.755+0800	controller/handler.go:24	[GoAdmin] [37;44m 200 [0m [37;104m GET   [0m /admin/assets/login/dist/all.min.js
2022-07-25T11:33:03.831+0800	controller/handler.go:24	[GoAdmin] [37;44m 200 [0m [37;104m POST   [0m /admin/signin
2022-07-25T11:33:03.842+0800	controller/handler.go:24	[GoAdmin] [37;44m 200 [0m [37;104m GET   [0m /admin/login
2022-07-25T11:33:04.786+0800	controller/handler.go:24	[GoAdmin] [37;44m 200 [0m [37;104m POST   [0m /admin/signin
2022-07-25T11:33:04.874+0800	controller/handler.go:24	[GoAdmin] [37;44m 200 [0m [37;104m GET   [0m /admin/assets/dist/css/all.min.7bcc29700e.css
2022-07-25T11:33:04.876+0800	controller/handler.go:24	[GoAdmin] [37;44m 200 [0m [37;104m GET   [0m /admin/assets/dist/js/datatable.min.581cdc109b.js
2022-07-25T11:33:04.886+0800	controller/handler.go:24	[GoAdmin] [37;44m 200 [0m [37;104m GET   [0m /admin/assets/chart.min.js
2022-07-25T11:33:04.906+0800	controller/handler.go:24	[GoAdmin] [37;44m 200 [0m [37;104m GET   [0m /admin/assets/dist/js/tree.min.e1faf8b7de.js
2022-07-25T11:33:04.906+0800	controller/handler.go:24	[GoAdmin] [37;44m 200 [0m [37;104m GET   [0m /admin/assets/dist/js/treeview.min.7780d3bb0f.js
2022-07-25T11:33:04.910+0800	controller/handler.go:24	[GoAdmin] [37;44m 200 [0m [37;104m GET   [0m /admin/assets/dist/js/form.min.f8678914e9.js
2022-07-25T11:33:14.351+0800	controller/handler.go:24	[GoAdmin] [37;44m 200 [0m [37;104m GET   [0m /admin/info/TDataDetail
2022-07-25T11:33:14.362+0800	controller/handler.go:24	[GoAdmin] [37;44m 200 [0m [37;104m GET   [0m /admin/info/ExportTables
2022-07-25T11:33:22.184+0800	controller/handler.go:24	[GoAdmin] [37;44m 200 [0m [37;104m GET   [0m /admin/info/TDataDetail
2022-07-25T11:33:22.210+0800	controller/handler.go:24	[GoAdmin] [37;44m 200 [0m [37;104m GET   [0m /admin/assets/dist/css/blue.png
2022-07-26T18:30:13.532+0800	controller/handler.go:24	[GoAdmin] [37;44m 302 [0m [37;104m GET   [0m /admin/info/TDataDetail
2022-07-26T18:30:13.552+0800	controller/handler.go:24	[GoAdmin] [37;44m 200 [0m [37;104m GET   [0m /admin/login
2022-07-26T18:30:13.846+0800	controller/handler.go:24	[GoAdmin] [37;44m 200 [0m [37;104m GET   [0m /admin/assets/login/dist/all.min.js
2022-07-26T18:30:16.061+0800	controller/handler.go:24	[GoAdmin] [37;44m 200 [0m [37;104m POST   [0m /admin/signin
2022-07-26T18:30:16.116+0800	controller/handler.go:24	[GoAdmin] [37;44m 200 [0m [37;104m GET   [0m /admin/info/TDataDetail
2022-07-26T18:30:16.150+0800	controller/handler.go:24	[GoAdmin] [37;44m 200 [0m [37;104m GET   [0m /admin/assets/dist/css/all.min.7bcc29700e.css
2022-07-26T18:30:16.155+0800	controller/handler.go:24	[GoAdmin] [37;44m 200 [0m [37;104m GET   [0m /admin/assets/dist/js/treeview.min.7780d3bb0f.js
2022-07-26T18:30:16.156+0800	controller/handler.go:24	[GoAdmin] [37;44m 200 [0m [37;104m GET   [0m /admin/assets/dist/js/all.min.8425540791.js
2022-07-26T18:30:16.162+0800	controller/handler.go:24	[GoAdmin] [37;44m 200 [0m [37;104m GET   [0m /admin/assets/dist/js/datatable.min.581cdc109b.js
2022-07-26T18:30:16.193+0800	controller/handler.go:24	[GoAdmin] [37;44m 200 [0m [37;104m GET   [0m /admin/assets/dist/js/tree.min.e1faf8b7de.js
2022-07-26T18:30:16.196+0800	controller/handler.go:24	[GoAdmin] [37;44m 200 [0m [37;104m GET   [0m /admin/assets/dist/js/form.min.f8678914e9.js
2022-07-26T18:30:16.196+0800	controller/handler.go:24	[GoAdmin] [37;44m 200 [0m [37;104m GET   [0m /admin/assets/dist/img/avatar04.png
2022-07-26T18:30:16.198+0800	controller/handler.go:24	[GoAdmin] [37;44m 200 [0m [37;104m GET   [0m /admin/assets/dist/js/all_2.min.38a2a946b0.js
2022-07-26T18:30:16.199+0800	controller/handler.go:24	[GoAdmin] [37;44m 200 [0m [37;104m GET   [0m /admin/assets/chart.min.js
2022-07-26T18:30:16.210+0800	controller/handler.go:24	[GoAdmin] [37;44m 200 [0m [37;104m GET   [0m /admin/assets/dist/fonts/fontawesome-webfont.woff2
2022-07-26T18:30:16.211+0800	controller/handler.go:24	[GoAdmin] [37;44m 200 [0m [37;104m GET   [0m /admin/assets/dist/css/fonts/6xK3dSBYKcSV-LCoeQqfX1RYOo3qOK7g.ttf
2022-07-26T18:30:16.280+0800	controller/handler.go:24	[GoAdmin] [37;44m 200 [0m [37;104m GET   [0m /admin/assets/dist/css/fonts/6xKydSBYKcSV-LCoeQqfX1RYOo3ig4vwlxdr.ttf
2022-07-26T18:30:16.303+0800	controller/handler.go:24	[GoAdmin] [37;44m 200 [0m [37;104m GET   [0m /admin/assets/dist/css/blue.png
2022-07-26T18:30:16.311+0800	controller/handler.go:24	[GoAdmin] [37;44m 200 [0m [37;104m GET   [0m /admin/assets/dist/css/fonts/6xKydSBYKcSV-LCoeQqfX1RYOo3ik4zwlxdr.ttf
2022-07-26T18:30:17.862+0800	controller/handler.go:24	[GoAdmin] [37;44m 200 [0m [37;104m GET   [0m /admin/info/TDataDetail
2022-07-26T18:30:21.441+0800	controller/handler.go:24	[GoAdmin] [37;44m 200 [0m [37;104m GET   [0m /admin/info/log_player_items
2022-07-26T18:30:29.318+0800	controller/handler.go:24	[GoAdmin] [37;44m 200 [0m [37;104m GET   [0m /admin/assets/dist/fonts/glyphicons-halflings-regular.woff2
2022-07-26T18:30:32.858+0800	controller/handler.go:24	[GoAdmin] [37;44m 200 [0m [37;104m GET   [0m /admin/info/log_player_items
2022-07-26T18:30:34.560+0800	controller/handler.go:24	[GoAdmin] [37;44m 200 [0m [37;104m GET   [0m /admin/info/log_player_items
2022-07-26T18:30:35.194+0800	controller/handler.go:24	[GoAdmin] [37;44m 200 [0m [37;104m GET   [0m /admin/info/log_player_items
2022-07-26T18:30:35.807+0800	controller/handler.go:24	[GoAdmin] [37;44m 200 [0m [37;104m GET   [0m /admin/info/log_player_items
2022-07-26T18:30:37.542+0800	controller/handler.go:24	[GoAdmin] [37;44m 200 [0m [37;104m GET   [0m /admin/info/log_player_items
2022-07-26T18:30:38.135+0800	controller/handler.go:24	[GoAdmin] [37;44m 200 [0m [37;104m GET   [0m /admin/info/log_player_items
2022-07-26T18:30:38.165+0800	controller/handler.go:24	[GoAdmin] [37;44m 200 [0m [37;104m GET   [0m /admin/assets/dist/css/fonts/6xKydSBYKcSV-LCoeQqfX1RYOo3i54rwlxdr.ttf
2022-07-26T18:33:52.880+0800	controller/handler.go:24	[GoAdmin] [37;44m 200 [0m [37;104m GET   [0m /admin/info/log_player_items
2022-07-26T18:33:59.539+0800	controller/handler.go:24	[GoAdmin] [37;44m 200 [0m [37;104m GET   [0m /admin/info/log_player_items
2022-07-26T18:34:02.677+0800	controller/handler.go:24	[GoAdmin] [37;44m 200 [0m [37;104m GET   [0m /admin/info/log_player_items
2022-07-26T18:34:08.933+0800	controller/handler.go:24	[GoAdmin] [37;44m 200 [0m [37;104m GET   [0m /admin/info/log_player_items
2022-07-26T18:34:10.571+0800	controller/handler.go:24	[GoAdmin] [37;44m 200 [0m [37;104m GET   [0m /admin/info/log_player_items
2022-07-26T18:34:11.345+0800	controller/handler.go:24	[GoAdmin] [37;44m 200 [0m [37;104m GET   [0m /admin/info/log_player_items
2022-07-26T18:34:11.901+0800	controller/handler.go:24	[GoAdmin] [37;44m 200 [0m [37;104m GET   [0m /admin/info/log_player_items
2022-07-26T18:34:13.047+0800	controller/handler.go:24	[GoAdmin] [37;44m 200 [0m [37;104m GET   [0m /admin/info/log_player_items
2022-07-26T18:34:13.437+0800	controller/handler.go:24	[GoAdmin] [37;44m 200 [0m [37;104m GET   [0m /admin/info/log_player_items
2022-07-26T18:34:13.816+0800	controller/handler.go:24	[GoAdmin] [37;44m 200 [0m [37;104m GET   [0m /admin/info/log_player_items
2022-07-26T18:34:34.695+0800	controller/handler.go:24	[GoAdmin] [37;44m 200 [0m [37;104m GET   [0m /admin/info/log_player_items
2022-07-30T12:28:39.505+0800	controller/handler.go:24	[GoAdmin] [37;44m 302 [0m [37;104m GET   [0m /admin/info/log_player_items
2022-07-30T12:28:39.528+0800	controller/handler.go:24	[GoAdmin] [37;44m 200 [0m [37;104m GET   [0m /admin/login
2022-07-30T12:28:39.888+0800	controller/handler.go:24	[GoAdmin] [37;44m 200 [0m [37;104m GET   [0m /admin/assets/login/dist/all.min.js
2022-07-30T12:28:41.570+0800	controller/handler.go:24	[GoAdmin] [37;44m 200 [0m [37;104m POST   [0m /admin/signin
2022-07-30T12:28:41.583+0800	controller/handler.go:24	[GoAdmin] [37;44m 200 [0m [37;104m GET   [0m /admin/login
2022-07-30T12:28:45.514+0800	controller/handler.go:24	[GoAdmin] [37;44m 200 [0m [37;104m POST   [0m /admin/signin
2022-07-30T12:28:45.600+0800	controller/handler.go:24	[GoAdmin] [37;44m 200 [0m [37;104m GET   [0m /admin/info/TDataDetail
2022-07-30T12:28:45.656+0800	controller/handler.go:24	[GoAdmin] [37;44m 200 [0m [37;104m GET   [0m /admin/assets/dist/js/all.min.8425540791.js
2022-07-30T12:28:45.698+0800	controller/handler.go:24	[GoAdmin] [37;44m 200 [0m [37;104m GET   [0m /admin/assets/dist/img/avatar04.png
2022-07-30T12:28:45.713+0800	controller/handler.go:24	[GoAdmin] [37;44m 200 [0m [37;104m GET   [0m /admin/assets/dist/js/all_2.min.38a2a946b0.js
2022-07-30T12:28:45.718+0800	controller/handler.go:24	[GoAdmin] [37;44m 200 [0m [37;104m GET   [0m /admin/assets/dist/fonts/fontawesome-webfont.woff2
2022-07-30T12:28:45.720+0800	controller/handler.go:24	[GoAdmin] [37;44m 200 [0m [37;104m GET   [0m /admin/assets/dist/css/fonts/6xK3dSBYKcSV-LCoeQqfX1RYOo3qOK7g.ttf
2022-07-30T12:28:45.802+0800	controller/handler.go:24	[GoAdmin] [37;44m 200 [0m [37;104m GET   [0m /admin/assets/dist/css/fonts/6xKydSBYKcSV-LCoeQqfX1RYOo3ig4vwlxdr.ttf
2022-07-30T12:28:45.814+0800	controller/handler.go:24	[GoAdmin] [37;44m 200 [0m [37;104m GET   [0m /admin/assets/dist/css/blue.png
2022-07-30T12:28:45.827+0800	controller/handler.go:24	[GoAdmin] [37;44m 200 [0m [37;104m GET   [0m /admin/assets/dist/css/fonts/6xKydSBYKcSV-LCoeQqfX1RYOo3ik4zwlxdr.ttf
2022-07-30T12:28:49.289+0800	controller/handler.go:24	[GoAdmin] [37;44m 200 [0m [37;104m GET   [0m /admin/info/operation_servers
2022-07-30T12:30:49.211+0800	controller/handler.go:24	[GoAdmin] [37;44m 200 [0m [37;104m GET   [0m /admin/info/operation_servers
2022-07-30T12:31:23.700+0800	controller/handler.go:24	[GoAdmin] [37;44m 200 [0m [37;104m POST   [0m /admin/operation/_server_closeServerProcess
2022-07-30T12:31:30.045+0800	controller/handler.go:24	[GoAdmin] [37;44m 200 [0m [37;104m GET   [0m /admin/info/operation_servers
2022-07-30T12:31:31.882+0800	controller/handler.go:24	[GoAdmin] [37;44m 200 [0m [37;104m GET   [0m /admin/info/operation_servers
2022-07-30T12:31:42.426+0800	controller/handler.go:24	[GoAdmin] [37;44m 200 [0m [37;104m POST   [0m /admin/operation/_server_closeServerProcess
2022-07-30T12:31:44.817+0800	controller/handler.go:24	[GoAdmin] [37;44m 200 [0m [37;104m GET   [0m /admin/info/operation_servers
2022-07-30T12:31:50.514+0800	controller/handler.go:24	[GoAdmin] [37;44m 200 [0m [37;104m POST   [0m /admin/operation/_admin_CloseServer
2022-07-30T12:31:52.014+0800	controller/handler.go:24	[GoAdmin] [37;44m 200 [0m [37;104m GET   [0m /admin/info/operation_servers
2022-07-30T12:31:55.091+0800	controller/handler.go:24	[GoAdmin] [37;44m 200 [0m [37;104m GET   [0m /admin/info/t_game_servers
2022-07-30T12:31:57.210+0800	controller/handler.go:24	[GoAdmin] [37;44m 200 [0m [37;104m POST   [0m /admin/operation/_admin_popup_setServerStatus
2022-07-30T12:31:57.388+0800	controller/handler.go:24	[GoAdmin] [37;44m 200 [0m [37;104m GET   [0m /admin/assets/dist/img/ui-icons_444444_256x240.png
2022-07-30T12:31:57.388+0800	controller/handler.go:24	[GoAdmin] [37;44m 200 [0m [37;104m GET   [0m /admin/assets/dist/fonts/glyphicons-halflings-regular.woff2
2022-07-30T12:32:10.852+0800	controller/handler.go:24	[GoAdmin] [37;44m 200 [0m [37;104m GET   [0m /admin/assets/dist/css/fonts/6xKydSBYKcSV-LCoeQqfX1RYOo3i54rwlxdr.ttf
2022-07-30T12:32:12.064+0800	controller/handler.go:24	[GoAdmin] [37;44m 200 [0m [37;104m GET   [0m /admin/info/t_game_servers
2022-07-30T12:32:12.949+0800	controller/handler.go:24	[GoAdmin] [37;44m 200 [0m [37;104m POST   [0m /admin/operation/_admin_NotifyServer
2022-07-30T12:32:14.246+0800	controller/handler.go:24	[GoAdmin] [37;44m 200 [0m [37;104m GET   [0m /admin/info/t_game_servers
2022-07-30T12:32:17.573+0800	controller/handler.go:24	[GoAdmin] [37;44m 200 [0m [37;104m GET   [0m /admin/info/operation_servers
2022-07-30T12:32:22.420+0800	controller/handler.go:24	[GoAdmin] [37;44m 200 [0m [37;104m POST   [0m /admin/operation/_server_closeServerProcess
2022-07-30T12:32:24.269+0800	controller/handler.go:24	[GoAdmin] [37;44m 200 [0m [37;104m GET   [0m /admin/info/operation_servers
2022-07-30T12:32:25.781+0800	controller/handler.go:24	[GoAdmin] [37;44m 200 [0m [37;104m GET   [0m /admin/info/operation_servers
2022-07-30T12:32:30.485+0800	controller/handler.go:24	[GoAdmin] [37;44m 200 [0m [37;104m POST   [0m /admin/operation/_server_closeServerProcess
2022-07-30T12:32:31.999+0800	controller/handler.go:24	[GoAdmin] [37;44m 200 [0m [37;104m GET   [0m /admin/info/operation_servers
2022-08-01T19:20:26.903+0800	controller/handler.go:24	[GoAdmin] [37;44m 302 [0m [37;104m GET   [0m /admin/info/operation_servers
2022-08-01T19:20:26.928+0800	controller/handler.go:24	[GoAdmin] [37;44m 200 [0m [37;104m GET   [0m /admin/login
2022-08-01T19:20:27.017+0800	controller/handler.go:24	[GoAdmin] [37;44m 200 [0m [37;104m GET   [0m /admin/assets/login/dist/all.min.js
2022-08-01T19:20:29.865+0800	controller/handler.go:24	[GoAdmin] [37;44m 200 [0m [37;104m POST   [0m /admin/signin
2022-08-01T19:20:29.877+0800	controller/handler.go:24	[GoAdmin] [37;44m 200 [0m [37;104m GET   [0m /admin/login
2022-08-01T19:20:30.090+0800	controller/handler.go:24	[GoAdmin] [37;44m 200 [0m [37;104m POST   [0m /admin/signin
2022-08-01T19:20:31.478+0800	controller/handler.go:24	[GoAdmin] [37;44m 200 [0m [37;104m POST   [0m /admin/signin
2022-08-01T19:20:31.516+0800	controller/handler.go:24	[GoAdmin] [37;44m 200 [0m [37;104m POST   [0m /admin/signin
2022-08-01T19:20:31.751+0800	controller/handler.go:24	[GoAdmin] [37;44m 200 [0m [37;104m GET   [0m /admin/info/TDataDetail
2022-08-01T19:20:31.787+0800	controller/handler.go:24	[GoAdmin] [37;44m 200 [0m [37;104m POST   [0m /admin/signin
2022-08-01T19:20:32.128+0800	controller/handler.go:24	[GoAdmin] [37;44m 200 [0m [37;104m POST   [0m /admin/signin
2022-08-01T19:20:32.446+0800	controller/handler.go:24	[GoAdmin] [37;44m 200 [0m [37;104m GET   [0m /admin/info/TDataDetail
2022-08-01T19:20:33.141+0800	controller/handler.go:24	[GoAdmin] [37;44m 200 [0m [37;104m GET   [0m /admin/info/TDataDetail
2022-08-01T19:20:33.206+0800	controller/handler.go:24	[GoAdmin] [37;44m 200 [0m [37;104m GET   [0m /admin/info/TDataDetail
2022-08-01T19:20:33.332+0800	controller/handler.go:24	[GoAdmin] [37;44m 200 [0m [37;104m POST   [0m /admin/signin
2022-08-01T19:20:34.954+0800	controller/handler.go:24	[GoAdmin] [37;44m 200 [0m [37;104m GET   [0m /admin/info/TDataDetail
2022-08-01T19:20:39.602+0800	controller/handler.go:24	[GoAdmin] [37;44m 200 [0m [37;104m GET   [0m /admin/info/TDataDetail
2022-08-01T19:24:16.073+0800	controller/handler.go:24	[GoAdmin] [37;44m 200 [0m [37;104m GET   [0m /admin/assets/dist/js/all_2.min.38a2a946b0.js
2022-08-01T19:24:16.074+0800	controller/handler.go:24	[GoAdmin] [37;44m 200 [0m [37;104m GET   [0m /admin/assets/dist/js/all.min.8425540791.js
2022-08-01T19:24:16.082+0800	controller/handler.go:24	[GoAdmin] [37;44m 200 [0m [37;104m GET   [0m /admin/assets/dist/img/avatar04.png
2022-08-01T19:24:16.135+0800	controller/handler.go:24	[GoAdmin] [37;44m 200 [0m [37;104m GET   [0m /admin/assets/dist/fonts/fontawesome-webfont.woff2
2022-08-01T19:24:16.137+0800	controller/handler.go:24	[GoAdmin] [37;44m 200 [0m [37;104m GET   [0m /admin/assets/dist/css/fonts/6xK3dSBYKcSV-LCoeQqfX1RYOo3qOK7g.ttf
2022-08-01T19:24:16.204+0800	controller/handler.go:24	[GoAdmin] [37;44m 200 [0m [37;104m GET   [0m /admin/assets/dist/css/fonts/6xKydSBYKcSV-LCoeQqfX1RYOo3ig4vwlxdr.ttf
2022-08-01T19:24:21.323+0800	controller/handler.go:24	[GoAdmin] [37;44m 200 [0m [37;104m GET   [0m /admin/info/suspicious_data_record
2022-08-01T19:24:21.337+0800	controller/handler.go:24	[GoAdmin] [37;44m 200 [0m [37;104m GET   [0m /admin/assets/dist/css/blue.png
2022-08-01T19:24:21.361+0800	controller/handler.go:24	[GoAdmin] [37;44m 200 [0m [37;104m GET   [0m /admin/assets/dist/css/fonts/6xKydSBYKcSV-LCoeQqfX1RYOo3ik4zwlxdr.ttf
2022-08-01T19:24:22.544+0800	controller/handler.go:24	[GoAdmin] [37;44m 200 [0m [37;104m GET   [0m /admin/info/global_cfg_check
2022-08-01T19:24:24.052+0800	controller/handler.go:24	[GoAdmin] [37;44m 200 [0m [37;104m GET   [0m /admin/info/global_cfg_check/new
2022-08-02T12:00:16.371+0800	controller/handler.go:24	[GoAdmin] [37;44m 302 [0m [37;104m GET   [0m /admin/info/global_cfg_check/new
2022-08-02T12:00:16.381+0800	controller/handler.go:24	[GoAdmin] [37;44m 200 [0m [37;104m GET   [0m /admin/login
2022-08-02T12:00:17.467+0800	controller/handler.go:24	[GoAdmin] [37;44m 200 [0m [37;104m POST   [0m /admin/signin
2022-08-02T12:00:21.522+0800	controller/handler.go:24	[GoAdmin] [37;44m 200 [0m [37;104m GET   [0m /admin/info/inst_player_char_brief
2022-08-02T12:00:28.163+0800	controller/handler.go:24	[GoAdmin] [37;44m 200 [0m [37;104m GET   [0m /admin/info/inst_player_char_brief
2022-08-02T12:00:28.237+0800	controller/handler.go:24	[GoAdmin] [37;44m 200 [0m [37;104m GET   [0m /admin/assets/dist/css/fonts/6xKydSBYKcSV-LCoeQqfX1RYOo3i54rwlxdr.ttf
2022-08-02T14:08:09.232+0800	controller/handler.go:24	[GoAdmin] [37;44m 302 [0m [37;104m GET   [0m /admin/info/inst_player_char_brief
2022-08-02T14:08:09.235+0800	controller/handler.go:24	[GoAdmin] [37;44m 200 [0m [37;104m GET   [0m /admin/login
2022-08-02T14:08:10.229+0800	controller/handler.go:24	[GoAdmin] [37;44m 200 [0m [37;104m POST   [0m /admin/signin
2022-08-02T14:08:10.241+0800	controller/handler.go:24	[GoAdmin] [37;44m 200 [0m [37;104m GET   [0m /admin/login
2022-08-02T14:08:11.121+0800	controller/handler.go:24	[GoAdmin] [37;44m 200 [0m [37;104m POST   [0m /admin/signin
2022-08-02T14:08:14.131+0800	controller/handler.go:24	[GoAdmin] [37;44m 200 [0m [37;104m GET   [0m /admin/info/inst_player_char_brief
2022-08-02T14:08:17.746+0800	controller/handler.go:24	[GoAdmin] [37;44m 200 [0m [37;104m GET   [0m /admin/info/inst_player_char_brief
2022-08-02T15:47:25.656+0800	controller/handler.go:24	[GoAdmin] [37;44m 200 [0m [37;104m GET   [0m /admin/login
2022-08-02T15:47:26.346+0800	controller/handler.go:24	[GoAdmin] [37;44m 200 [0m [37;104m GET   [0m /admin/login
2022-08-02T15:47:27.632+0800	controller/handler.go:24	[GoAdmin] [37;44m 200 [0m [37;104m GET   [0m /admin/login
2022-08-02T15:47:28.684+0800	controller/handler.go:24	[GoAdmin] [37;44m 200 [0m [37;104m POST   [0m /admin/signin
2022-08-02T15:47:28.696+0800	controller/handler.go:24	[GoAdmin] [37;44m 200 [0m [37;104m GET   [0m /admin/login
2022-08-02T15:47:29.325+0800	controller/handler.go:24	[GoAdmin] [37;44m 200 [0m [37;104m POST   [0m /admin/signin
2022-08-02T15:47:34.175+0800	controller/handler.go:24	[GoAdmin] [37;44m 200 [0m [37;104m GET   [0m /admin/assets/dist/fonts/glyphicons-halflings-regular.woff2
2022-08-03T10:59:07.927+0800	controller/handler.go:24	[GoAdmin] [37;44m 200 [0m [37;104m GET   [0m /admin/login
2022-08-03T11:33:50.066+0800	controller/handler.go:24	[GoAdmin] [37;44m 200 [0m [37;104m GET   [0m /admin/login
2022-08-03T11:33:52.682+0800	controller/handler.go:24	[GoAdmin] [37;44m 200 [0m [37;104m POST   [0m /admin/signin
2022-08-03T11:33:55.187+0800	controller/handler.go:24	[GoAdmin] [37;44m 200 [0m [37;104m GET   [0m /admin/info/ExportTables
2022-08-03T11:33:55.276+0800	controller/handler.go:24	[GoAdmin] [37;44m 200 [0m [37;104m GET   [0m /admin/assets/dist/fonts/glyphicons-halflings-regular.woff2
2022-08-03T11:34:18.747+0800	controller/handler.go:24	[GoAdmin] [37;44m 200 [0m [37;104m GET   [0m /admin/info/ExportTables
2022-08-03T11:35:55.477+0800	controller/handler.go:24	[GoAdmin] [37;44m 200 [0m [37;104m POST   [0m /admin/export/ExportTables
2022-08-04T16:13:15.695+0800	controller/handler.go:24	[GoAdmin] [37;44m 302 [0m [37;104m GET   [0m /admin/info/ExportTables
2022-08-05T15:47:11.296+0800	controller/handler.go:24	[GoAdmin] [37;44m 200 [0m [37;104m GET   [0m /admin/login
2022-08-05T15:47:14.041+0800	controller/handler.go:24	[GoAdmin] [37;44m 200 [0m [37;104m POST   [0m /admin/signin
2022-08-05T15:47:14.052+0800	controller/handler.go:24	[GoAdmin] [37;44m 200 [0m [37;104m GET   [0m /admin/login
2022-08-05T15:47:14.705+0800	controller/handler.go:24	[GoAdmin] [37;44m 200 [0m [37;104m POST   [0m /admin/signin
2022-08-05T15:47:18.210+0800	controller/handler.go:24	[GoAdmin] [37;44m 200 [0m [37;104m GET   [0m /admin/info/inst_player_char_brief
2022-08-05T15:47:25.838+0800	controller/handler.go:24	[GoAdmin] [37;44m 200 [0m [37;104m GET   [0m /admin/info/inst_player_char_brief
2022-08-05T15:47:29.112+0800	controller/handler.go:24	[GoAdmin] [37;44m 200 [0m [37;104m GET   [0m /admin/info/inst_player_char_brief
2022-08-05T17:27:08.052+0800	controller/handler.go:24	[GoAdmin] [37;44m 200 [0m [37;104m GET   [0m /admin/info/inst_player_char_brief
2022-08-05T17:27:10.354+0800	controller/handler.go:24	[GoAdmin] [37;44m 200 [0m [37;104m GET   [0m /admin/info/site/edit
2022-08-05T17:27:12.679+0800	controller/handler.go:24	[GoAdmin] [37;44m 200 [0m [37;104m GET   [0m /admin/info/generate/new
2022-08-05T17:28:41.854+0800	controller/handler.go:24	[GoAdmin] [37;44m 200 [0m [37;104m GET   [0m /admin/info/generate/new
2022-08-05T17:28:43.426+0800	controller/handler.go:24	[GoAdmin] [37;44m 200 [0m [37;104m POST   [0m /admin/operation/_tool_choose_conn
2022-08-05T17:28:45.758+0800	controller/handler.go:24	[GoAdmin] [37;44m 200 [0m [37;104m POST   [0m /admin/operation/_tool_choose_table
2022-08-05T17:28:53.841+0800	controller/handler.go:24	[GoAdmin] [37;44m 200 [0m [37;104m POST   [0m /admin/new/generate
2022-08-05T17:28:53.904+0800	controller/handler.go:24	[GoAdmin] [37;44m 200 [0m [37;104m GET   [0m /admin/assets/dist/css/fonts/6xKydSBYKcSV-LCoeQqfX1RYOo3i54rwlxdr.ttf
2022-08-05T21:15:22.201+0800	controller/handler.go:24	[GoAdmin] [37;44m 302 [0m [37;104m GET   [0m /admin/info/generate/new
2022-08-05T21:15:22.214+0800	controller/handler.go:24	[GoAdmin] [37;44m 200 [0m [37;104m GET   [0m /admin/login
2022-08-05T21:15:23.453+0800	controller/handler.go:24	[GoAdmin] [37;44m 200 [0m [37;104m POST   [0m /admin/signin
2022-08-05T21:15:23.469+0800	controller/handler.go:24	[GoAdmin] [37;44m 200 [0m [37;104m GET   [0m /admin/login
2022-08-05T21:15:25.711+0800	controller/handler.go:24	[GoAdmin] [37;44m 200 [0m [37;104m POST   [0m /admin/signin
2022-08-05T21:15:28.707+0800	controller/handler.go:24	[GoAdmin] [37;44m 200 [0m [37;104m GET   [0m /admin/info/operation_servers
2022-08-08T09:42:10.053+0800	controller/handler.go:24	[GoAdmin] [37;44m 302 [0m [37;104m GET   [0m /admin/info/operation_servers
2022-08-08T09:42:10.059+0800	controller/handler.go:24	[GoAdmin] [37;44m 200 [0m [37;104m GET   [0m /admin/login
2022-08-08T09:42:11.659+0800	controller/handler.go:24	[GoAdmin] [37;44m 200 [0m [37;104m POST   [0m /admin/signin
2022-08-08T09:42:11.668+0800	controller/handler.go:24	[GoAdmin] [37;44m 200 [0m [37;104m GET   [0m /admin/login
2022-08-08T09:42:12.543+0800	controller/handler.go:24	[GoAdmin] [37;44m 200 [0m [37;104m POST   [0m /admin/signin
2022-08-08T09:43:03.767+0800	controller/handler.go:24	[GoAdmin] [37;44m 200 [0m [37;104m GET   [0m /admin/info/operation_serverPro_pro
2022-08-08T09:44:24.007+0800	controller/handler.go:24	[GoAdmin] [37;44m 200 [0m [37;104m GET   [0m /admin/info/operation_serverPro_pro
2022-08-08T09:44:24.329+0800	controller/handler.go:24	[GoAdmin] [37;44m 200 [0m [37;104m GET   [0m /admin/info/operation_serverPro_pro
2022-08-08T09:45:30.146+0800	controller/handler.go:24	[GoAdmin] [37;44m 200 [0m [37;104m GET   [0m /admin/info/operation_serverPro_pro
2022-08-08T09:45:30.292+0800	controller/handler.go:24	[GoAdmin] [37;44m 200 [0m [37;104m GET   [0m /admin/assets/dist/css/fonts/6xKydSBYKcSV-LCoeQqfX1RYOo3i54rwlxdr.ttf
2022-08-08T09:45:31.845+0800	controller/handler.go:24	[GoAdmin] [37;44m 200 [0m [37;104m GET   [0m /admin/info/operation_serverPro_pro
2022-08-08T09:45:32.268+0800	controller/handler.go:24	[GoAdmin] [37;44m 200 [0m [37;104m GET   [0m /admin/info/operation_serverPro_pro
2022-08-08T09:45:32.429+0800	controller/handler.go:24	[GoAdmin] [37;44m 200 [0m [37;104m GET   [0m /admin/info/operation_serverPro_pro
2022-08-08T09:45:36.399+0800	controller/handler.go:24	[GoAdmin] [37;44m 200 [0m [37;104m GET   [0m /admin/info/operation_servers_pro
2022-08-08T09:52:09.015+0800	controller/handler.go:24	[GoAdmin] [37;44m 200 [0m [37;104m GET   [0m /admin/info/operation_servers_pro
2022-08-08T09:52:36.492+0800	controller/handler.go:24	[GoAdmin] [37;44m 200 [0m [37;104m GET   [0m /admin/info/operation_servers
2022-08-08T09:53:03.770+0800	controller/handler.go:24	[GoAdmin] [37;44m 200 [0m [37;104m GET   [0m /admin/info/operation_servers_pro
2022-08-08T09:53:42.882+0800	controller/handler.go:24	[GoAdmin] [37;44m 200 [0m [37;104m POST   [0m /admin/operation/_admin_popup_setServerStatus
2022-08-08T09:53:43.045+0800	controller/handler.go:24	[GoAdmin] [37;44m 200 [0m [37;104m GET   [0m /admin/assets/dist/img/ui-icons_444444_256x240.png
2022-08-08T09:53:47.682+0800	controller/handler.go:24	[GoAdmin] [37;44m 200 [0m [37;104m POST   [0m /admin/operation/_admin_popup_setServerStatus
2022-08-08T09:54:18.476+0800	controller/handler.go:24	[GoAdmin] [37;44m 200 [0m [37;104m POST   [0m /admin/operation/_admin_popup_setServerSymbol
2022-08-08T09:55:01.970+0800	controller/handler.go:24	[GoAdmin] [37;44m 200 [0m [37;104m GET   [0m /admin/info/operation_servers_pro
2022-08-08T09:55:04.141+0800	controller/handler.go:24	[GoAdmin] [37;44m 200 [0m [37;104m POST   [0m /admin/operation/_admin_popup_setServerStatus
2022-08-08T09:55:13.456+0800	controller/handler.go:24	[GoAdmin] [37;44m 200 [0m [37;104m GET   [0m /admin/info/t_game_servers
2022-08-08T09:55:16.194+0800	controller/handler.go:24	[GoAdmin] [37;44m 200 [0m [37;104m GET   [0m /admin/info/t_game_servers
2022-08-10T17:34:04.625+0800	controller/handler.go:24	[GoAdmin] [37;44m 302 [0m [37;104m GET   [0m /admin/info/t_game_servers
2022-08-10T17:34:04.659+0800	controller/handler.go:24	[GoAdmin] [37;44m 200 [0m [37;104m GET   [0m /admin/login
2022-08-10T17:34:05.893+0800	controller/handler.go:24	[GoAdmin] [37;44m 200 [0m [37;104m POST   [0m /admin/signin
2022-08-10T17:34:09.361+0800	controller/handler.go:24	[GoAdmin] [37;44m 200 [0m [37;104m GET   [0m /admin/info/t_game_servers
2022-08-10T17:34:13.100+0800	controller/handler.go:24	[GoAdmin] [37;44m 200 [0m [37;104m GET   [0m /admin/assets/dist/img/loading.gif
2022-08-10T17:34:24.329+0800	controller/handler.go:24	[GoAdmin] [37;44m 200 [0m [37;104m POST   [0m /admin/update/t_game_servers
2022-08-10T17:38:56.067+0800	controller/handler.go:24	[GoAdmin] [37;44m 200 [0m [37;104m GET   [0m /admin/info/operation_servers
2022-08-10T17:38:59.137+0800	controller/handler.go:24	[GoAdmin] [37;44m 200 [0m [37;104m GET   [0m /admin/info/t_game_servers
2022-08-10T17:40:26.318+0800	controller/handler.go:24	[GoAdmin] [37;44m 200 [0m [37;104m GET   [0m /admin/info/t_game_servers
2022-08-10T17:40:29.338+0800	controller/handler.go:24	[GoAdmin] [37;44m 200 [0m [37;104m GET   [0m /admin/assets/dist/img/clear.png
2022-08-10T17:40:39.365+0800	controller/handler.go:24	[GoAdmin] [37;44m 200 [0m [37;104m POST   [0m /admin/update/t_game_servers
2022-08-10T17:40:44.063+0800	controller/handler.go:24	[GoAdmin] [37;44m 200 [0m [37;104m POST   [0m /admin/operation/_admin_NotifyServer
2022-08-10T18:34:28.994+0800	controller/handler.go:24	[GoAdmin] [37;44m 200 [0m [37;104m GET   [0m /admin/info/t_game_servers
2022-08-10T18:34:29.986+0800	controller/handler.go:24	[GoAdmin] [37;44m 200 [0m [37;104m GET   [0m /admin/login
2022-08-10T18:34:30.904+0800	controller/handler.go:24	[GoAdmin] [37;44m 200 [0m [37;104m POST   [0m /admin/signin
2022-08-10T18:34:30.915+0800	controller/handler.go:24	[GoAdmin] [37;44m 200 [0m [37;104m GET   [0m /admin/login
2022-08-10T18:34:32.003+0800	controller/handler.go:24	[GoAdmin] [37;44m 200 [0m [37;104m POST   [0m /admin/signin
2022-08-10T18:34:35.175+0800	controller/handler.go:24	[GoAdmin] [37;44m 200 [0m [37;104m GET   [0m /admin/info/suspicious_data_record
2022-08-10T18:34:37.091+0800	controller/handler.go:24	[GoAdmin] [37;44m 200 [0m [37;104m GET   [0m /admin/info/global_cfg_check
2022-08-10T18:34:38.075+0800	controller/handler.go:24	[GoAdmin] [37;44m 200 [0m [37;104m GET   [0m /admin/info/suspicious_data_record
2022-08-10T18:35:24.215+0800	controller/handler.go:24	[GoAdmin] [37;44m 200 [0m [37;104m GET   [0m /admin/info/suspicious_data_record
2022-08-10T18:35:31.454+0800	controller/handler.go:24	[GoAdmin] [37;44m 200 [0m [37;104m GET   [0m /admin/info/suspicious_data_record
2022-08-10T18:35:34.004+0800	controller/handler.go:24	[GoAdmin] [37;44m 200 [0m [37;104m GET   [0m /admin/info/suspicious_data_record
2022-08-10T18:35:36.114+0800	controller/handler.go:24	[GoAdmin] [37;44m 200 [0m [37;104m GET   [0m /admin/info/suspicious_data_record
2022-08-10T18:35:38.147+0800	controller/handler.go:24	[GoAdmin] [37;44m 200 [0m [37;104m GET   [0m /admin/info/suspicious_data_record
2022-08-10T18:35:39.484+0800	controller/handler.go:24	[GoAdmin] [37;44m 200 [0m [37;104m GET   [0m /admin/info/suspicious_data_record
2022-08-10T18:35:44.405+0800	controller/handler.go:24	[GoAdmin] [37;44m 200 [0m [37;104m GET   [0m /admin/info/suspicious_data_record
2022-08-10T18:36:28.123+0800	controller/handler.go:24	[GoAdmin] [37;44m 200 [0m [37;104m GET   [0m /admin/info/suspicious_data_record
2022-08-10T18:36:40.175+0800	controller/handler.go:24	[GoAdmin] [37;44m 200 [0m [37;104m GET   [0m /admin/info/suspicious_data_record
2022-08-10T18:36:41.744+0800	controller/handler.go:24	[GoAdmin] [37;44m 200 [0m [37;104m GET   [0m /admin/info/suspicious_data_record
2022-08-10T18:36:43.336+0800	controller/handler.go:24	[GoAdmin] [37;44m 200 [0m [37;104m GET   [0m /admin/info/global_cfg_check
2022-08-10T18:37:33.129+0800	controller/handler.go:24	[GoAdmin] [37;44m 200 [0m [37;104m GET   [0m /admin/info/suspicious_data_record
2022-08-10T18:37:33.268+0800	controller/handler.go:24	[GoAdmin] [37;44m 200 [0m [37;104m GET   [0m /admin/info/suspicious_data_record
2022-08-10T18:37:39.174+0800	controller/handler.go:24	[GoAdmin] [37;44m 200 [0m [37;104m GET   [0m /admin/info/suspicious_data_record
2022-08-10T18:37:41.429+0800	controller/handler.go:24	[GoAdmin] [37;44m 200 [0m [37;104m GET   [0m /admin/info/suspicious_data_record
2022-08-10T19:01:47.070+0800	controller/handler.go:24	[GoAdmin] [37;44m 200 [0m [37;104m GET   [0m /admin/info/suspicious_data_record
2022-08-10T19:02:17.518+0800	controller/handler.go:24	[GoAdmin] [37;44m 200 [0m [37;104m GET   [0m /admin/info/suspicious_data_record
2022-08-10T19:03:45.541+0800	controller/handler.go:24	[GoAdmin] [37;44m 200 [0m [37;104m GET   [0m /admin/info/complaint_management
2022-08-10T19:03:54.371+0800	controller/handler.go:24	[GoAdmin] [37;44m 200 [0m [37;104m GET   [0m /admin/info/complaint_management/new
2022-08-10T19:04:02.618+0800	controller/handler.go:24	[GoAdmin] [37;44m 200 [0m [37;104m GET   [0m /admin/info/complaint_management
2022-08-10T19:04:24.035+0800	controller/handler.go:24	[GoAdmin] [37;44m 200 [0m [37;104m GET   [0m /admin/info/complaint_management/edit
2022-08-10T19:04:26.871+0800	controller/handler.go:24	[GoAdmin] [37;44m 200 [0m [37;104m GET   [0m /admin/assets/dist/fonts/6xK1dSBYKcSV-LCoeQqfX1RYOo3qPZ7nsDc.ttf
2022-08-10T19:04:47.698+0800	controller/handler.go:24	[GoAdmin] [37;44m 200 [0m [37;104m GET   [0m /admin/info/complaint_management/edit
2022-08-10T19:05:01.870+0800	controller/handler.go:24	[GoAdmin] [37;44m 200 [0m [37;104m GET   [0m /admin/info/complaint_management/edit
2022-08-10T19:05:17.003+0800	controller/handler.go:24	[GoAdmin] [37;44m 200 [0m [37;104m GET   [0m /admin/info/complaint_management/edit
2022-08-10T19:05:24.647+0800	controller/handler.go:24	[GoAdmin] [37;44m 200 [0m [37;104m GET   [0m /admin/info/complaint_management/edit
2022-08-10T19:05:41.526+0800	controller/handler.go:24	[GoAdmin] [37;44m 200 [0m [37;104m GET   [0m /admin/info/complaint_management/edit
2022-08-10T19:06:04.079+0800	controller/handler.go:24	[GoAdmin] [37;44m 200 [0m [37;104m GET   [0m /admin/info/complaint_management/edit
2022-08-10T19:06:38.663+0800	controller/handler.go:24	[GoAdmin] [37;44m 200 [0m [37;104m GET   [0m /admin/info/complaint_management/edit
2022-08-10T19:07:03.141+0800	controller/handler.go:24	[GoAdmin] [37;44m 200 [0m [37;104m GET   [0m /admin/info/complaint_management/edit
2022-08-10T19:07:18.266+0800	controller/handler.go:24	[GoAdmin] [37;44m 200 [0m [37;104m GET   [0m /admin/info/complaint_management
2022-08-10T19:07:26.414+0800	controller/handler.go:24	[GoAdmin] [37;44m 200 [0m [37;104m GET   [0m /admin/info/complaint_management
2022-08-10T19:07:30.706+0800	controller/handler.go:24	[GoAdmin] [37;44m 200 [0m [37;104m POST   [0m /admin/update/complaint_management
2022-08-10T19:07:31.047+0800	controller/handler.go:24	[GoAdmin] [37;44m 200 [0m [37;104m GET   [0m /admin/info/complaint_management
2022-08-10T19:07:36.363+0800	controller/handler.go:24	[GoAdmin] [37;44m 200 [0m [37;104m POST   [0m /admin/update/complaint_management
2022-08-10T19:07:36.705+0800	controller/handler.go:24	[GoAdmin] [37;44m 200 [0m [37;104m GET   [0m /admin/info/complaint_management
2022-08-11T11:22:10.192+0800	controller/handler.go:24	[GoAdmin] [37;44m 302 [0m [37;104m GET   [0m /admin/info/t_game_servers
2022-08-11T11:22:10.215+0800	controller/handler.go:24	[GoAdmin] [37;44m 200 [0m [37;104m GET   [0m /admin/login
2022-08-11T11:22:10.247+0800	controller/handler.go:24	[GoAdmin] [37;44m 302 [0m [37;104m GET   [0m /admin/info/t_game_servers
2022-08-11T11:22:10.251+0800	controller/handler.go:24	[GoAdmin] [37;44m 200 [0m [37;104m GET   [0m /admin/login
2022-08-11T11:22:11.232+0800	controller/handler.go:24	[GoAdmin] [37;44m 200 [0m [37;104m POST   [0m /admin/signin
2022-08-11T11:22:11.285+0800	controller/handler.go:24	[GoAdmin] [37;44m 200 [0m [37;104m GET   [0m /admin/info/complaint_management
2022-08-11T11:22:13.092+0800	controller/handler.go:24	[GoAdmin] [37;44m 200 [0m [37;104m GET   [0m /admin/info/t_game_servers
2022-08-11T11:22:14.419+0800	controller/handler.go:24	[GoAdmin] [37;44m 200 [0m [37;104m GET   [0m /admin/assets/dist/img/clear.png
2022-08-11T11:22:17.833+0800	controller/handler.go:24	[GoAdmin] [37;44m 200 [0m [37;104m POST   [0m /admin/update/t_game_servers
2022-08-11T11:22:18.565+0800	controller/handler.go:24	[GoAdmin] [37;44m 200 [0m [37;104m POST   [0m /admin/operation/_admin_NotifyServer
2022-08-11T11:22:20.276+0800	controller/handler.go:24	[GoAdmin] [37;44m 200 [0m [37;104m GET   [0m /admin/info/t_game_servers
2022-08-11T11:22:20.971+0800	controller/handler.go:24	[GoAdmin] [37;44m 200 [0m [37;104m GET   [0m /admin/info/t_game_servers
2022-08-11T11:23:57.476+0800	controller/handler.go:24	[GoAdmin] [37;44m 200 [0m [37;104m POST   [0m /admin/update/t_game_servers
2022-08-11T11:23:58.981+0800	controller/handler.go:24	[GoAdmin] [37;44m 200 [0m [37;104m GET   [0m /admin/info/t_game_servers
2022-08-11T11:23:59.888+0800	controller/handler.go:24	[GoAdmin] [37;44m 200 [0m [37;104m GET   [0m /admin/info/t_game_servers
2022-08-11T11:24:00.089+0800	controller/handler.go:24	[GoAdmin] [37;44m 200 [0m [37;104m GET   [0m /admin/info/t_game_servers
2022-08-11T11:24:00.236+0800	controller/handler.go:24	[GoAdmin] [37;44m 200 [0m [37;104m GET   [0m /admin/info/t_game_servers
2022-08-11T16:09:15.277+0800	controller/handler.go:24	[GoAdmin] [37;44m 302 [0m [37;104m GET   [0m /admin/info/t_game_servers
2022-08-11T16:09:15.284+0800	controller/handler.go:24	[GoAdmin] [37;44m 200 [0m [37;104m GET   [0m /admin/login
2022-08-11T16:09:16.776+0800	controller/handler.go:24	[GoAdmin] [37;44m 200 [0m [37;104m POST   [0m /admin/signin
2022-08-11T16:09:16.790+0800	controller/handler.go:24	[GoAdmin] [37;44m 200 [0m [37;104m GET   [0m /admin/login
2022-08-11T16:09:17.665+0800	controller/handler.go:24	[GoAdmin] [37;44m 200 [0m [37;104m POST   [0m /admin/signin
2022-08-11T16:09:17.719+0800	controller/handler.go:24	[GoAdmin] [37;44m 200 [0m [37;104m GET   [0m /admin/info/complaint_management
2022-08-11T16:09:18.497+0800	controller/handler.go:24	[GoAdmin] [37;44m 200 [0m [37;104m GET   [0m /admin/info/complaint_management
2022-08-11T16:09:21.544+0800	controller/handler.go:24	[GoAdmin] [37;44m 200 [0m [37;104m GET   [0m /admin/info/RankListType
2022-08-11T16:09:21.690+0800	controller/handler.go:24	[GoAdmin] [37;44m 200 [0m [37;104m GET   [0m /admin/assets/dist/css/fonts/6xKydSBYKcSV-LCoeQqfX1RYOo3i54rwlxdr.ttf
2022-08-11T16:09:32.588+0800	controller/handler.go:24	[GoAdmin] [37;44m 200 [0m [37;104m GET   [0m /admin/info/RankListPro
2022-08-11T16:29:37.388+0800	controller/handler.go:24	[GoAdmin] [37;44m 200 [0m [37;104m GET   [0m /admin/info/RankListPro
2022-08-11T16:31:37.514+0800	controller/handler.go:24	[GoAdmin] [37;44m 200 [0m [37;104m GET   [0m /admin/info/RankListPro
2022-08-11T16:33:09.165+0800	controller/handler.go:24	[GoAdmin] [37;44m 200 [0m [37;104m GET   [0m /admin/info/RankListPro
2022-08-11T16:35:36.779+0800	controller/handler.go:24	[GoAdmin] [37;44m 200 [0m [37;104m GET   [0m /admin/info/RankListPro
2022-08-11T16:50:15.138+0800	controller/handler.go:24	[GoAdmin] [37;44m 200 [0m [37;104m GET   [0m /admin/info/RankListPro
2022-08-11T16:50:49.328+0800	controller/handler.go:24	[GoAdmin] [37;44m 200 [0m [37;104m GET   [0m /admin/info/RankListPro
2022-08-11T16:50:57.666+0800	controller/handler.go:24	[GoAdmin] [37;44m 200 [0m [37;104m GET   [0m /admin/info/RankListPro
2022-08-11T16:51:04.685+0800	controller/handler.go:24	[GoAdmin] [37;44m 200 [0m [37;104m GET   [0m /admin/info/RankListPro
2022-08-11T16:52:09.552+0800	controller/handler.go:24	[GoAdmin] [37;44m 200 [0m [37;104m GET   [0m /admin/info/RankListPro
2022-08-11T16:52:09.559+0800	controller/handler.go:24	[GoAdmin] [37;44m 200 [0m [37;104m GET   [0m /admin/info/RankListPro
2022-08-11T16:52:12.349+0800	controller/handler.go:24	[GoAdmin] [37;44m 200 [0m [37;104m GET   [0m /admin/info/RankListPro
2022-08-11T16:52:15.205+0800	controller/handler.go:24	[GoAdmin] [37;44m 200 [0m [37;104m GET   [0m /admin/info/RankListPro
2022-08-11T16:52:22.940+0800	controller/handler.go:24	[GoAdmin] [37;44m 200 [0m [37;104m GET   [0m /admin/info/RankListPro
2022-08-11T16:52:26.545+0800	controller/handler.go:24	[GoAdmin] [37;44m 200 [0m [37;104m GET   [0m /admin/info/RankListPro
2022-08-11T16:52:29.400+0800	controller/handler.go:24	[GoAdmin] [37;44m 200 [0m [37;104m GET   [0m /admin/info/RankListPro
2022-08-11T16:52:33.974+0800	controller/handler.go:24	[GoAdmin] [37;44m 200 [0m [37;104m GET   [0m /admin/info/RankListPro
2022-08-11T16:52:50.242+0800	controller/handler.go:24	[GoAdmin] [37;44m 200 [0m [37;104m GET   [0m /admin/info/RankListPro
2022-08-11T16:52:55.088+0800	controller/handler.go:24	[GoAdmin] [37;44m 200 [0m [37;104m GET   [0m /admin/info/RankListPro
2022-08-11T16:59:29.318+0800	controller/handler.go:24	[GoAdmin] [37;44m 200 [0m [37;104m GET   [0m /admin/info/RankListPro
2022-08-11T16:59:31.183+0800	controller/handler.go:24	[GoAdmin] [37;44m 200 [0m [37;104m GET   [0m /admin/info/RankListPro
2022-08-11T17:20:02.190+0800	controller/handler.go:24	[GoAdmin] [37;44m 200 [0m [37;104m GET   [0m /admin/info/RankListPro
2022-08-11T17:20:38.964+0800	controller/handler.go:24	[GoAdmin] [37;44m 200 [0m [37;104m GET   [0m /admin/info/RankListPro
2022-08-11T17:25:31.814+0800	controller/handler.go:24	[GoAdmin] [37;44m 200 [0m [37;104m GET   [0m /admin/info/RankListPro
2022-08-11T17:27:20.622+0800	controller/handler.go:24	[GoAdmin] [37;44m 200 [0m [37;104m GET   [0m /admin/info/RankListPro
2022-08-11T17:28:50.783+0800	controller/handler.go:24	[GoAdmin] [37;44m 200 [0m [37;104m GET   [0m /admin/info/RankListPro
2022-08-11T17:29:22.032+0800	controller/handler.go:24	[GoAdmin] [37;44m 200 [0m [37;104m GET   [0m /admin/info/RankListPro
2022-08-11T17:30:10.085+0800	controller/handler.go:24	[GoAdmin] [37;44m 200 [0m [37;104m GET   [0m /admin/info/RankListPro
2022-08-11T17:30:13.941+0800	controller/handler.go:24	[GoAdmin] [37;44m 200 [0m [37;104m GET   [0m /admin/info/RankListPro
2022-08-11T18:19:56.023+0800	controller/handler.go:24	[GoAdmin] [37;44m 302 [0m [37;104m GET   [0m /admin/info/RankListAllServer
2022-08-11T18:19:56.027+0800	controller/handler.go:24	[GoAdmin] [37;44m 200 [0m [37;104m GET   [0m /admin/login
2022-08-11T18:19:57.527+0800	controller/handler.go:24	[GoAdmin] [37;44m 200 [0m [37;104m POST   [0m /admin/signin
2022-08-11T18:20:10.601+0800	controller/handler.go:24	[GoAdmin] [37;44m 200 [0m [37;104m GET   [0m /admin/info/RankListAllServer
2022-08-11T18:20:37.533+0800	controller/handler.go:24	[GoAdmin] [37;44m 200 [0m [37;104m GET   [0m /admin/info/RankListAllServer
2022-08-11T18:20:46.678+0800	controller/handler.go:24	[GoAdmin] [37;44m 200 [0m [37;104m GET   [0m /admin/info/RankListAllServer
2022-08-11T18:21:01.037+0800	controller/handler.go:24	[GoAdmin] [37;44m 200 [0m [37;104m GET   [0m /admin/info/RankListAllServer
2022-08-11T18:29:20.935+0800	controller/handler.go:24	[GoAdmin] [37;44m 200 [0m [37;104m GET   [0m /admin/info/RankListAllServer
2022-08-11T18:30:06.708+0800	controller/handler.go:24	[GoAdmin] [37;44m 200 [0m [37;104m GET   [0m /admin/info/RankListAllServer
2022-08-11T18:31:40.389+0800	controller/handler.go:24	[GoAdmin] [37;44m 200 [0m [37;104m GET   [0m /admin/info/RankListAllServer
2022-08-11T18:31:50.359+0800	controller/handler.go:24	[GoAdmin] [37;44m 200 [0m [37;104m GET   [0m /admin/info/RankListAllServer
2022-08-11T18:32:01.901+0800	controller/handler.go:24	[GoAdmin] [37;44m 200 [0m [37;104m GET   [0m /admin/info/RankListAllServer
2022-08-11T18:34:57.167+0800	controller/handler.go:24	[GoAdmin] [37;44m 200 [0m [37;104m GET   [0m /admin/info/RankListAllServer
2022-08-11T18:35:11.244+0800	controller/handler.go:24	[GoAdmin] [37;44m 200 [0m [37;104m GET   [0m /admin/menu
2022-08-11T18:35:17.390+0800	controller/handler.go:24	[GoAdmin] [37;44m 200 [0m [37;104m GET   [0m /admin/menu/edit/show
2022-08-11T18:35:39.984+0800	controller/handler.go:24	[GoAdmin] [37;44m 200 [0m [37;104m POST   [0m /admin/menu/edit
2022-08-11T18:35:45.190+0800	controller/handler.go:24	[GoAdmin] [37;44m 200 [0m [37;104m GET   [0m /admin/menu/edit/show
2022-08-11T18:36:01.646+0800	controller/handler.go:24	[GoAdmin] [37;44m 200 [0m [37;104m POST   [0m /admin/menu/edit
2022-08-11T18:36:04.104+0800	controller/handler.go:24	[GoAdmin] [37;44m 200 [0m [37;104m GET   [0m /admin/menu
2022-08-11T18:36:06.539+0800	controller/handler.go:24	[GoAdmin] [37;44m 200 [0m [37;104m GET   [0m /admin/info/op
2022-08-11T18:36:06.651+0800	controller/handler.go:24	[GoAdmin] [37;44m 200 [0m [37;104m GET   [0m /admin/info/op
2022-08-11T18:36:11.142+0800	controller/handler.go:24	[GoAdmin] [37;44m 200 [0m [37;104m GET   [0m /admin/info/RankListAllServer
2022-08-11T18:36:13.706+0800	controller/handler.go:24	[GoAdmin] [37;44m 200 [0m [37;104m GET   [0m /admin/info/RankListPro
2022-08-11T18:36:16.644+0800	controller/handler.go:24	[GoAdmin] [37;44m 200 [0m [37;104m GET   [0m /admin/info/RankListPro
2022-08-11T18:36:24.900+0800	controller/handler.go:24	[GoAdmin] [37;44m 200 [0m [37;104m GET   [0m /admin/info/RankListPro
2022-08-11T18:36:42.416+0800	controller/handler.go:24	[GoAdmin] [37;44m 200 [0m [37;104m GET   [0m /admin/menu
2022-08-11T18:36:45.133+0800	controller/handler.go:24	[GoAdmin] [37;44m 200 [0m [37;104m GET   [0m /admin/menu/edit/show
2022-08-11T18:36:51.087+0800	controller/handler.go:24	[GoAdmin] [37;44m 200 [0m [37;104m POST   [0m /admin/menu/edit
2022-08-11T18:36:52.428+0800	controller/handler.go:24	[GoAdmin] [37;44m 200 [0m [37;104m GET   [0m /admin/menu
2022-08-11T18:36:59.165+0800	controller/handler.go:24	[GoAdmin] [37;44m 200 [0m [37;104m GET   [0m /admin/info/RankListPro
2022-08-11T18:37:01.303+0800	controller/handler.go:24	[GoAdmin] [37;44m 200 [0m [37;104m GET   [0m /admin/info/RankListAllServer
2022-08-11T18:37:02.307+0800	controller/handler.go:24	[GoAdmin] [37;44m 200 [0m [37;104m GET   [0m /admin/info/RankListPro
2022-08-11T18:37:05.634+0800	controller/handler.go:24	[GoAdmin] [37;44m 200 [0m [37;104m GET   [0m /admin/info/RankListPro
2022-08-11T18:37:07.772+0800	controller/handler.go:24	[GoAdmin] [37;44m 200 [0m [37;104m GET   [0m /admin/info/RankListPro
2022-08-11T18:37:27.911+0800	controller/handler.go:24	[GoAdmin] [37;44m 200 [0m [37;104m GET   [0m /admin/info/operation_servers
2022-08-11T18:37:32.076+0800	controller/handler.go:24	[GoAdmin] [37;44m 200 [0m [37;104m GET   [0m /admin/info/t_game_servers
2022-08-11T18:38:54.672+0800	controller/handler.go:24	[GoAdmin] [37;44m 200 [0m [37;104m GET   [0m /admin/info/t_game_servers
2022-08-11T18:52:52.863+0800	controller/handler.go:24	[GoAdmin] [37;44m 302 [0m [37;104m GET   [0m /admin/info/t_game_servers
2022-08-11T18:52:52.874+0800	controller/handler.go:24	[GoAdmin] [37;44m 200 [0m [37;104m GET   [0m /admin/login
2022-08-11T18:52:54.119+0800	controller/handler.go:24	[GoAdmin] [37;44m 200 [0m [37;104m POST   [0m /admin/signin
2022-08-11T18:53:41.066+0800	controller/handler.go:24	[GoAdmin] [37;44m 200 [0m [37;104m GET   [0m /admin/info/RankListAllServer
2022-08-12T10:08:14.822+0800	controller/handler.go:24	[GoAdmin] [37;44m 302 [0m [37;104m GET   [0m /admin/info/RankListAllServer
2022-08-12T10:08:14.826+0800	controller/handler.go:24	[GoAdmin] [37;44m 200 [0m [37;104m GET   [0m /admin/login
2022-08-12T10:08:15.157+0800	controller/handler.go:24	[GoAdmin] [37;44m 200 [0m [37;104m GET   [0m /admin/assets/login/dist/all.min.js
2022-08-12T10:08:15.157+0800	controller/handler.go:24	[GoAdmin] [37;44m 200 [0m [37;104m GET   [0m /admin/assets/login/dist/all.min.css
2022-08-12T10:08:16.779+0800	controller/handler.go:24	[GoAdmin] [37;44m 200 [0m [37;104m POST   [0m /admin/signin
2022-08-12T10:08:16.857+0800	controller/handler.go:24	[GoAdmin] [37;44m 200 [0m [37;104m GET   [0m /admin/assets/dist/css/all.min.7bcc29700e.css
2022-08-12T10:08:16.864+0800	controller/handler.go:24	[GoAdmin] [37;44m 200 [0m [37;104m GET   [0m /admin/assets/dist/js/all.min.8425540791.js
2022-08-12T10:08:16.892+0800	controller/handler.go:24	[GoAdmin] [37;44m 200 [0m [37;104m GET   [0m /admin/assets/dist/js/treeview.min.7780d3bb0f.js
2022-08-12T10:08:16.892+0800	controller/handler.go:24	[GoAdmin] [37;44m 200 [0m [37;104m GET   [0m /admin/assets/dist/js/datatable.min.581cdc109b.js
2022-08-12T10:08:16.903+0800	controller/handler.go:24	[GoAdmin] [37;44m 200 [0m [37;104m GET   [0m /admin/assets/dist/img/avatar04.png
2022-08-12T10:08:16.919+0800	controller/handler.go:24	[GoAdmin] [37;44m 200 [0m [37;104m GET   [0m /admin/assets/dist/fonts/fontawesome-webfont.woff2
2022-08-12T10:08:16.920+0800	controller/handler.go:24	[GoAdmin] [37;44m 200 [0m [37;104m GET   [0m /admin/assets/dist/css/fonts/6xK3dSBYKcSV-LCoeQqfX1RYOo3qOK7g.ttf
2022-08-12T10:08:16.928+0800	controller/handler.go:24	[GoAdmin] [37;44m 200 [0m [37;104m GET   [0m /admin/assets/chart.min.js
2022-08-12T10:08:16.953+0800	controller/handler.go:24	[GoAdmin] [37;44m 200 [0m [37;104m GET   [0m /admin/assets/dist/js/tree.min.e1faf8b7de.js
2022-08-12T10:08:16.955+0800	controller/handler.go:24	[GoAdmin] [37;44m 200 [0m [37;104m GET   [0m /admin/assets/dist/js/all_2.min.38a2a946b0.js
2022-08-12T10:08:16.957+0800	controller/handler.go:24	[GoAdmin] [37;44m 200 [0m [37;104m GET   [0m /admin/assets/dist/js/form.min.f8678914e9.js
2022-08-12T10:08:17.049+0800	controller/handler.go:24	[GoAdmin] [37;44m 200 [0m [37;104m GET   [0m /admin/assets/dist/css/fonts/6xKydSBYKcSV-LCoeQqfX1RYOo3ig4vwlxdr.ttf
2022-08-12T10:08:20.153+0800	controller/handler.go:24	[GoAdmin] [37;44m 200 [0m [37;104m GET   [0m /admin/info/operation_servers
2022-08-12T10:08:20.195+0800	controller/handler.go:24	[GoAdmin] [37;44m 200 [0m [37;104m GET   [0m /admin/assets/dist/css/blue.png
2022-08-12T10:08:20.228+0800	controller/handler.go:24	[GoAdmin] [37;44m 200 [0m [37;104m GET   [0m /admin/assets/dist/css/fonts/6xKydSBYKcSV-LCoeQqfX1RYOo3ik4zwlxdr.ttf
2022-08-12T10:08:23.693+0800	controller/handler.go:24	[GoAdmin] [37;44m 200 [0m [37;104m GET   [0m /admin/info/operation_servers_pro
2022-08-12T10:08:26.898+0800	controller/handler.go:24	[GoAdmin] [37;44m 200 [0m [37;104m GET   [0m /admin/info/operation_servers_pro
2022-08-12T10:08:53.024+0800	controller/handler.go:24	[GoAdmin] [37;44m 200 [0m [37;104m GET   [0m /admin/info/operation_servers_pro
2022-08-12T10:08:57.550+0800	controller/handler.go:24	[GoAdmin] [37;44m 200 [0m [37;104m POST   [0m /admin/operation/_server_KickAllPlayer
2022-08-12T10:09:03.193+0800	controller/handler.go:24	[GoAdmin] [37;44m 200 [0m [37;104m POST   [0m /admin/operation/_server_KickAllPlayer
2022-08-12T10:09:03.246+0800	controller/handler.go:24	[GoAdmin] [37;44m 200 [0m [37;104m GET   [0m /admin/assets/dist/css/fonts/6xKydSBYKcSV-LCoeQqfX1RYOo3i54rwlxdr.ttf
2022-08-12T10:09:14.911+0800	controller/handler.go:24	[GoAdmin] [37;44m 200 [0m [37;104m POST   [0m /admin/operation/_server_KickAllPlayer
2022-08-12T10:09:25.247+0800	controller/handler.go:24	[GoAdmin] [37;44m 200 [0m [37;104m GET   [0m /admin/info/operation_servers_pro
2022-08-12T10:09:27.654+0800	controller/handler.go:24	[GoAdmin] [37;44m 200 [0m [37;104m POST   [0m /admin/operation/_server_KickAllPlayer
2022-08-16T11:56:56.499+0800	controller/handler.go:24	[GoAdmin] [37;44m 200 [0m [37;104m GET   [0m /admin/login
2022-08-16T11:56:56.616+0800	controller/handler.go:24	[GoAdmin] [37;44m 200 [0m [37;104m GET   [0m /admin/assets/login/dist/all.min.js
2022-08-16T11:56:56.616+0800	controller/handler.go:24	[GoAdmin] [37;44m 200 [0m [37;104m GET   [0m /admin/assets/login/dist/all.min.css
2022-08-16T11:56:58.248+0800	controller/handler.go:24	[GoAdmin] [37;44m 200 [0m [37;104m POST   [0m /admin/signin
2022-08-16T11:56:58.341+0800	controller/handler.go:24	[GoAdmin] [37;44m 200 [0m [37;104m GET   [0m /admin/assets/dist/css/all.min.7bcc29700e.css
2022-08-16T11:56:58.349+0800	controller/handler.go:24	[GoAdmin] [37;44m 200 [0m [37;104m GET   [0m /admin/assets/dist/js/all.min.8425540791.js
2022-08-16T11:56:58.372+0800	controller/handler.go:24	[GoAdmin] [37;44m 200 [0m [37;104m GET   [0m /admin/assets/dist/js/treeview.min.7780d3bb0f.js
2022-08-16T11:56:58.375+0800	controller/handler.go:24	[GoAdmin] [37;44m 200 [0m [37;104m GET   [0m /admin/assets/dist/js/form.min.f8678914e9.js
2022-08-16T11:56:58.400+0800	controller/handler.go:24	[GoAdmin] [37;44m 200 [0m [37;104m GET   [0m /admin/assets/dist/img/avatar04.png
2022-08-16T11:56:58.404+0800	controller/handler.go:24	[GoAdmin] [37;44m 200 [0m [37;104m GET   [0m /admin/assets/dist/js/datatable.min.581cdc109b.js
2022-08-16T11:56:58.404+0800	controller/handler.go:24	[GoAdmin] [37;44m 200 [0m [37;104m GET   [0m /admin/assets/dist/js/tree.min.e1faf8b7de.js
2022-08-16T11:56:58.404+0800	controller/handler.go:24	[GoAdmin] [37;44m 200 [0m [37;104m GET   [0m /admin/assets/chart.min.js
2022-08-16T11:56:58.407+0800	controller/handler.go:24	[GoAdmin] [37;44m 200 [0m [37;104m GET   [0m /admin/assets/dist/js/all_2.min.38a2a946b0.js
2022-08-16T11:56:58.412+0800	controller/handler.go:24	[GoAdmin] [37;44m 200 [0m [37;104m GET   [0m /admin/assets/dist/fonts/fontawesome-webfont.woff2
2022-08-16T11:56:58.413+0800	controller/handler.go:24	[GoAdmin] [37;44m 200 [0m [37;104m GET   [0m /admin/assets/dist/css/fonts/6xK3dSBYKcSV-LCoeQqfX1RYOo3qOK7g.ttf
2022-08-16T11:56:58.470+0800	controller/handler.go:24	[GoAdmin] [37;44m 200 [0m [37;104m GET   [0m /admin/assets/dist/css/fonts/6xKydSBYKcSV-LCoeQqfX1RYOo3ig4vwlxdr.ttf
2022-08-16T11:57:05.728+0800	controller/handler.go:24	[GoAdmin] [37;44m 200 [0m [37;104m GET   [0m /admin/info/log_character_onlines
2022-08-16T11:57:05.753+0800	controller/handler.go:24	[GoAdmin] [37;44m 200 [0m [37;104m GET   [0m /admin/assets/dist/css/blue.png
2022-08-16T11:57:05.771+0800	controller/handler.go:24	[GoAdmin] [37;44m 200 [0m [37;104m GET   [0m /admin/assets/dist/css/fonts/6xKydSBYKcSV-LCoeQqfX1RYOo3ik4zwlxdr.ttf
2022-08-16T11:57:09.387+0800	controller/handler.go:24	[GoAdmin] [37;44m 200 [0m [37;104m GET   [0m /admin/info/log_character_onlines
2022-08-16T11:57:10.160+0800	controller/handler.go:24	[GoAdmin] [37;44m 200 [0m [37;104m GET   [0m /admin/assets/dist/fonts/glyphicons-halflings-regular.woff2
2022-08-16T11:57:13.760+0800	controller/handler.go:24	[GoAdmin] [37;44m 200 [0m [37;104m GET   [0m /admin/info/log_character_onlines
2022-08-16T11:57:19.276+0800	controller/handler.go:24	[GoAdmin] [37;44m 200 [0m [37;104m GET   [0m /admin/info/log_character_onlines
2022-08-16T11:57:20.595+0800	controller/handler.go:24	[GoAdmin] [37;44m 200 [0m [37;104m GET   [0m /admin/info/log_character_onlines
2022-08-16T11:57:22.009+0800	controller/handler.go:24	[GoAdmin] [37;44m 200 [0m [37;104m GET   [0m /admin/info/log_character_onlines
2022-08-16T11:57:23.501+0800	controller/handler.go:24	[GoAdmin] [37;44m 200 [0m [37;104m GET   [0m /admin/info/log_character_onlines
2022-08-16T11:57:24.325+0800	controller/handler.go:24	[GoAdmin] [37;44m 200 [0m [37;104m GET   [0m /admin/info/log_character_onlines
2022-08-16T11:57:25.256+0800	controller/handler.go:24	[GoAdmin] [37;44m 200 [0m [37;104m GET   [0m /admin/info/log_character_onlines
2022-08-16T11:57:50.331+0800	controller/handler.go:24	[GoAdmin] [37;44m 200 [0m [37;104m GET   [0m /admin/info/log_character_onlines
2022-08-16T11:59:50.815+0800	controller/handler.go:24	[GoAdmin] [37;44m 200 [0m [37;104m GET   [0m /admin/info/log_character_onlines
2022-08-17T10:13:58.476+0800	controller/handler.go:24	[GoAdmin] [37;44m 302 [0m [37;104m GET   [0m /admin/info/log_character_onlines
2022-08-17T10:13:58.493+0800	controller/handler.go:24	[GoAdmin] [37;44m 200 [0m [37;104m GET   [0m /admin/login
2022-08-17T10:13:58.592+0800	controller/handler.go:24	[GoAdmin] [37;44m 200 [0m [37;104m GET   [0m /admin/assets/login/dist/all.min.js
2022-08-17T10:13:58.592+0800	controller/handler.go:24	[GoAdmin] [37;44m 200 [0m [37;104m GET   [0m /admin/assets/login/dist/all.min.css
2022-08-17T10:14:01.085+0800	controller/handler.go:24	[GoAdmin] [37;44m 200 [0m [37;104m POST   [0m /admin/signin
2022-08-17T10:14:01.105+0800	controller/handler.go:24	[GoAdmin] [37;44m 200 [0m [37;104m GET   [0m /admin/login
2022-08-17T10:14:05.148+0800	controller/handler.go:24	[GoAdmin] [37;44m 200 [0m [37;104m POST   [0m /admin/signin
2022-08-17T10:14:25.056+0800	controller/handler.go:24	[GoAdmin] [37;44m 200 [0m [37;104m GET   [0m /admin/assets/dist/fonts/glyphicons-halflings-regular.woff2
2022-08-17T10:14:26.566+0800	controller/handler.go:24	[GoAdmin] [37;44m 200 [0m [37;104m GET   [0m /admin/info/inst_player_char_brief
2022-08-17T10:14:33.507+0800	controller/handler.go:24	[GoAdmin] [37;44m 200 [0m [37;104m GET   [0m /admin/info/inst_player_char_brief
2022-08-17T10:15:06.068+0800	controller/handler.go:24	[GoAdmin] [37;44m 200 [0m [37;104m GET   [0m /admin/info/inst_player_char_brief
2022-08-17T18:07:46.121+0800	controller/handler.go:24	[GoAdmin] [37;44m 200 [0m [37;104m GET   [0m /admin/login
2022-08-17T18:07:47.677+0800	controller/handler.go:24	[GoAdmin] [37;44m 200 [0m [37;104m POST   [0m /admin/signin
2022-08-17T18:07:47.743+0800	controller/handler.go:24	[GoAdmin] [37;44m 200 [0m [37;104m GET   [0m /admin/info/inst_player_char_brief
2022-08-17T18:07:54.768+0800	controller/handler.go:24	[GoAdmin] [37;44m 200 [0m [37;104m GET   [0m /admin/info/QueryExcellentCount
2022-08-17T18:08:45.218+0800	controller/handler.go:24	[GoAdmin] [37;44m 200 [0m [37;104m GET   [0m /admin/info/QueryExcellentCount
2022-08-17T18:09:05.183+0800	controller/handler.go:24	[GoAdmin] [37;44m 200 [0m [37;104m GET   [0m /admin/info/QueryExcellentCount
2022-08-17T18:09:19.225+0800	controller/handler.go:24	[GoAdmin] [37;44m 200 [0m [37;104m GET   [0m /admin/info/QueryExcellentCount
2022-08-17T18:10:38.802+0800	controller/handler.go:24	[GoAdmin] [37;44m 200 [0m [37;104m GET   [0m /admin/info/QueryExcellentCount
2022-08-17T18:10:51.777+0800	controller/handler.go:24	[GoAdmin] [37;44m 200 [0m [37;104m GET   [0m /admin/info/QueryExcellentCount
2022-08-17T18:11:23.885+0800	controller/handler.go:24	[GoAdmin] [37;44m 200 [0m [37;104m GET   [0m /admin/info/QueryExcellentCount
2022-08-17T18:15:22.239+0800	controller/handler.go:24	[GoAdmin] [37;44m 200 [0m [37;104m GET   [0m /admin/info/QueryExcellentCount
2022-08-17T18:20:13.152+0800	controller/handler.go:24	[GoAdmin] [37;44m 200 [0m [37;104m GET   [0m /admin/info/QueryExcellentCount
2022-08-17T18:21:52.684+0800	controller/handler.go:24	[GoAdmin] [37;44m 200 [0m [37;104m GET   [0m /admin/info/QueryExcellentCount
2022-08-17T18:22:11.571+0800	controller/handler.go:24	[GoAdmin] [37;44m 200 [0m [37;104m GET   [0m /admin/info/QueryExcellentCount
2022-08-17T18:22:52.855+0800	controller/handler.go:24	[GoAdmin] [37;44m 200 [0m [37;104m GET   [0m /admin/info/QueryExcellentCount
2022-08-17T18:24:13.754+0800	controller/handler.go:24	[GoAdmin] [37;44m 200 [0m [37;104m GET   [0m /admin/info/QueryExcellentCount
2022-08-17T18:24:24.470+0800	controller/handler.go:24	[GoAdmin] [37;44m 200 [0m [37;104m GET   [0m /admin/info/QueryExcellentCount
2022-08-17T18:24:29.315+0800	controller/handler.go:24	[GoAdmin] [37;44m 200 [0m [37;104m GET   [0m /admin/info/QueryExcellentCount
2022-08-17T18:24:40.043+0800	controller/handler.go:24	[GoAdmin] [37;44m 200 [0m [37;104m GET   [0m /admin/info/QueryExcellentCount
2022-08-17T18:24:44.105+0800	controller/handler.go:24	[GoAdmin] [37;44m 200 [0m [37;104m GET   [0m /admin/info/QueryExcellentCount
2022-08-17T18:24:46.493+0800	controller/handler.go:24	[GoAdmin] [37;44m 200 [0m [37;104m GET   [0m /admin/info/QueryExcellentCount
2022-08-17T18:24:48.456+0800	controller/handler.go:24	[GoAdmin] [37;44m 200 [0m [37;104m GET   [0m /admin/info/QueryExcellentCount
2022-08-17T18:24:51.313+0800	controller/handler.go:24	[GoAdmin] [37;44m 200 [0m [37;104m GET   [0m /admin/info/QueryExcellentCount
2022-08-17T18:24:53.625+0800	controller/handler.go:24	[GoAdmin] [37;44m 200 [0m [37;104m GET   [0m /admin/info/QueryExcellentCount
2022-08-17T18:25:52.989+0800	controller/handler.go:24	[GoAdmin] [37;44m 200 [0m [37;104m GET   [0m /admin/info/QueryExcellentCount
2022-08-17T18:29:52.041+0800	controller/handler.go:24	[GoAdmin] [37;44m 200 [0m [37;104m GET   [0m /admin/info/QueryExcellentCount
2022-08-17T18:33:46.099+0800	controller/handler.go:24	[GoAdmin] [37;44m 200 [0m [37;104m GET   [0m /admin/info/QueryExcellentCount
2022-08-17T18:38:01.175+0800	controller/handler.go:24	[GoAdmin] [37;44m 200 [0m [37;104m GET   [0m /admin/info/QueryExcellentCount
2022-08-17T18:41:00.053+0800	controller/handler.go:24	[GoAdmin] [37;44m 200 [0m [37;104m GET   [0m /admin/info/QueryExcellentCount
2022-08-17T18:41:03.740+0800	controller/handler.go:24	[GoAdmin] [37;44m 200 [0m [37;104m GET   [0m /admin/info/QueryExcellentCount
2022-08-17T18:41:05.271+0800	controller/handler.go:24	[GoAdmin] [37;44m 200 [0m [37;104m GET   [0m /admin/info/QueryExcellentCount
2022-08-17T18:41:06.368+0800	controller/handler.go:24	[GoAdmin] [37;44m 200 [0m [37;104m GET   [0m /admin/info/QueryExcellentCount
2022-08-17T18:41:27.477+0800	controller/handler.go:24	[GoAdmin] [37;44m 200 [0m [37;104m GET   [0m /admin/info/QueryExcellentCount
2022-08-17T18:49:56.974+0800	controller/handler.go:24	[GoAdmin] [37;44m 302 [0m [37;104m GET   [0m /admin/info/QueryExcellentCount
2022-08-17T18:49:56.977+0800	controller/handler.go:24	[GoAdmin] [37;44m 200 [0m [37;104m GET   [0m /admin/login
2022-08-17T18:49:58.079+0800	controller/handler.go:24	[GoAdmin] [37;44m 200 [0m [37;104m POST   [0m /admin/signin
2022-08-17T18:50:01.778+0800	controller/handler.go:24	[GoAdmin] [37;44m 200 [0m [37;104m GET   [0m /admin/info/QueryExcellentCount
2022-08-17T18:50:13.258+0800	controller/handler.go:24	[GoAdmin] [37;44m 200 [0m [37;104m GET   [0m /admin/info/QueryExcellentCount
2022-08-17T18:50:19.375+0800	controller/handler.go:24	[GoAdmin] [37;44m 200 [0m [37;104m POST   [0m /admin/export/QueryExcellentCount
2022-08-18T16:43:46.973+0800	controller/handler.go:24	[GoAdmin] [37;44m 302 [0m [37;104m GET   [0m /admin/info/QueryExcellentCount
2022-08-18T16:43:46.978+0800	controller/handler.go:24	[GoAdmin] [37;44m 200 [0m [37;104m GET   [0m /admin/login
2022-08-18T16:43:48.794+0800	controller/handler.go:24	[GoAdmin] [37;44m 200 [0m [37;104m POST   [0m /admin/signin
2022-08-18T16:43:48.803+0800	controller/handler.go:24	[GoAdmin] [37;44m 200 [0m [37;104m GET   [0m /admin/login
2022-08-18T16:43:49.609+0800	controller/handler.go:24	[GoAdmin] [37;44m 200 [0m [37;104m POST   [0m /admin/signin
2022-08-18T16:43:53.334+0800	controller/handler.go:24	[GoAdmin] [37;44m 200 [0m [37;104m GET   [0m /admin/info/QueryExcellentCount
2022-08-18T16:44:08.056+0800	controller/handler.go:24	[GoAdmin] [37;44m 200 [0m [37;104m GET   [0m /admin/info/QueryExcellentCount
2022-08-18T16:45:28.876+0800	controller/handler.go:24	[GoAdmin] [37;44m 200 [0m [37;104m GET   [0m /admin/info/QueryExcellentCount
2022-08-18T16:50:22.365+0800	controller/handler.go:24	[GoAdmin] [37;44m 200 [0m [37;104m GET   [0m /admin/info/QueryExcellentCount
2022-08-18T16:50:28.574+0800	controller/handler.go:24	[GoAdmin] [37;44m 200 [0m [37;104m GET   [0m /admin/info/QueryExcellentCount
2022-08-18T16:50:30.542+0800	controller/handler.go:24	[GoAdmin] [37;44m 200 [0m [37;104m GET   [0m /admin/info/QueryExcellentCount
2022-08-18T16:50:32.977+0800	controller/handler.go:24	[GoAdmin] [37;44m 200 [0m [37;104m GET   [0m /admin/info/QueryExcellentCount
2022-08-18T16:52:01.805+0800	controller/handler.go:24	[GoAdmin] [37;44m 200 [0m [37;104m GET   [0m /admin/info/QueryExcellentCount
2022-08-18T16:52:58.030+0800	controller/handler.go:24	[GoAdmin] [37;44m 200 [0m [37;104m GET   [0m /admin/info/QueryExcellentCount
2022-08-18T16:54:18.325+0800	controller/handler.go:24	[GoAdmin] [37;44m 200 [0m [37;104m GET   [0m /admin/info/QueryExcellentCount
2022-08-18T17:15:20.199+0800	controller/handler.go:24	[GoAdmin] [37;44m 200 [0m [37;104m GET   [0m /admin/info/QueryExcellentCount
2022-08-18T17:15:26.349+0800	controller/handler.go:24	[GoAdmin] [37;44m 200 [0m [37;104m GET   [0m /admin/info/QueryExcellentCount
2022-08-18T17:15:26.951+0800	controller/handler.go:24	[GoAdmin] [37;44m 200 [0m [37;104m GET   [0m /admin/info/QueryExcellentCount
2022-08-18T17:15:27.139+0800	controller/handler.go:24	[GoAdmin] [37;44m 200 [0m [37;104m GET   [0m /admin/info/QueryExcellentCount
2022-08-18T17:15:27.405+0800	controller/handler.go:24	[GoAdmin] [37;44m 200 [0m [37;104m GET   [0m /admin/info/QueryExcellentCount
2022-08-18T17:15:27.698+0800	controller/handler.go:24	[GoAdmin] [37;44m 200 [0m [37;104m GET   [0m /admin/info/QueryExcellentCount
2022-08-18T17:23:59.633+0800	controller/handler.go:24	[GoAdmin] [37;44m 200 [0m [37;104m GET   [0m /admin/info/QueryExcellentCount
2022-08-18T17:31:42.843+0800	controller/handler.go:24	[GoAdmin] [37;44m 200 [0m [37;104m GET   [0m /admin/info/QueryExcellentCount
2022-08-18T17:31:45.937+0800	controller/handler.go:24	[GoAdmin] [37;44m 200 [0m [37;104m GET   [0m /admin/info/QueryExcellentCount
2022-08-18T17:31:48.639+0800	controller/handler.go:24	[GoAdmin] [37;44m 200 [0m [37;104m GET   [0m /admin/info/QueryExcellentCount
2022-08-18T17:31:53.360+0800	controller/handler.go:24	[GoAdmin] [37;44m 200 [0m [37;104m GET   [0m /admin/info/QueryExcellentCount
2022-08-18T17:31:54.283+0800	controller/handler.go:24	[GoAdmin] [37;44m 200 [0m [37;104m GET   [0m /admin/info/QueryExcellentCount
2022-08-18T17:31:55.234+0800	controller/handler.go:24	[GoAdmin] [37;44m 200 [0m [37;104m GET   [0m /admin/info/QueryExcellentCount
2022-08-18T17:31:56.208+0800	controller/handler.go:24	[GoAdmin] [37;44m 200 [0m [37;104m GET   [0m /admin/info/QueryExcellentCount
2022-08-18T17:32:56.987+0800	controller/handler.go:24	[GoAdmin] [37;44m 200 [0m [37;104m GET   [0m /admin/info/QueryExcellentCount
2022-08-18T17:33:06.655+0800	controller/handler.go:24	[GoAdmin] [37;44m 200 [0m [37;104m GET   [0m /admin/info/QueryExcellentCount
2022-08-18T17:33:07.280+0800	controller/handler.go:24	[GoAdmin] [37;44m 200 [0m [37;104m GET   [0m /admin/info/QueryExcellentCount
2022-08-18T17:33:07.951+0800	controller/handler.go:24	[GoAdmin] [37;44m 200 [0m [37;104m GET   [0m /admin/info/QueryExcellentCount
2022-08-18T17:33:08.707+0800	controller/handler.go:24	[GoAdmin] [37;44m 200 [0m [37;104m GET   [0m /admin/info/QueryExcellentCount
2022-08-18T17:33:09.681+0800	controller/handler.go:24	[GoAdmin] [37;44m 200 [0m [37;104m GET   [0m /admin/info/QueryExcellentCount
2022-08-18T17:33:10.431+0800	controller/handler.go:24	[GoAdmin] [37;44m 200 [0m [37;104m GET   [0m /admin/info/QueryExcellentCount
2022-08-18T18:18:43.956+0800	controller/handler.go:24	[GoAdmin] [37;44m 200 [0m [37;104m GET   [0m /admin/menu
2022-08-18T18:18:49.760+0800	controller/handler.go:24	[GoAdmin] [37;44m 200 [0m [37;104m GET   [0m /admin/info/QueryExcellentCount
2022-08-18T18:18:54.376+0800	controller/handler.go:24	[GoAdmin] [37;44m 200 [0m [37;104m GET   [0m /admin/info/QueryExcellentCount
2022-08-18T18:19:00.699+0800	controller/handler.go:24	[GoAdmin] [37;44m 200 [0m [37;104m GET   [0m /admin/info/QueryExcellentCount
2022-08-30T11:47:45.757+0800	controller/handler.go:24	[GoAdmin] [37;44m 200 [0m [37;104m GET   [0m /admin/login
2022-08-30T11:47:54.844+0800	controller/handler.go:24	[GoAdmin] [37;44m 200 [0m [37;104m POST   [0m /admin/signin
2022-08-30T11:47:59.576+0800	controller/handler.go:24	[GoAdmin] [37;44m 200 [0m [37;104m GET   [0m /admin/info/operation_servers
2022-08-30T11:48:07.877+0800	controller/handler.go:24	[GoAdmin] [37;44m 200 [0m [37;104m GET   [0m /admin/info/roles
2022-08-30T11:48:09.580+0800	controller/handler.go:24	[GoAdmin] [37;44m 200 [0m [37;104m GET   [0m /admin/info/roles/edit
2022-08-30T11:48:09.686+0800	controller/handler.go:24	[GoAdmin] [37;44m 200 [0m [37;104m GET   [0m /admin/assets/dist/fonts/glyphicons-halflings-regular.woff2
2022-08-30T11:48:21.325+0800	controller/handler.go:24	[GoAdmin] [37;44m 200 [0m [37;104m POST   [0m /admin/edit/roles
2022-08-30T11:48:22.478+0800	controller/handler.go:24	[GoAdmin] [37;44m 200 [0m [37;104m GET   [0m /admin/info/roles
2022-08-30T11:48:22.577+0800	controller/handler.go:24	[GoAdmin] [37;44m 200 [0m [37;104m GET   [0m /admin/assets/dist/css/fonts/6xKydSBYKcSV-LCoeQqfX1RYOo3i54rwlxdr.ttf
2022-08-30T11:48:28.194+0800	controller/handler.go:24	[GoAdmin] [37;44m 302 [0m [37;104m GET   [0m /admin/logout
2022-08-30T11:48:28.203+0800	controller/handler.go:24	[GoAdmin] [37;44m 200 [0m [37;104m GET   [0m /admin/login
2022-08-30T11:48:31.049+0800	controller/handler.go:24	[GoAdmin] [37;44m 200 [0m [37;104m POST   [0m /admin/signin
2022-08-30T11:52:02.888+0800	controller/handler.go:24	[GoAdmin] [37;44m 200 [0m [37;104m GET   [0m /admin/info/inst_player_char_brief
2022-08-30T11:52:06.324+0800	controller/handler.go:24	[GoAdmin] [37;44m 200 [0m [37;104m GET   [0m /admin/info/inst_player_char_brief
2022-08-30T11:52:08.482+0800	controller/handler.go:24	[GoAdmin] [37;44m 200 [0m [37;104m GET   [0m /admin/info/inst_player_char_brief
2022-08-30T11:52:11.676+0800	controller/handler.go:24	[GoAdmin] [37;44m 200 [0m [37;104m GET   [0m /admin/info/inst_player_char_brief
2022-08-30T11:52:14.305+0800	controller/handler.go:24	[GoAdmin] [37;44m 200 [0m [37;104m GET   [0m /admin/info/inst_player_char_brief
2022-08-30T11:52:31.819+0800	controller/handler.go:24	[GoAdmin] [37;44m 200 [0m [37;104m GET   [0m /admin/info/roles
2022-08-30T11:52:33.346+0800	controller/handler.go:24	[GoAdmin] [37;44m 200 [0m [37;104m GET   [0m /admin/info/roles/edit
2022-08-30T11:52:43.697+0800	controller/handler.go:24	[GoAdmin] [37;44m 200 [0m [37;104m POST   [0m /admin/edit/roles
2022-08-30T11:52:45.901+0800	controller/handler.go:24	[GoAdmin] [37;44m 302 [0m [37;104m GET   [0m /admin/logout
2022-08-30T11:52:45.907+0800	controller/handler.go:24	[GoAdmin] [37;44m 200 [0m [37;104m GET   [0m /admin/login
2022-08-30T11:53:16.298+0800	controller/handler.go:24	[GoAdmin] [37;44m 200 [0m [37;104m POST   [0m /admin/signin
2022-08-30T11:53:24.521+0800	controller/handler.go:24	[GoAdmin] [37;44m 302 [0m [37;104m GET   [0m /admin/logout
2022-08-30T11:53:24.529+0800	controller/handler.go:24	[GoAdmin] [37;44m 200 [0m [37;104m GET   [0m /admin/login
2022-08-30T11:53:25.745+0800	controller/handler.go:24	[GoAdmin] [37;44m 200 [0m [37;104m POST   [0m /admin/signin
2022-08-30T11:53:29.350+0800	controller/handler.go:24	[GoAdmin] [37;44m 302 [0m [37;104m GET   [0m /admin/logout
2022-08-30T11:53:29.354+0800	controller/handler.go:24	[GoAdmin] [37;44m 200 [0m [37;104m GET   [0m /admin/login
2022-08-30T11:53:31.446+0800	controller/handler.go:24	[GoAdmin] [37;44m 200 [0m [37;104m POST   [0m /admin/signin
2022-08-30T11:53:34.035+0800	controller/handler.go:24	[GoAdmin] [37;44m 200 [0m [37;104m GET   [0m /admin/menu
2022-08-30T11:53:35.768+0800	controller/handler.go:24	[GoAdmin] [37;44m 200 [0m [37;104m GET   [0m /admin/menu/edit/show
2022-08-30T11:53:36.856+0800	controller/handler.go:24	[GoAdmin] [37;44m 200 [0m [37;104m GET   [0m /admin/menu
2022-08-30T11:53:40.866+0800	controller/handler.go:24	[GoAdmin] [37;44m 200 [0m [37;104m GET   [0m /admin/menu/edit/show
2022-08-30T11:53:43.631+0800	controller/handler.go:24	[GoAdmin] [37;44m 200 [0m [37;104m POST   [0m /admin/menu/edit
2022-08-30T11:53:47.771+0800	controller/handler.go:24	[GoAdmin] [37;44m 200 [0m [37;104m GET   [0m /admin/menu/edit/show
2022-08-30T11:53:53.091+0800	controller/handler.go:24	[GoAdmin] [37;44m 200 [0m [37;104m POST   [0m /admin/menu/edit
2022-08-30T11:53:55.264+0800	controller/handler.go:24	[GoAdmin] [37;44m 302 [0m [37;104m GET   [0m /admin/logout
2022-08-30T11:53:55.270+0800	controller/handler.go:24	[GoAdmin] [37;44m 200 [0m [37;104m GET   [0m /admin/login
2022-08-30T11:53:57.302+0800	controller/handler.go:24	[GoAdmin] [37;44m 200 [0m [37;104m POST   [0m /admin/signin
2022-08-30T11:53:58.959+0800	controller/handler.go:24	[GoAdmin] [37;44m 200 [0m [37;104m GET   [0m /admin/info/inst_player_char_brief
2022-08-30T11:54:02.053+0800	controller/handler.go:24	[GoAdmin] [37;44m 200 [0m [37;104m GET   [0m /admin/info/inst_player_char_brief
2022-08-30T11:54:25.014+0800	controller/handler.go:24	[GoAdmin] [37;44m 302 [0m [37;104m GET   [0m /admin/logout
2022-08-30T11:54:25.018+0800	controller/handler.go:24	[GoAdmin] [37;44m 200 [0m [37;104m GET   [0m /admin/login
2022-08-30T11:54:28.164+0800	controller/handler.go:24	[GoAdmin] [37;44m 200 [0m [37;104m POST   [0m /admin/signin
2022-09-17T11:12:15.439+0800	controller/handler.go:24	[GoAdmin] [37;44m 200 [0m [37;104m GET   [0m /admin/login
2022-09-17T11:12:15.575+0800	controller/handler.go:24	[GoAdmin] [37;44m 304 [0m [37;104m GET   [0m /admin/assets/login/dist/all.min.js
2022-09-17T11:12:15.575+0800	controller/handler.go:24	[GoAdmin] [37;44m 304 [0m [37;104m GET   [0m /admin/assets/login/dist/all.min.css
2022-09-17T11:12:16.749+0800	controller/handler.go:24	[GoAdmin] [37;44m 200 [0m [37;104m POST   [0m /admin/signin
2022-09-17T11:12:16.764+0800	controller/handler.go:24	[GoAdmin] [37;44m 200 [0m [37;104m GET   [0m /admin/login
2022-09-17T11:12:17.652+0800	controller/handler.go:24	[GoAdmin] [37;44m 200 [0m [37;104m POST   [0m /admin/signin
2022-09-17T11:12:17.777+0800	controller/handler.go:24	[GoAdmin] [37;44m 304 [0m [37;104m GET   [0m /admin/assets/dist/css/all.min.7bcc29700e.css
2022-09-17T11:12:17.790+0800	controller/handler.go:24	[GoAdmin] [37;44m 304 [0m [37;104m GET   [0m /admin/assets/dist/js/tree.min.e1faf8b7de.js
2022-09-17T11:12:17.791+0800	controller/handler.go:24	[GoAdmin] [37;44m 304 [0m [37;104m GET   [0m /admin/assets/dist/js/all.min.8425540791.js
2022-09-17T11:12:17.800+0800	controller/handler.go:24	[GoAdmin] [37;44m 304 [0m [37;104m GET   [0m /admin/assets/dist/js/datatable.min.581cdc109b.js
2022-09-17T11:12:17.831+0800	controller/handler.go:24	[GoAdmin] [37;44m 304 [0m [37;104m GET   [0m /admin/assets/dist/img/avatar04.png
2022-09-17T11:12:17.832+0800	controller/handler.go:24	[GoAdmin] [37;44m 304 [0m [37;104m GET   [0m /admin/assets/dist/js/form.min.f8678914e9.js
2022-09-17T11:12:17.835+0800	controller/handler.go:24	[GoAdmin] [37;44m 304 [0m [37;104m GET   [0m /admin/assets/dist/js/all_2.min.38a2a946b0.js
2022-09-17T11:12:17.835+0800	controller/handler.go:24	[GoAdmin] [37;44m 304 [0m [37;104m GET   [0m /admin/assets/dist/js/treeview.min.7780d3bb0f.js
2022-09-17T11:12:17.836+0800	controller/handler.go:24	[GoAdmin] [37;44m 304 [0m [37;104m GET   [0m /admin/assets/chart.min.js
2022-09-17T11:12:17.854+0800	controller/handler.go:24	[GoAdmin] [37;44m 304 [0m [37;104m GET   [0m /admin/assets/dist/css/fonts/6xK3dSBYKcSV-LCoeQqfX1RYOo3qOK7g.ttf
2022-09-17T11:12:17.856+0800	controller/handler.go:24	[GoAdmin] [37;44m 304 [0m [37;104m GET   [0m /admin/assets/dist/fonts/fontawesome-webfont.woff2
2022-09-17T11:12:17.930+0800	controller/handler.go:24	[GoAdmin] [37;44m 304 [0m [37;104m GET   [0m /admin/assets/dist/css/fonts/6xKydSBYKcSV-LCoeQqfX1RYOo3ig4vwlxdr.ttf
2022-09-17T11:12:51.087+0800	controller/handler.go:24	[GoAdmin] [37;44m 200 [0m [37;104m GET   [0m /admin/info/TDataDetail
2022-09-17T11:12:51.128+0800	controller/handler.go:24	[GoAdmin] [37;44m 304 [0m [37;104m GET   [0m /admin/assets/dist/css/blue.png
2022-09-17T11:12:51.159+0800	controller/handler.go:24	[GoAdmin] [37;44m 304 [0m [37;104m GET   [0m /admin/assets/dist/css/fonts/6xKydSBYKcSV-LCoeQqfX1RYOo3ik4zwlxdr.ttf
2022-09-17T11:12:52.283+0800	controller/handler.go:24	[GoAdmin] [37;44m 200 [0m [37;104m GET   [0m /admin/info/player_active_count
2022-09-17T11:12:54.776+0800	controller/handler.go:24	[GoAdmin] [37;44m 200 [0m [37;104m GET   [0m /admin/info/CCUByDate
2022-09-17T11:12:59.015+0800	controller/handler.go:24	[GoAdmin] [37;44m 200 [0m [37;104m GET   [0m /admin/info/CCUByDate
2022-09-17T11:13:01.684+0800	controller/handler.go:24	[GoAdmin] [37;44m 200 [0m [37;104m GET   [0m /admin/info/CCUByDate
2022-09-17T11:13:04.698+0800	controller/handler.go:24	[GoAdmin] [37;44m 200 [0m [37;104m GET   [0m /admin/info/CCUByDate
2022-09-17T11:13:04.936+0800	controller/handler.go:24	[GoAdmin] [37;44m 200 [0m [37;104m GET   [0m /admin/info/CCUByDate
2022-09-17T11:13:05.609+0800	controller/handler.go:24	[GoAdmin] [37;44m 200 [0m [37;104m GET   [0m /admin/info/CCUByDate
2022-09-17T11:13:06.916+0800	controller/handler.go:24	[GoAdmin] [37;44m 200 [0m [37;104m GET   [0m /admin/info/CCUByDate
2022-09-17T11:13:23.400+0800	controller/handler.go:24	[GoAdmin] [37;44m 200 [0m [37;104m GET   [0m /admin/info/CCUByDate
2022-09-17T11:13:29.487+0800	controller/handler.go:24	[GoAdmin] [37;44m 200 [0m [37;104m GET   [0m /admin/info/CCUByDate
2022-09-17T11:13:32.647+0800	controller/handler.go:24	[GoAdmin] [37;44m 200 [0m [37;104m GET   [0m /admin/info/CCUByDate
2022-09-17T14:05:10.350+0800	controller/handler.go:24	[GoAdmin] [37;44m 200 [0m [37;104m GET   [0m /admin/login
2022-09-17T14:05:10.397+0800	controller/handler.go:24	[GoAdmin] [37;44m 200 [0m [37;104m GET   [0m /admin/login
2022-09-17T14:05:11.612+0800	controller/handler.go:24	[GoAdmin] [37;44m 200 [0m [37;104m POST   [0m /admin/signin
2022-09-17T14:05:11.681+0800	controller/handler.go:24	[GoAdmin] [37;44m 200 [0m [37;104m GET   [0m /admin/info/CCUByDate
2022-09-17T14:05:20.080+0800	controller/handler.go:24	[GoAdmin] [37;44m 200 [0m [37;104m GET   [0m /admin/info/OnlineNumByHour
2022-09-17T15:31:07.587+0800	controller/handler.go:24	[GoAdmin] [37;44m 200 [0m [37;104m GET   [0m /admin/info/OnlineNumByHour
2022-09-17T15:31:15.468+0800	controller/handler.go:24	[GoAdmin] [37;44m 200 [0m [37;104m GET   [0m /admin/info/CCUByDate
2022-09-17T15:32:41.867+0800	controller/handler.go:24	[GoAdmin] [37;44m 200 [0m [37;104m GET   [0m /admin/info/CCUByDate
2022-09-17T15:33:31.460+0800	controller/handler.go:24	[GoAdmin] [37;44m 200 [0m [37;104m GET   [0m /admin/info/CCUByDate
2022-09-17T15:34:01.119+0800	controller/handler.go:24	[GoAdmin] [37;44m 200 [0m [37;104m GET   [0m /admin/info/CCUByDate
2022-09-17T15:34:40.443+0800	controller/handler.go:24	[GoAdmin] [37;44m 200 [0m [37;104m GET   [0m /admin/info/CCUByDate
2022-09-17T15:35:02.630+0800	controller/handler.go:24	[GoAdmin] [37;44m 200 [0m [37;104m GET   [0m /admin/info/CCUByDate
2022-09-17T15:35:39.541+0800	controller/handler.go:24	[GoAdmin] [37;44m 200 [0m [37;104m GET   [0m /admin/info/CCUByDate
2022-09-17T15:36:13.749+0800	controller/handler.go:24	[GoAdmin] [37;44m 200 [0m [37;104m GET   [0m /admin/info/CCUByDate
2022-09-17T16:05:26.203+0800	controller/handler.go:24	[GoAdmin] [37;44m 302 [0m [37;104m GET   [0m /admin/info/CCUByDate
2022-09-17T16:05:26.209+0800	controller/handler.go:24	[GoAdmin] [37;44m 200 [0m [37;104m GET   [0m /admin/login
2022-09-17T16:05:27.227+0800	controller/handler.go:24	[GoAdmin] [37;44m 200 [0m [37;104m POST   [0m /admin/signin
2022-09-17T16:05:33.364+0800	controller/handler.go:24	[GoAdmin] [37;44m 200 [0m [37;104m GET   [0m /admin/info/OnlineNumByHour
2022-09-17T16:05:40.836+0800	controller/handler.go:24	[GoAdmin] [37;44m 200 [0m [37;104m GET   [0m /admin/info/CCUByDate
2022-09-17T16:06:11.025+0800	controller/handler.go:24	[GoAdmin] [37;44m 200 [0m [37;104m GET   [0m /admin/info/CCUByDate
2022-09-17T16:06:12.530+0800	controller/handler.go:24	[GoAdmin] [37;44m 200 [0m [37;104m GET   [0m /admin/info/CCUByDate
2022-09-17T16:06:49.489+0800	controller/handler.go:24	[GoAdmin] [37;44m 200 [0m [37;104m GET   [0m /admin/info/CCUByDate
2022-09-17T16:07:20.059+0800	controller/handler.go:24	[GoAdmin] [37;44m 200 [0m [37;104m GET   [0m /admin/info/CCUByDate
2022-09-17T16:14:00.665+0800	controller/handler.go:24	[GoAdmin] [37;44m 200 [0m [37;104m GET   [0m /admin/info/CCUByDate
2022-09-17T16:15:27.054+0800	controller/handler.go:24	[GoAdmin] [37;44m 200 [0m [37;104m GET   [0m /admin/info/CCUByDate
2022-09-17T16:15:27.146+0800	controller/handler.go:24	[GoAdmin] [37;44m 200 [0m [37;104m GET   [0m /admin/info/CCUByDate
2022-09-17T16:15:49.769+0800	controller/handler.go:24	[GoAdmin] [37;44m 200 [0m [37;104m GET   [0m /admin/info/CCUByDate
2022-09-17T16:20:03.058+0800	controller/handler.go:24	[GoAdmin] [37;44m 200 [0m [37;104m GET   [0m /admin/info/CCUByDate
2022-09-17T16:20:46.248+0800	controller/handler.go:24	[GoAdmin] [37;44m 200 [0m [37;104m GET   [0m /admin/info/CCUByDate
2022-09-17T16:22:14.145+0800	controller/handler.go:24	[GoAdmin] [37;44m 200 [0m [37;104m GET   [0m /admin/info/CCUByDate
2022-09-17T16:22:59.148+0800	controller/handler.go:24	[GoAdmin] [37;44m 200 [0m [37;104m GET   [0m /admin/info/CCUByDate
2022-09-17T16:26:18.050+0800	controller/handler.go:24	[GoAdmin] [37;44m 200 [0m [37;104m GET   [0m /admin/info/CCUByDate
2022-09-17T16:26:35.581+0800	controller/handler.go:24	[GoAdmin] [37;44m 200 [0m [37;104m GET   [0m /admin/info/CCUByDate
2022-09-17T16:27:44.743+0800	controller/handler.go:24	[GoAdmin] [37;44m 200 [0m [37;104m GET   [0m /admin/info/CCUByDate
2022-09-17T16:27:55.346+0800	controller/handler.go:24	[GoAdmin] [37;44m 200 [0m [37;104m GET   [0m /admin/info/CCUByDate
2022-09-17T16:28:01.849+0800	controller/handler.go:24	[GoAdmin] [37;44m 200 [0m [37;104m GET   [0m /admin/info/CCUByDate
2022-09-17T16:28:06.479+0800	controller/handler.go:24	[GoAdmin] [37;44m 200 [0m [37;104m GET   [0m /admin/info/CCUByDate
2022-09-17T16:28:15.770+0800	controller/handler.go:24	[GoAdmin] [37;44m 200 [0m [37;104m GET   [0m /admin/info/CCUByDate
2022-09-17T16:28:19.738+0800	controller/handler.go:24	[GoAdmin] [37;44m 200 [0m [37;104m GET   [0m /admin/info/CCUByDate
2022-09-17T16:28:24.476+0800	controller/handler.go:24	[GoAdmin] [37;44m 200 [0m [37;104m GET   [0m /admin/info/CCUByDate
2022-09-17T16:28:25.899+0800	controller/handler.go:24	[GoAdmin] [37;44m 200 [0m [37;104m GET   [0m /admin/info/CCUByDate
2022-09-17T16:28:32.438+0800	controller/handler.go:24	[GoAdmin] [37;44m 200 [0m [37;104m GET   [0m /admin/info/CCUByDate
2022-09-17T16:28:51.556+0800	controller/handler.go:24	[GoAdmin] [37;44m 200 [0m [37;104m GET   [0m /admin/info/CCUByDate
2022-09-17T16:28:52.520+0800	controller/handler.go:24	[GoAdmin] [37;44m 200 [0m [37;104m GET   [0m /admin/info/CCUByDate
2022-09-17T16:29:10.047+0800	controller/handler.go:24	[GoAdmin] [37;44m 200 [0m [37;104m GET   [0m /admin/info/CCUByDate
2022-09-17T16:29:22.498+0800	controller/handler.go:24	[GoAdmin] [37;44m 200 [0m [37;104m GET   [0m /admin/info/CCUByDate
2022-09-17T16:29:23.783+0800	controller/handler.go:24	[GoAdmin] [37;44m 200 [0m [37;104m GET   [0m /admin/info/CCUByDate
2022-09-17T16:29:24.221+0800	controller/handler.go:24	[GoAdmin] [37;44m 200 [0m [37;104m GET   [0m /admin/info/CCUByDate
2022-09-17T16:29:24.384+0800	controller/handler.go:24	[GoAdmin] [37;44m 200 [0m [37;104m GET   [0m /admin/info/CCUByDate
2022-09-17T16:29:24.495+0800	controller/handler.go:24	[GoAdmin] [37;44m 200 [0m [37;104m GET   [0m /admin/info/CCUByDate
2022-09-17T16:29:27.722+0800	controller/handler.go:24	[GoAdmin] [37;44m 200 [0m [37;104m GET   [0m /admin/info/CCUByDate
2022-09-17T16:33:37.511+0800	controller/handler.go:24	[GoAdmin] [37;44m 200 [0m [37;104m GET   [0m /admin/info/CCUByDate
2022-09-17T16:33:50.633+0800	controller/handler.go:24	[GoAdmin] [37;44m 200 [0m [37;104m GET   [0m /admin/info/CCUByDate
2022-09-17T16:33:59.099+0800	controller/handler.go:24	[GoAdmin] [37;44m 200 [0m [37;104m GET   [0m /admin/info/CCUByDate
2022-09-17T16:34:02.945+0800	controller/handler.go:24	[GoAdmin] [37;44m 200 [0m [37;104m GET   [0m /admin/info/CCUByDate
2022-09-17T16:34:08.202+0800	controller/handler.go:24	[GoAdmin] [37;44m 200 [0m [37;104m GET   [0m /admin/info/CCUByDate
2022-09-17T16:38:27.584+0800	controller/handler.go:24	[GoAdmin] [37;44m 200 [0m [37;104m GET   [0m /admin/info/CCUByDate
2022-09-17T16:38:51.181+0800	controller/handler.go:24	[GoAdmin] [37;44m 200 [0m [37;104m GET   [0m /admin/info/CCUByDate
2022-09-17T16:39:39.349+0800	controller/handler.go:24	[GoAdmin] [37;44m 200 [0m [37;104m GET   [0m /admin/info/CCUByDate
2022-09-17T16:39:51.935+0800	controller/handler.go:24	[GoAdmin] [37;44m 200 [0m [37;104m GET   [0m /admin/info/CCUByDate
2022-09-17T16:40:14.871+0800	controller/handler.go:24	[GoAdmin] [37;44m 200 [0m [37;104m GET   [0m /admin/info/CCUByDate
2022-09-17T17:25:26.228+0800	controller/handler.go:24	[GoAdmin] [37;44m 200 [0m [37;104m GET   [0m /admin/info/CCUByDate
2022-09-17T17:26:49.215+0800	controller/handler.go:24	[GoAdmin] [37;44m 200 [0m [37;104m GET   [0m /admin/info/CCUByDate
2022-09-17T17:32:28.980+0800	controller/handler.go:24	[GoAdmin] [37;44m 200 [0m [37;104m GET   [0m /admin/info/CCUByDate
2022-09-17T17:32:39.284+0800	controller/handler.go:24	[GoAdmin] [37;44m 200 [0m [37;104m GET   [0m /admin/info/CCUByDate
2022-09-17T18:25:09.686+0800	controller/handler.go:24	[GoAdmin] [37;44m 302 [0m [37;104m GET   [0m /admin/info/CCUByDate
2022-09-17T18:25:09.691+0800	controller/handler.go:24	[GoAdmin] [37;44m 200 [0m [37;104m GET   [0m /admin/login
2022-09-17T18:25:11.237+0800	controller/handler.go:24	[GoAdmin] [37;44m 200 [0m [37;104m POST   [0m /admin/signin
2022-09-17T18:25:11.289+0800	controller/handler.go:24	[GoAdmin] [37;44m 200 [0m [37;104m GET   [0m /admin/info/CCUByDate
2022-09-17T18:25:20.469+0800	controller/handler.go:24	[GoAdmin] [37;44m 200 [0m [37;104m GET   [0m /admin/info/CCUByDate
2022-09-17T18:27:28.907+0800	controller/handler.go:24	[GoAdmin] [37;44m 200 [0m [37;104m GET   [0m /admin/info/OnlineNumByHour
2022-09-17T18:27:39.991+0800	controller/handler.go:24	[GoAdmin] [37;44m 200 [0m [37;104m GET   [0m /admin/info/OnlineNumByHour
2022-09-17T18:27:55.287+0800	controller/handler.go:24	[GoAdmin] [37;44m 200 [0m [37;104m GET   [0m /admin/info/OnlineNumByHour
2022-09-17T18:28:00.667+0800	controller/handler.go:24	[GoAdmin] [37;44m 200 [0m [37;104m GET   [0m /admin/info/OnlineNumByHour
2022-09-18T09:13:04.100+0800	controller/handler.go:24	[GoAdmin] [37;44m 302 [0m [37;104m GET   [0m /admin/info/CCUByDate
2022-09-18T09:13:04.105+0800	controller/handler.go:24	[GoAdmin] [37;44m 200 [0m [37;104m GET   [0m /admin/login
2022-09-18T09:13:05.142+0800	controller/handler.go:24	[GoAdmin] [37;44m 200 [0m [37;104m POST   [0m /admin/signin
2022-09-18T09:13:17.249+0800	controller/handler.go:24	[GoAdmin] [37;44m 200 [0m [37;104m GET   [0m /admin/info/TDataDetail
2022-09-18T09:13:23.078+0800	controller/handler.go:24	[GoAdmin] [37;44m 200 [0m [37;104m GET   [0m /admin/info/CCUByDate
2022-09-18T09:13:32.463+0800	controller/handler.go:24	[GoAdmin] [37;44m 200 [0m [37;104m GET   [0m /admin/info/CCUByDate
2022-09-18T09:28:36.105+0800	controller/handler.go:24	[GoAdmin] [37;44m 200 [0m [37;104m GET   [0m /admin/info/CCUByDate
2022-09-18T09:28:36.345+0800	controller/handler.go:24	[GoAdmin] [37;44m 200 [0m [37;104m GET   [0m /admin/assets/dist/css/fonts/6xKydSBYKcSV-LCoeQqfX1RYOo3i54rwlxdr.ttf
2022-09-18T10:16:13.460+0800	controller/handler.go:24	[GoAdmin] [37;44m 200 [0m [37;104m GET   [0m /admin/info/CCUByDate
2022-09-18T10:17:46.352+0800	controller/handler.go:24	[GoAdmin] [37;44m 200 [0m [37;104m GET   [0m /admin/info/CCUByDate
2022-09-18T10:18:31.167+0800	controller/handler.go:24	[GoAdmin] [37;44m 200 [0m [37;104m GET   [0m /admin/info/CCUByDate
2022-09-18T11:00:32.509+0800	controller/handler.go:24	[GoAdmin] [37;44m 200 [0m [37;104m GET   [0m /admin/info/CCUByDate
2022-09-18T11:00:51.563+0800	controller/handler.go:24	[GoAdmin] [37;44m 200 [0m [37;104m GET   [0m /admin/info/CCUByDate
2022-09-18T12:19:55.329+0800	controller/handler.go:24	[GoAdmin] [37;44m 302 [0m [37;104m GET   [0m /admin/info/CCUByDate
2022-09-18T12:19:55.334+0800	controller/handler.go:24	[GoAdmin] [37;44m 200 [0m [37;104m GET   [0m /admin/login
2022-09-18T12:19:56.189+0800	controller/handler.go:24	[GoAdmin] [37;44m 200 [0m [37;104m GET   [0m /admin/login
2022-09-18T12:19:56.961+0800	controller/handler.go:24	[GoAdmin] [37;44m 200 [0m [37;104m POST   [0m /admin/signin
2022-09-18T12:20:00.879+0800	controller/handler.go:24	[GoAdmin] [37;44m 200 [0m [37;104m GET   [0m /admin/info/CCUByDate
2022-09-18T12:20:15.368+0800	controller/handler.go:24	[GoAdmin] [37;44m 200 [0m [37;104m GET   [0m /admin/info/CCUByDate
2022-09-18T12:20:26.362+0800	controller/handler.go:24	[GoAdmin] [37;44m 200 [0m [37;104m GET   [0m /admin/info/CCUByDate
2022-09-18T12:21:28.976+0800	controller/handler.go:24	[GoAdmin] [37;44m 200 [0m [37;104m GET   [0m /admin/info/CCUByDate
2022-09-18T12:21:45.165+0800	controller/handler.go:24	[GoAdmin] [37;44m 200 [0m [37;104m GET   [0m /admin/info/CCUByDate
2022-09-18T12:34:20.814+0800	controller/handler.go:24	[GoAdmin] [37;44m 200 [0m [37;104m GET   [0m /admin/info/CCUByDate
2022-09-18T12:36:04.675+0800	controller/handler.go:24	[GoAdmin] [37;44m 200 [0m [37;104m GET   [0m /admin/info/CCUByDate
2022-09-18T12:36:23.798+0800	controller/handler.go:24	[GoAdmin] [37;44m 200 [0m [37;104m GET   [0m /admin/info/CCUByDate
2022-09-18T13:01:00.370+0800	controller/handler.go:24	[GoAdmin] [37;44m 200 [0m [37;104m GET   [0m /admin/info/AllServerCCUOneDay
2022-09-18T13:01:22.427+0800	controller/handler.go:24	[GoAdmin] [37;44m 200 [0m [37;104m GET   [0m /admin/info/AllServerCCUOneDay
2022-09-18T13:02:23.012+0800	controller/handler.go:24	[GoAdmin] [37;44m 200 [0m [37;104m GET   [0m /admin/info/AllServerCCUOneDay
2022-09-18T13:03:20.765+0800	controller/handler.go:24	[GoAdmin] [37;44m 200 [0m [37;104m GET   [0m /admin/info/AllServerCCUOneDay
2022-09-18T13:05:52.875+0800	controller/handler.go:24	[GoAdmin] [37;44m 200 [0m [37;104m GET   [0m /admin/info/AllServerCCUOneDay
2022-09-18T13:06:20.590+0800	controller/handler.go:24	[GoAdmin] [37;44m 200 [0m [37;104m GET   [0m /admin/info/AllServerCCUOneDay
2022-09-18T13:06:28.544+0800	controller/handler.go:24	[GoAdmin] [37;44m 200 [0m [37;104m GET   [0m /admin/info/AllServerCCUOneDay
2022-09-18T13:07:17.716+0800	controller/handler.go:24	[GoAdmin] [37;44m 200 [0m [37;104m GET   [0m /admin/info/AllServerCCUOneDay
2022-09-18T13:07:21.796+0800	controller/handler.go:24	[GoAdmin] [37;44m 200 [0m [37;104m GET   [0m /admin/info/AllServerCCUOneDay
2022-09-18T13:07:23.070+0800	controller/handler.go:24	[GoAdmin] [37;44m 200 [0m [37;104m GET   [0m /admin/info/AllServerCCUOneDay
2022-09-18T13:07:24.538+0800	controller/handler.go:24	[GoAdmin] [37;44m 200 [0m [37;104m GET   [0m /admin/info/AllServerCCUOneDay
2022-09-18T13:07:25.506+0800	controller/handler.go:24	[GoAdmin] [37;44m 200 [0m [37;104m GET   [0m /admin/info/AllServerCCUOneDay
2022-09-18T13:07:26.465+0800	controller/handler.go:24	[GoAdmin] [37;44m 200 [0m [37;104m GET   [0m /admin/info/AllServerCCUOneDay
2022-09-18T13:09:14.748+0800	controller/handler.go:24	[GoAdmin] [37;44m 200 [0m [37;104m GET   [0m /admin/info/AllServerCCUOneDay
2022-09-18T13:09:16.981+0800	controller/handler.go:24	[GoAdmin] [37;44m 200 [0m [37;104m GET   [0m /admin/info/AllServerCCUOneDay
2022-09-18T13:11:51.178+0800	controller/handler.go:24	[GoAdmin] [37;44m 200 [0m [37;104m GET   [0m /admin/info/AllServerCCUOneDay
2022-09-18T13:11:53.826+0800	controller/handler.go:24	[GoAdmin] [37;44m 200 [0m [37;104m GET   [0m /admin/info/AllServerCCUOneDay
2022-09-18T13:11:54.743+0800	controller/handler.go:24	[GoAdmin] [37;44m 200 [0m [37;104m GET   [0m /admin/info/AllServerCCUOneDay
2022-09-18T13:11:58.346+0800	controller/handler.go:24	[GoAdmin] [37;44m 200 [0m [37;104m GET   [0m /admin/info/AllServerCCUOneDay
2022-09-18T13:12:00.228+0800	controller/handler.go:24	[GoAdmin] [37;44m 200 [0m [37;104m GET   [0m /admin/info/AllServerCCUOneDay
2022-09-18T13:12:01.435+0800	controller/handler.go:24	[GoAdmin] [37;44m 200 [0m [37;104m GET   [0m /admin/info/AllServerCCUOneDay
2022-09-18T13:12:06.329+0800	controller/handler.go:24	[GoAdmin] [37;44m 200 [0m [37;104m GET   [0m /admin/info/AllServerCCUOneDay
2022-09-18T13:12:09.219+0800	controller/handler.go:24	[GoAdmin] [37;44m 200 [0m [37;104m GET   [0m /admin/info/AllServerCCUOneDay
2022-09-18T13:12:10.143+0800	controller/handler.go:24	[GoAdmin] [37;44m 200 [0m [37;104m GET   [0m /admin/info/AllServerCCUOneDay
2022-09-18T13:12:11.769+0800	controller/handler.go:24	[GoAdmin] [37;44m 200 [0m [37;104m GET   [0m /admin/info/AllServerCCUOneDay
2022-09-18T13:12:13.291+0800	controller/handler.go:24	[GoAdmin] [37;44m 200 [0m [37;104m GET   [0m /admin/info/AllServerCCUOneDay
2022-09-18T13:12:14.299+0800	controller/handler.go:24	[GoAdmin] [37;44m 200 [0m [37;104m GET   [0m /admin/info/AllServerCCUOneDay
2022-09-18T13:12:18.221+0800	controller/handler.go:24	[GoAdmin] [37;44m 200 [0m [37;104m GET   [0m /admin/info/AllServerCCUOneDay
2022-09-18T13:12:19.437+0800	controller/handler.go:24	[GoAdmin] [37;44m 200 [0m [37;104m GET   [0m /admin/info/AllServerCCUOneDay
2022-09-18T13:12:20.452+0800	controller/handler.go:24	[GoAdmin] [37;44m 200 [0m [37;104m GET   [0m /admin/info/AllServerCCUOneDay
2022-09-18T15:45:06.777+0800	controller/handler.go:24	[GoAdmin] [37;44m 302 [0m [37;104m GET   [0m /admin/info/generate/new
2022-09-18T15:45:06.790+0800	controller/handler.go:24	[GoAdmin] [37;44m 200 [0m [37;104m GET   [0m /admin/login
2022-09-18T15:45:06.820+0800	controller/handler.go:24	[GoAdmin] [37;44m 302 [0m [37;104m GET   [0m /admin/info/generate/new
2022-09-18T15:45:06.829+0800	controller/handler.go:24	[GoAdmin] [37;44m 200 [0m [37;104m GET   [0m /admin/login
2022-09-18T15:45:08.215+0800	controller/handler.go:24	[GoAdmin] [37;44m 200 [0m [37;104m POST   [0m /admin/signin
2022-09-18T15:45:08.294+0800	controller/handler.go:24	[GoAdmin] [37;44m 200 [0m [37;104m GET   [0m /admin/info/AllServerCCUOneDay
2022-09-18T15:45:09.425+0800	controller/handler.go:24	[GoAdmin] [37;44m 200 [0m [37;104m GET   [0m /admin/info/generate/new
2022-09-18T15:45:12.018+0800	controller/handler.go:24	[GoAdmin] [37;44m 200 [0m [37;104m POST   [0m /admin/operation/_tool_choose_conn
2022-09-18T15:45:13.536+0800	controller/handler.go:24	[GoAdmin] [37;44m 200 [0m [37;104m POST   [0m /admin/operation/_tool_choose_table
2022-09-18T15:45:27.342+0800	controller/handler.go:24	[GoAdmin] [37;44m 200 [0m [37;104m POST   [0m /admin/new/generate
2022-09-18T15:46:59.217+0800	controller/handler.go:24	[GoAdmin] [37;44m 200 [0m [37;104m GET   [0m /admin/info/GetAccountDataCountTable
2022-09-18T15:48:36.016+0800	controller/handler.go:24	[GoAdmin] [37;44m 200 [0m [37;104m GET   [0m /admin/info/GetAccountDataCountTable
2022-09-18T15:50:41.097+0800	controller/handler.go:24	[GoAdmin] [37;44m 200 [0m [37;104m GET   [0m /admin/info/GetAccountDataCountTable
2022-09-18T15:50:57.430+0800	controller/handler.go:24	[GoAdmin] [37;44m 200 [0m [37;104m GET   [0m /admin/info/GetAccountDataCountTable
2022-09-18T15:51:04.961+0800	controller/handler.go:24	[GoAdmin] [37;44m 200 [0m [37;104m GET   [0m /admin/info/GetAccountDataCountTable
2022-09-18T15:51:07.341+0800	controller/handler.go:24	[GoAdmin] [37;44m 200 [0m [37;104m GET   [0m /admin/info/GetAccountDataCountTable
2022-09-18T15:51:12.483+0800	controller/handler.go:24	[GoAdmin] [37;44m 200 [0m [37;104m GET   [0m /admin/info/GetAccountDataCountTable
2022-09-18T15:51:16.340+0800	controller/handler.go:24	[GoAdmin] [37;44m 200 [0m [37;104m GET   [0m /admin/info/GetAccountDataCountTable
2022-09-18T15:54:14.456+0800	controller/handler.go:24	[GoAdmin] [37;44m 200 [0m [37;104m GET   [0m /admin/menu
2022-09-18T15:54:15.193+0800	controller/handler.go:24	[GoAdmin] [37;44m 200 [0m [37;104m GET   [0m /admin/menu
2022-09-18T15:57:15.035+0800	controller/handler.go:24	[GoAdmin] [37;44m 200 [0m [37;104m POST   [0m /admin/menu/new
2022-09-18T15:57:19.621+0800	controller/handler.go:24	[GoAdmin] [37;44m 200 [0m [37;104m GET   [0m /admin/menu
2022-09-18T15:58:20.935+0800	controller/handler.go:24	[GoAdmin] [37;44m 200 [0m [37;104m POST   [0m /admin/menu/new
2022-09-18T15:58:47.904+0800	controller/handler.go:24	[GoAdmin] [37;44m 200 [0m [37;104m POST   [0m /admin/menu/new
2022-09-18T15:58:50.365+0800	controller/handler.go:24	[GoAdmin] [37;44m 200 [0m [37;104m GET   [0m /admin/menu
2022-09-18T15:59:04.221+0800	controller/handler.go:24	[GoAdmin] [37;44m 200 [0m [37;104m POST   [0m /admin/menu/order
2022-09-18T15:59:04.274+0800	controller/handler.go:24	[GoAdmin] [37;44m 200 [0m [37;104m GET   [0m /admin/menu
2022-09-18T15:59:33.151+0800	controller/handler.go:24	[GoAdmin] [37;44m 200 [0m [37;104m POST   [0m /admin/menu/new
2022-09-18T15:59:34.416+0800	controller/handler.go:24	[GoAdmin] [37;44m 200 [0m [37;104m GET   [0m /admin/menu
2022-09-18T15:59:54.190+0800	controller/handler.go:24	[GoAdmin] [37;44m 200 [0m [37;104m GET   [0m /admin/info/CCUByDate
2022-09-18T15:59:59.208+0800	controller/handler.go:24	[GoAdmin] [37;44m 200 [0m [37;104m GET   [0m /admin/info/CCUByDate
2022-09-18T16:00:03.415+0800	controller/handler.go:24	[GoAdmin] [37;44m 200 [0m [37;104m GET   [0m /admin/info/CCUByDate
2022-09-18T16:08:30.530+0800	controller/handler.go:24	[GoAdmin] [37;44m 200 [0m [37;104m GET   [0m /admin/info/CCUByDate
2022-09-18T16:09:50.488+0800	controller/handler.go:24	[GoAdmin] [37;44m 200 [0m [37;104m GET   [0m /admin/info/CCUByDate
2022-09-18T16:09:50.505+0800	controller/handler.go:24	[GoAdmin] [37;44m 200 [0m [37;104m GET   [0m /admin/info/CCUByDate
2022-09-18T16:19:16.159+0800	controller/handler.go:24	[GoAdmin] [37;44m 200 [0m [37;104m GET   [0m /admin/info/CCUByDate
2022-09-18T16:19:26.181+0800	controller/handler.go:24	[GoAdmin] [37;44m 200 [0m [37;104m GET   [0m /admin/info/CCUByDate
2022-09-18T16:19:50.137+0800	controller/handler.go:24	[GoAdmin] [37;44m 200 [0m [37;104m GET   [0m /admin/info/CCUByDate
2022-09-18T16:19:55.559+0800	controller/handler.go:24	[GoAdmin] [37;44m 200 [0m [37;104m GET   [0m /admin/info/CCUByDate
2022-09-18T16:20:13.634+0800	controller/handler.go:24	[GoAdmin] [37;44m 200 [0m [37;104m GET   [0m /admin/info/CCUByDate
2022-09-18T16:48:58.451+0800	controller/handler.go:24	[GoAdmin] [37;44m 200 [0m [37;104m GET   [0m /admin/info/log_player_items
2022-09-18T16:49:00.185+0800	controller/handler.go:24	[GoAdmin] [37;44m 200 [0m [37;104m GET   [0m /admin/info/log_player_items
2022-09-18T16:49:00.585+0800	controller/handler.go:24	[GoAdmin] [37;44m 200 [0m [37;104m GET   [0m /admin/info/log_player_items
2022-09-18T16:49:02.001+0800	controller/handler.go:24	[GoAdmin] [37;44m 200 [0m [37;104m GET   [0m /admin/login
2022-09-18T16:49:03.499+0800	controller/handler.go:24	[GoAdmin] [37;44m 200 [0m [37;104m POST   [0m /admin/signin
2022-09-18T16:49:03.564+0800	controller/handler.go:24	[GoAdmin] [37;44m 200 [0m [37;104m GET   [0m /admin/info/GetAccountDataCountTable
2022-09-18T16:49:09.376+0800	controller/handler.go:24	[GoAdmin] [37;44m 200 [0m [37;104m GET   [0m /admin/info/log_player_items
2022-09-18T16:49:13.944+0800	controller/handler.go:24	[GoAdmin] [37;44m 200 [0m [37;104m GET   [0m /admin/info/log_player_items
2022-09-18T16:49:46.499+0800	controller/handler.go:24	[GoAdmin] [37;44m 200 [0m [37;104m GET   [0m /admin/info/log_player_items
2022-09-18T17:00:00.940+0800	controller/handler.go:24	[GoAdmin] [37;44m 200 [0m [37;104m GET   [0m /admin/info/log_player_items
2022-09-18T17:00:04.719+0800	controller/handler.go:24	[GoAdmin] [37;44m 200 [0m [37;104m GET   [0m /admin/info/AllServerCCUOneDay
2022-09-18T17:00:05.782+0800	controller/handler.go:24	[GoAdmin] [37;44m 200 [0m [37;104m GET   [0m /admin/info/CCUByDate
2022-09-18T17:00:13.583+0800	controller/handler.go:24	[GoAdmin] [37;44m 200 [0m [37;104m GET   [0m /admin/info/CCUByDate
2022-09-18T17:00:44.376+0800	controller/handler.go:24	[GoAdmin] [37;44m 200 [0m [37;104m GET   [0m /admin/info/CCUByDate
2022-09-18T17:00:48.615+0800	controller/handler.go:24	[GoAdmin] [37;44m 200 [0m [37;104m GET   [0m /admin/info/CCUByDate
2022-09-18T17:00:50.255+0800	controller/handler.go:24	[GoAdmin] [37;44m 200 [0m [37;104m GET   [0m /admin/info/CCUByDate
2022-09-18T17:01:01.689+0800	controller/handler.go:24	[GoAdmin] [37;44m 200 [0m [37;104m GET   [0m /admin/info/CCUByDate
2022-09-18T17:01:06.175+0800	controller/handler.go:24	[GoAdmin] [37;44m 200 [0m [37;104m GET   [0m /admin/info/CCUByDate
2022-09-18T17:01:08.351+0800	controller/handler.go:24	[GoAdmin] [37;44m 200 [0m [37;104m GET   [0m /admin/info/CCUByDate
2022-09-18T17:02:00.126+0800	controller/handler.go:24	[GoAdmin] [37;44m 200 [0m [37;104m GET   [0m /admin/info/AllServerCCUOneDay
2022-09-18T17:02:00.676+0800	controller/handler.go:24	[GoAdmin] [37;44m 200 [0m [37;104m GET   [0m /admin/info/OnlineNumByHour
2022-09-18T17:02:15.854+0800	controller/handler.go:24	[GoAdmin] [37;44m 200 [0m [37;104m GET   [0m /admin/menu
2022-09-18T17:02:29.303+0800	controller/handler.go:24	[GoAdmin] [37;44m 200 [0m [37;104m GET   [0m /admin/menu/edit/show
2022-09-18T17:02:39.241+0800	controller/handler.go:24	[GoAdmin] [37;44m 200 [0m [37;104m POST   [0m /admin/menu/edit
2022-09-18T17:02:42.786+0800	controller/handler.go:24	[GoAdmin] [37;44m 200 [0m [37;104m GET   [0m /admin/menu/edit/show
2022-09-18T17:02:57.071+0800	controller/handler.go:24	[GoAdmin] [37;44m 200 [0m [37;104m POST   [0m /admin/menu/edit
2022-09-18T17:03:04.089+0800	controller/handler.go:24	[GoAdmin] [37;44m 200 [0m [37;104m GET   [0m /admin/menu
2022-09-18T17:03:09.074+0800	controller/handler.go:24	[GoAdmin] [37;44m 200 [0m [37;104m GET   [0m /admin/info/CCUByDate
2022-09-18T17:03:16.460+0800	controller/handler.go:24	[GoAdmin] [37;44m 200 [0m [37;104m GET   [0m /admin/info/CCUByDate
2022-09-18T17:03:16.649+0800	controller/handler.go:24	[GoAdmin] [37;44m 200 [0m [37;104m GET   [0m /admin/info/CCUByDate
2022-09-18T17:03:25.010+0800	controller/handler.go:24	[GoAdmin] [37;44m 200 [0m [37;104m GET   [0m /admin/info/CCUByDate
2022-09-18T17:03:26.983+0800	controller/handler.go:24	[GoAdmin] [37;44m 200 [0m [37;104m GET   [0m /admin/info/CCUByDate
2022-09-18T17:03:29.123+0800	controller/handler.go:24	[GoAdmin] [37;44m 200 [0m [37;104m GET   [0m /admin/info/CCUByDate
2022-09-18T17:30:40.590+0800	controller/handler.go:24	[GoAdmin] [37;44m 200 [0m [37;104m GET   [0m /admin/info/CCUByDate
2022-09-18T17:30:43.786+0800	controller/handler.go:24	[GoAdmin] [37;44m 200 [0m [37;104m GET   [0m /admin/info/CCUByDate
2022-09-18T17:30:44.128+0800	controller/handler.go:24	[GoAdmin] [37;44m 200 [0m [37;104m GET   [0m /admin/info/CCUByDate
2022-09-18T17:30:44.604+0800	controller/handler.go:24	[GoAdmin] [37;44m 200 [0m [37;104m GET   [0m /admin/info/CCUByDate
2022-09-18T17:30:49.107+0800	controller/handler.go:24	[GoAdmin] [37;44m 200 [0m [37;104m GET   [0m /admin/info/AllServerCCUOneDay
2022-09-18T17:30:50.903+0800	controller/handler.go:24	[GoAdmin] [37;44m 200 [0m [37;104m GET   [0m /admin/info/CCUByDate
2022-09-18T17:30:54.722+0800	controller/handler.go:24	[GoAdmin] [37;44m 200 [0m [37;104m GET   [0m /admin/info/CCUByDate
2022-09-18T17:30:56.445+0800	controller/handler.go:24	[GoAdmin] [37;44m 200 [0m [37;104m GET   [0m /admin/info/CCUByDate
2022-09-18T17:30:58.450+0800	controller/handler.go:24	[GoAdmin] [37;44m 200 [0m [37;104m GET   [0m /admin/info/CCUByDate
2022-09-18T17:31:01.674+0800	controller/handler.go:24	[GoAdmin] [37;44m 200 [0m [37;104m GET   [0m /admin/info/CCUByDate
2022-09-18T17:31:02.363+0800	controller/handler.go:24	[GoAdmin] [37;44m 200 [0m [37;104m GET   [0m /admin/info/CCUByDate
2022-09-18T17:31:04.750+0800	controller/handler.go:24	[GoAdmin] [37;44m 200 [0m [37;104m GET   [0m /admin/info/CCUByDate
2022-09-18T17:31:06.878+0800	controller/handler.go:24	[GoAdmin] [37;44m 200 [0m [37;104m GET   [0m /admin/info/CCUByDate
2022-09-18T17:31:30.941+0800	controller/handler.go:24	[GoAdmin] [37;44m 200 [0m [37;104m GET   [0m /admin/info/GetAccountDataCountTable
2022-09-18T17:32:45.387+0800	controller/handler.go:24	[GoAdmin] [37;44m 200 [0m [37;104m GET   [0m /admin/info/GetAccountDataCountTable
2022-09-18T17:33:09.715+0800	controller/handler.go:24	[GoAdmin] [37;44m 200 [0m [37;104m GET   [0m /admin/info/GetAccountDataCountTable
2022-09-19T16:31:37.355+0800	controller/handler.go:24	[GoAdmin] [37;44m 200 [0m [37;104m GET   [0m /admin/login
2022-09-19T16:31:38.636+0800	controller/handler.go:24	[GoAdmin] [37;44m 200 [0m [37;104m POST   [0m /admin/signin
2022-09-19T16:41:03.749+0800	controller/handler.go:24	[GoAdmin] [37;44m 200 [0m [37;104m GET   [0m /admin/info/generate/new
2022-09-19T16:41:06.338+0800	controller/handler.go:24	[GoAdmin] [37;44m 200 [0m [37;104m POST   [0m /admin/operation/_tool_choose_conn
2022-09-19T16:41:09.786+0800	controller/handler.go:24	[GoAdmin] [37;44m 200 [0m [37;104m POST   [0m /admin/operation/_tool_choose_table
2022-09-19T16:41:11.504+0800	controller/handler.go:24	[GoAdmin] [37;44m 200 [0m [37;104m POST   [0m /admin/operation/_tool_choose_table
2022-09-19T16:41:15.872+0800	controller/handler.go:24	[GoAdmin] [37;44m 200 [0m [37;104m POST   [0m /admin/new/generate
2022-09-19T16:42:09.971+0800	controller/handler.go:24	[GoAdmin] [37;44m 200 [0m [37;104m POST   [0m /admin/operation/_tool_choose_conn
2022-09-19T16:42:14.096+0800	controller/handler.go:24	[GoAdmin] [37;44m 200 [0m [37;104m POST   [0m /admin/new/generate
2022-09-19T17:08:21.368+0800	controller/handler.go:24	[GoAdmin] [37;44m 200 [0m [37;104m GET   [0m /admin/info/TClientVersionTable
2022-09-19T17:08:31.381+0800	controller/handler.go:24	[GoAdmin] [37;44m 200 [0m [37;104m GET   [0m /admin/info/TClientVersionTable
2022-09-19T17:12:05.248+0800	controller/handler.go:24	[GoAdmin] [37;44m 200 [0m [37;104m GET   [0m /admin/info/TClientVersionTable
2022-09-19T17:14:56.524+0800	controller/handler.go:24	[GoAdmin] [37;44m 200 [0m [37;104m POST   [0m /admin/operation/_admin_ajax
2022-09-19T17:15:48.881+0800	controller/handler.go:24	[GoAdmin] [37;44m 200 [0m [37;104m GET   [0m /admin/info/TClientVersionTable
2022-09-19T17:16:02.658+0800	controller/handler.go:24	[GoAdmin] [37;44m 400 [0m [37;104m POST   [0m /admin/operation/_admin_ajax
2022-09-19T17:16:04.189+0800	controller/handler.go:24	[GoAdmin] [37;44m 200 [0m [37;104m GET   [0m /admin/info/TClientVersionTable
2022-09-19T17:16:05.008+0800	controller/handler.go:24	[GoAdmin] [37;44m 200 [0m [37;104m POST   [0m /admin/operation/_admin_ajax
2022-09-19T17:21:00.482+0800	controller/handler.go:24	[GoAdmin] [37;44m 200 [0m [37;104m POST   [0m /admin/operation/_admin_ajax
2022-09-19T17:21:17.148+0800	controller/handler.go:24	[GoAdmin] [37;44m 200 [0m [37;104m GET   [0m /admin/info/TClientVersionTable
2022-09-19T17:21:17.320+0800	controller/handler.go:24	[GoAdmin] [37;44m 200 [0m [37;104m GET   [0m /admin/info/TClientVersionTable
2022-09-19T17:25:43.360+0800	controller/handler.go:24	[GoAdmin] [37;44m 200 [0m [37;104m POST   [0m /admin/operation/_admin_ajax
2022-09-19T17:46:03.870+0800	controller/handler.go:24	[GoAdmin] [37;44m 200 [0m [37;104m GET   [0m /admin/info/TClientVersionTable
2022-09-19T17:46:37.698+0800	controller/handler.go:24	[GoAdmin] [37;44m 200 [0m [37;104m GET   [0m /admin/menu
2022-09-19T17:47:14.525+0800	controller/handler.go:24	[GoAdmin] [37;44m 200 [0m [37;104m POST   [0m /admin/menu/new
2022-09-19T17:47:26.080+0800	controller/handler.go:24	[GoAdmin] [37;44m 200 [0m [37;104m POST   [0m /admin/menu/order
2022-09-19T17:47:26.128+0800	controller/handler.go:24	[GoAdmin] [37;44m 200 [0m [37;104m GET   [0m /admin/menu
2022-09-19T17:47:26.834+0800	controller/handler.go:24	[GoAdmin] [37;44m 200 [0m [37;104m GET   [0m /admin/menu
2022-09-19T17:47:28.311+0800	controller/handler.go:24	[GoAdmin] [37;44m 200 [0m [37;104m GET   [0m /admin/info/TClientVersionTable
2022-09-19T17:47:49.931+0800	controller/handler.go:24	[GoAdmin] [37;44m 500 [0m [37;104m POST   [0m /admin/operation/_admin_ajax
2022-09-19T17:49:48.252+0800	controller/handler.go:24	[GoAdmin] [37;44m 200 [0m [37;104m GET   [0m /admin/info/TClientVersionTable
2022-09-19T17:49:51.879+0800	controller/handler.go:24	[GoAdmin] [37;44m 200 [0m [37;104m GET   [0m /admin/info/TClientVersionTable
2022-09-19T17:50:43.042+0800	controller/handler.go:24	[GoAdmin] [37;44m 500 [0m [37;104m POST   [0m /admin/operation/_admin_ajax
2022-09-19T17:51:58.134+0800	controller/handler.go:24	[GoAdmin] [37;44m 200 [0m [37;104m GET   [0m /admin/info/TClientVersionTable
2022-09-19T17:55:05.311+0800	controller/handler.go:24	[GoAdmin] [37;44m 200 [0m [37;104m GET   [0m /admin/info/TClientVersionTable
2022-09-19T17:55:13.609+0800	controller/handler.go:24	[GoAdmin] [37;44m 200 [0m [37;104m POST   [0m /admin/operation/_admin_ajax
2022-09-19T17:55:48.967+0800	controller/handler.go:24	[GoAdmin] [37;44m 200 [0m [37;104m GET   [0m /admin/info/TClientVersionTable
2022-09-19T17:55:53.219+0800	controller/handler.go:24	[GoAdmin] [37;44m 200 [0m [37;104m POST   [0m /admin/operation/_admin_ajax
2022-09-19T17:56:05.074+0800	controller/handler.go:24	[GoAdmin] [37;44m 200 [0m [37;104m GET   [0m /admin/info/TClientVersionTable
2022-09-19T17:56:14.659+0800	controller/handler.go:24	[GoAdmin] [37;44m 200 [0m [37;104m POST   [0m /admin/operation/_admin_ajax
2022-09-19T17:56:26.141+0800	controller/handler.go:24	[GoAdmin] [37;44m 200 [0m [37;104m GET   [0m /admin/info/TClientVersionTable
2022-09-19T17:56:27.778+0800	controller/handler.go:24	[GoAdmin] [37;44m 200 [0m [37;104m POST   [0m /admin/operation/_admin_ajax
2022-09-19T17:56:40.523+0800	controller/handler.go:24	[GoAdmin] [37;44m 200 [0m [37;104m GET   [0m /admin/info/TClientVersionTable
2022-09-19T17:56:47.246+0800	controller/handler.go:24	[GoAdmin] [37;44m 200 [0m [37;104m POST   [0m /admin/operation/_admin_ajax
2022-09-19T17:57:35.707+0800	controller/handler.go:24	[GoAdmin] [37;44m 200 [0m [37;104m GET   [0m /admin/info/TClientVersionTable
2022-09-19T17:58:58.936+0800	controller/handler.go:24	[GoAdmin] [37;44m 200 [0m [37;104m GET   [0m /admin/info/TClientVersionTable
2022-09-19T17:59:00.588+0800	controller/handler.go:24	[GoAdmin] [37;44m 200 [0m [37;104m POST   [0m /admin/operation/_admin_ajax
2022-09-19T17:59:08.838+0800	controller/handler.go:24	[GoAdmin] [37;44m 200 [0m [37;104m GET   [0m /admin/info/TClientVersionTable
2022-09-19T17:59:16.751+0800	controller/handler.go:24	[GoAdmin] [37;44m 200 [0m [37;104m POST   [0m /admin/operation/_admin_ajax
2022-09-19T18:03:23.418+0800	controller/handler.go:24	[GoAdmin] [37;44m 200 [0m [37;104m GET   [0m /admin/info/TClientVersionTable
2022-09-19T18:03:25.338+0800	controller/handler.go:24	[GoAdmin] [37;44m 200 [0m [37;104m POST   [0m /admin/operation/_admin_ajax
2022-09-19T18:04:06.337+0800	controller/handler.go:24	[GoAdmin] [37;44m 200 [0m [37;104m GET   [0m /admin/info/TClientVersionTable
2022-09-19T18:04:09.778+0800	controller/handler.go:24	[GoAdmin] [37;44m 200 [0m [37;104m POST   [0m /admin/operation/_admin_ajax
2022-09-19T18:05:09.212+0800	controller/handler.go:24	[GoAdmin] [37;44m 400 [0m [37;104m POST   [0m /admin/operation/_admin_ajax
2022-09-19T18:05:10.607+0800	controller/handler.go:24	[GoAdmin] [37;44m 200 [0m [37;104m GET   [0m /admin/info/TClientVersionTable
2022-09-19T18:05:38.091+0800	controller/handler.go:24	[GoAdmin] [37;44m 200 [0m [37;104m POST   [0m /admin/operation/_admin_ajax
2022-09-19T18:05:59.282+0800	controller/handler.go:24	[GoAdmin] [37;44m 200 [0m [37;104m GET   [0m /admin/info/TClientVersionTable
2022-09-19T18:06:05.388+0800	controller/handler.go:24	[GoAdmin] [37;44m 200 [0m [37;104m POST   [0m /admin/operation/_admin_ajax
2022-09-19T18:06:21.969+0800	controller/handler.go:24	[GoAdmin] [37;44m 200 [0m [37;104m GET   [0m /admin/info/TClientVersionTable
2022-09-19T18:06:29.620+0800	controller/handler.go:24	[GoAdmin] [37;44m 200 [0m [37;104m POST   [0m /admin/operation/_admin_ajax
2022-09-19T18:06:44.000+0800	controller/handler.go:24	[GoAdmin] [37;44m 200 [0m [37;104m POST   [0m /admin/operation/_admin_ajax
2022-09-19T18:08:04.527+0800	controller/handler.go:24	[GoAdmin] [37;44m 200 [0m [37;104m GET   [0m /admin/info/TClientVersionTable
2022-09-19T18:08:08.330+0800	controller/handler.go:24	[GoAdmin] [37;44m 200 [0m [37;104m POST   [0m /admin/operation/_admin_ajax
2022-09-19T18:08:35.736+0800	controller/handler.go:24	[GoAdmin] [37;44m 200 [0m [37;104m GET   [0m /admin/info/TClientVersionTable
2022-09-19T18:09:39.866+0800	controller/handler.go:24	[GoAdmin] [37;44m 200 [0m [37;104m GET   [0m /admin/info/TClientVersionTable
2022-09-19T18:10:02.793+0800	controller/handler.go:24	[GoAdmin] [37;44m 200 [0m [37;104m GET   [0m /admin/info/TClientVersionTable
2022-09-19T18:10:50.015+0800	controller/handler.go:24	[GoAdmin] [37;44m 200 [0m [37;104m GET   [0m /admin/info/TClientVersionTable
2022-09-19T18:11:05.892+0800	controller/handler.go:24	[GoAdmin] [37;44m 200 [0m [37;104m POST   [0m /admin/operation/_admin_ajax
2022-09-19T18:13:02.441+0800	controller/handler.go:24	[GoAdmin] [37;44m 200 [0m [37;104m GET   [0m /admin/info/TClientVersionTable
2022-09-22T18:29:44.851+0800	controller/handler.go:24	[GoAdmin] [37;44m 200 [0m [37;104m GET   [0m /admin/login
2022-09-22T18:29:46.371+0800	controller/handler.go:24	[GoAdmin] [37;44m 200 [0m [37;104m POST   [0m /admin/signin
2022-09-22T18:29:46.379+0800	controller/handler.go:24	[GoAdmin] [37;44m 200 [0m [37;104m GET   [0m /admin/login
2022-09-22T18:29:47.256+0800	controller/handler.go:24	[GoAdmin] [37;44m 200 [0m [37;104m POST   [0m /admin/signin
2022-09-22T18:29:50.814+0800	controller/handler.go:24	[GoAdmin] [37;44m 200 [0m [37;104m GET   [0m /admin/info/operation_servers
2022-09-22T18:29:59.174+0800	controller/handler.go:24	[GoAdmin] [37;44m 200 [0m [37;104m GET   [0m /admin/info/operation_servers
2022-09-22T18:30:00.560+0800	controller/handler.go:24	[GoAdmin] [37;44m 200 [0m [37;104m GET   [0m /admin/info/operation_servers
2022-09-24T11:28:36.260+0800	controller/handler.go:24	[GoAdmin] [37;44m 200 [0m [37;104m GET   [0m /admin/login
2022-09-24T11:28:36.382+0800	controller/handler.go:24	[GoAdmin] [37;44m 200 [0m [37;104m GET   [0m /admin/assets/login/dist/all.min.css
2022-09-24T11:28:36.382+0800	controller/handler.go:24	[GoAdmin] [37;44m 200 [0m [37;104m GET   [0m /admin/assets/login/dist/all.min.js
2022-09-24T11:28:38.759+0800	controller/handler.go:24	[GoAdmin] [37;44m 200 [0m [37;104m POST   [0m /admin/signin
2022-09-24T11:28:38.772+0800	controller/handler.go:24	[GoAdmin] [37;44m 200 [0m [37;104m GET   [0m /admin/login
2022-09-24T11:28:40.518+0800	controller/handler.go:24	[GoAdmin] [37;44m 200 [0m [37;104m POST   [0m /admin/signin
2022-09-24T11:28:40.604+0800	controller/handler.go:24	[GoAdmin] [37;44m 200 [0m [37;104m GET   [0m /admin/assets/dist/css/all.min.7bcc29700e.css
2022-09-24T11:28:40.613+0800	controller/handler.go:24	[GoAdmin] [37;44m 200 [0m [37;104m GET   [0m /admin/assets/dist/js/all.min.8425540791.js
2022-09-24T11:28:40.646+0800	controller/handler.go:24	[GoAdmin] [37;44m 200 [0m [37;104m GET   [0m /admin/assets/dist/js/form.min.f8678914e9.js
2022-09-24T11:28:40.647+0800	controller/handler.go:24	[GoAdmin] [37;44m 200 [0m [37;104m GET   [0m /admin/assets/dist/js/datatable.min.581cdc109b.js
2022-09-24T11:28:40.649+0800	controller/handler.go:24	[GoAdmin] [37;44m 200 [0m [37;104m GET   [0m /admin/assets/dist/img/avatar04.png
2022-09-24T11:28:40.649+0800	controller/handler.go:24	[GoAdmin] [37;44m 200 [0m [37;104m GET   [0m /admin/assets/dist/js/tree.min.e1faf8b7de.js
2022-09-24T11:28:40.649+0800	controller/handler.go:24	[GoAdmin] [37;44m 200 [0m [37;104m GET   [0m /admin/assets/dist/js/treeview.min.7780d3bb0f.js
2022-09-24T11:28:40.651+0800	controller/handler.go:24	[GoAdmin] [37;44m 200 [0m [37;104m GET   [0m /admin/assets/dist/js/all_2.min.38a2a946b0.js
2022-09-24T11:28:40.652+0800	controller/handler.go:24	[GoAdmin] [37;44m 200 [0m [37;104m GET   [0m /admin/assets/chart.min.js
2022-09-24T11:28:40.662+0800	controller/handler.go:24	[GoAdmin] [37;44m 200 [0m [37;104m GET   [0m /admin/assets/dist/css/fonts/6xK3dSBYKcSV-LCoeQqfX1RYOo3qOK7g.ttf
2022-09-24T11:28:40.664+0800	controller/handler.go:24	[GoAdmin] [37;44m 200 [0m [37;104m GET   [0m /admin/assets/dist/fonts/fontawesome-webfont.woff2
2022-09-24T11:28:40.734+0800	controller/handler.go:24	[GoAdmin] [37;44m 200 [0m [37;104m GET   [0m /admin/assets/dist/css/fonts/6xKydSBYKcSV-LCoeQqfX1RYOo3ig4vwlxdr.ttf
2022-09-24T11:28:45.864+0800	controller/handler.go:24	[GoAdmin] [37;44m 200 [0m [37;104m GET   [0m /admin/info/RankListPro
2022-09-24T11:28:45.883+0800	controller/handler.go:24	[GoAdmin] [37;44m 200 [0m [37;104m GET   [0m /admin/assets/dist/css/blue.png
2022-09-24T11:28:45.908+0800	controller/handler.go:24	[GoAdmin] [37;44m 200 [0m [37;104m GET   [0m /admin/assets/dist/css/fonts/6xKydSBYKcSV-LCoeQqfX1RYOo3ik4zwlxdr.ttf
2022-09-24T11:28:48.832+0800	controller/handler.go:24	[GoAdmin] [37;44m 200 [0m [37;104m GET   [0m /admin/info/RankListPro
2022-09-24T11:28:51.621+0800	controller/handler.go:24	[GoAdmin] [37;44m 200 [0m [37;104m GET   [0m /admin/info/RankListPro
2022-09-24T11:29:00.596+0800	controller/handler.go:24	[GoAdmin] [37;44m 200 [0m [37;104m GET   [0m /admin/info/RankListPro
2022-09-24T11:29:08.309+0800	controller/handler.go:24	[GoAdmin] [37;44m 200 [0m [37;104m GET   [0m /admin/info/RankListPro
2022-09-24T11:29:08.886+0800	controller/handler.go:24	[GoAdmin] [37;44m 200 [0m [37;104m GET   [0m /admin/info/RankListPro
2022-09-24T11:29:09.030+0800	controller/handler.go:24	[GoAdmin] [37;44m 200 [0m [37;104m GET   [0m /admin/info/RankListPro
2022-09-24T11:29:09.178+0800	controller/handler.go:24	[GoAdmin] [37;44m 200 [0m [37;104m GET   [0m /admin/info/RankListPro
2022-09-24T11:36:11.733+0800	controller/handler.go:24	[GoAdmin] [37;44m 200 [0m [37;104m GET   [0m /admin/info/RankListPro
2022-09-24T13:32:24.393+0800	controller/handler.go:24	[GoAdmin] [37;44m 302 [0m [37;104m GET   [0m /admin/info/RankListPro
2022-09-24T13:32:24.397+0800	controller/handler.go:24	[GoAdmin] [37;44m 200 [0m [37;104m GET   [0m /admin/login
2022-09-24T13:32:24.465+0800	controller/handler.go:24	[GoAdmin] [37;44m 200 [0m [37;104m GET   [0m /admin/assets/login/dist/all.min.js
2022-09-24T13:32:25.584+0800	controller/handler.go:24	[GoAdmin] [37;44m 200 [0m [37;104m POST   [0m /admin/signin
2022-09-24T13:32:25.593+0800	controller/handler.go:24	[GoAdmin] [37;44m 200 [0m [37;104m GET   [0m /admin/login
2022-09-24T13:32:26.716+0800	controller/handler.go:24	[GoAdmin] [37;44m 200 [0m [37;104m POST   [0m /admin/signin
2022-09-24T13:32:26.801+0800	controller/handler.go:24	[GoAdmin] [37;44m 200 [0m [37;104m GET   [0m /admin/assets/dist/js/all.min.8425540791.js
2022-09-24T13:32:26.833+0800	controller/handler.go:24	[GoAdmin] [37;44m 200 [0m [37;104m GET   [0m /admin/assets/dist/img/avatar04.png
2022-09-24T13:32:26.835+0800	controller/handler.go:24	[GoAdmin] [37;44m 200 [0m [37;104m GET   [0m /admin/assets/dist/js/all_2.min.38a2a946b0.js
2022-09-24T13:32:26.841+0800	controller/handler.go:24	[GoAdmin] [37;44m 200 [0m [37;104m GET   [0m /admin/assets/dist/fonts/fontawesome-webfont.woff2
2022-09-24T13:32:26.842+0800	controller/handler.go:24	[GoAdmin] [37;44m 200 [0m [37;104m GET   [0m /admin/assets/dist/css/fonts/6xK3dSBYKcSV-LCoeQqfX1RYOo3qOK7g.ttf
2022-09-24T13:32:26.888+0800	controller/handler.go:24	[GoAdmin] [37;44m 200 [0m [37;104m GET   [0m /admin/assets/dist/css/fonts/6xKydSBYKcSV-LCoeQqfX1RYOo3ig4vwlxdr.ttf
2022-09-24T13:32:34.132+0800	controller/handler.go:24	[GoAdmin] [37;44m 200 [0m [37;104m GET   [0m /admin/info/RankListPro
2022-09-24T13:32:34.153+0800	controller/handler.go:24	[GoAdmin] [37;44m 200 [0m [37;104m GET   [0m /admin/assets/dist/css/blue.png
2022-09-24T13:32:34.166+0800	controller/handler.go:24	[GoAdmin] [37;44m 200 [0m [37;104m GET   [0m /admin/assets/dist/css/fonts/6xKydSBYKcSV-LCoeQqfX1RYOo3ik4zwlxdr.ttf
2022-09-24T13:32:36.673+0800	controller/handler.go:24	[GoAdmin] [37;44m 200 [0m [37;104m GET   [0m /admin/info/RankListPro
2022-09-24T13:36:14.559+0800	controller/handler.go:24	[GoAdmin] [37;44m 200 [0m [37;104m GET   [0m /admin/info/RankListPro
2022-10-07T11:39:29.156+0800	controller/handler.go:24	[GoAdmin] [37;44m 302 [0m [37;104m GET   [0m /admin/info/RankListPro
2022-10-07T11:39:29.169+0800	controller/handler.go:24	[GoAdmin] [37;44m 200 [0m [37;104m GET   [0m /admin/login
2022-10-07T11:39:29.239+0800	controller/handler.go:24	[GoAdmin] [37;44m 200 [0m [37;104m GET   [0m /admin/assets/login/dist/all.min.css
2022-10-07T11:39:29.239+0800	controller/handler.go:24	[GoAdmin] [37;44m 200 [0m [37;104m GET   [0m /admin/assets/login/dist/all.min.js
2022-10-07T11:39:31.907+0800	controller/handler.go:24	[GoAdmin] [37;44m 200 [0m [37;104m POST   [0m /admin/signin
2022-10-07T11:39:31.920+0800	controller/handler.go:24	[GoAdmin] [37;44m 200 [0m [37;104m GET   [0m /admin/login
2022-10-07T11:39:33.192+0800	controller/handler.go:24	[GoAdmin] [37;44m 200 [0m [37;104m POST   [0m /admin/signin
2022-10-07T11:39:33.285+0800	controller/handler.go:24	[GoAdmin] [37;44m 200 [0m [37;104m GET   [0m /admin/assets/dist/css/all.min.7bcc29700e.css
2022-10-07T11:39:33.292+0800	controller/handler.go:24	[GoAdmin] [37;44m 200 [0m [37;104m GET   [0m /admin/assets/dist/js/tree.min.e1faf8b7de.js
2022-10-07T11:39:33.293+0800	controller/handler.go:24	[GoAdmin] [37;44m 200 [0m [37;104m GET   [0m /admin/assets/dist/js/all.min.8425540791.js
2022-10-07T11:39:33.299+0800	controller/handler.go:24	[GoAdmin] [37;44m 200 [0m [37;104m GET   [0m /admin/assets/dist/js/treeview.min.7780d3bb0f.js
2022-10-07T11:39:33.306+0800	controller/handler.go:24	[GoAdmin] [37;44m 200 [0m [37;104m GET   [0m /admin/assets/dist/js/datatable.min.581cdc109b.js
2022-10-07T11:39:33.332+0800	controller/handler.go:24	[GoAdmin] [37;44m 200 [0m [37;104m GET   [0m /admin/assets/dist/img/avatar04.png
2022-10-07T11:39:33.334+0800	controller/handler.go:24	[GoAdmin] [37;44m 200 [0m [37;104m GET   [0m /admin/assets/dist/js/all_2.min.38a2a946b0.js
2022-10-07T11:39:33.335+0800	controller/handler.go:24	[GoAdmin] [37;44m 200 [0m [37;104m GET   [0m /admin/assets/chart.min.js
2022-10-07T11:39:33.335+0800	controller/handler.go:24	[GoAdmin] [37;44m 200 [0m [37;104m GET   [0m /admin/assets/dist/js/form.min.f8678914e9.js
2022-10-07T11:39:33.344+0800	controller/handler.go:24	[GoAdmin] [37;44m 200 [0m [37;104m GET   [0m /admin/assets/dist/fonts/fontawesome-webfont.woff2
2022-10-07T11:39:33.349+0800	controller/handler.go:24	[GoAdmin] [37;44m 200 [0m [37;104m GET   [0m /admin/assets/dist/css/fonts/6xK3dSBYKcSV-LCoeQqfX1RYOo3qOK7g.ttf
2022-10-07T11:39:33.415+0800	controller/handler.go:24	[GoAdmin] [37;44m 200 [0m [37;104m GET   [0m /admin/assets/dist/css/fonts/6xKydSBYKcSV-LCoeQqfX1RYOo3ig4vwlxdr.ttf
2022-10-07T14:20:54.274+0800	controller/handler.go:24	[GoAdmin] [37;44m 200 [0m [37;104m GET   [0m /admin/login
2022-10-07T14:20:56.692+0800	controller/handler.go:24	[GoAdmin] [37;44m 200 [0m [37;104m POST   [0m /admin/signin
2022-10-07T14:21:34.799+0800	controller/handler.go:24	[GoAdmin] [37;44m 200 [0m [37;104m GET   [0m /admin/info/QueryExcellentCount
2022-10-07T14:21:34.863+0800	controller/handler.go:24	[GoAdmin] [37;44m 200 [0m [37;104m GET   [0m /admin/assets/dist/css/blue.png
2022-10-07T14:21:34.863+0800	controller/handler.go:24	[GoAdmin] [37;44m 200 [0m [37;104m GET   [0m /admin/assets/dist/css/fonts/6xKydSBYKcSV-LCoeQqfX1RYOo3ik4zwlxdr.ttf
2022-10-07T14:21:35.397+0800	controller/handler.go:24	[GoAdmin] [37;44m 200 [0m [37;104m GET   [0m /admin/info/inst_player_char_brief
2022-10-07T14:21:37.461+0800	controller/handler.go:24	[GoAdmin] [37;44m 200 [0m [37;104m GET   [0m /admin/assets/dist/fonts/glyphicons-halflings-regular.woff2
2022-10-07T14:21:39.206+0800	controller/handler.go:24	[GoAdmin] [37;44m 200 [0m [37;104m GET   [0m /admin/info/inst_player_char_brief
2022-10-07T14:24:05.312+0800	controller/handler.go:24	[GoAdmin] [37;44m 200 [0m [37;104m GET   [0m /admin/info/log_player_items
2022-10-07T14:24:14.728+0800	controller/handler.go:24	[GoAdmin] [37;44m 200 [0m [37;104m GET   [0m /admin/info/log_player_items
2022-10-07T14:24:26.117+0800	controller/handler.go:24	[GoAdmin] [37;44m 200 [0m [37;104m GET   [0m /admin/info/log_player_items
2022-10-07T14:24:34.166+0800	controller/handler.go:24	[GoAdmin] [37;44m 200 [0m [37;104m GET   [0m /admin/info/log_player_items
2022-10-07T14:24:35.225+0800	controller/handler.go:24	[GoAdmin] [37;44m 200 [0m [37;104m GET   [0m /admin/info/log_player_items
2022-10-07T14:24:38.163+0800	controller/handler.go:24	[GoAdmin] [37;44m 200 [0m [37;104m GET   [0m /admin/info/log_player_items
2022-10-07T14:24:38.834+0800	controller/handler.go:24	[GoAdmin] [37;44m 200 [0m [37;104m GET   [0m /admin/info/log_player_items
2022-10-07T14:24:41.493+0800	controller/handler.go:24	[GoAdmin] [37;44m 200 [0m [37;104m GET   [0m /admin/info/log_player_items
2022-10-07T14:24:46.466+0800	controller/handler.go:24	[GoAdmin] [37;44m 200 [0m [37;104m GET   [0m /admin/info/log_player_items
2022-10-07T14:30:15.933+0800	controller/handler.go:24	[GoAdmin] [37;44m 200 [0m [37;104m GET   [0m /admin/info/log_player_items
2022-10-07T14:30:21.068+0800	controller/handler.go:24	[GoAdmin] [37;44m 200 [0m [37;104m GET   [0m /admin/info/log_player_items
2022-10-07T14:30:34.923+0800	controller/handler.go:24	[GoAdmin] [37;44m 200 [0m [37;104m GET   [0m /admin/info/log_player_items
2022-10-07T14:30:40.377+0800	controller/handler.go:24	[GoAdmin] [37;44m 200 [0m [37;104m GET   [0m /admin/info/log_player_items
2022-10-07T14:30:42.825+0800	controller/handler.go:24	[GoAdmin] [37;44m 200 [0m [37;104m GET   [0m /admin/info/log_player_items
2022-10-07T14:30:48.670+0800	controller/handler.go:24	[GoAdmin] [37;44m 200 [0m [37;104m GET   [0m /admin/info/log_player_items
2022-10-07T14:31:15.160+0800	controller/handler.go:24	[GoAdmin] [37;44m 200 [0m [37;104m GET   [0m /admin/info/log_player_items
2022-10-07T14:31:19.581+0800	controller/handler.go:24	[GoAdmin] [37;44m 200 [0m [37;104m GET   [0m /admin/info/log_player_items
2022-10-07T14:31:24.877+0800	controller/handler.go:24	[GoAdmin] [37;44m 200 [0m [37;104m GET   [0m /admin/info/log_player_items
2022-10-07T14:31:32.786+0800	controller/handler.go:24	[GoAdmin] [37;44m 200 [0m [37;104m GET   [0m /admin/info/log_player_items
2022-10-07T14:31:36.816+0800	controller/handler.go:24	[GoAdmin] [37;44m 200 [0m [37;104m GET   [0m /admin/info/log_player_items
2022-10-07T14:31:38.377+0800	controller/handler.go:24	[GoAdmin] [37;44m 200 [0m [37;104m GET   [0m /admin/info/log_player_items
2022-10-07T14:31:42.019+0800	controller/handler.go:24	[GoAdmin] [37;44m 200 [0m [37;104m GET   [0m /admin/info/log_player_items
2022-10-07T14:31:48.000+0800	controller/handler.go:24	[GoAdmin] [37;44m 200 [0m [37;104m GET   [0m /admin/info/log_player_items
2022-10-07T14:31:53.630+0800	controller/handler.go:24	[GoAdmin] [37;44m 200 [0m [37;104m GET   [0m /admin/info/log_player_items
2022-10-07T15:15:26.993+0800	controller/handler.go:24	[GoAdmin] [37;44m 200 [0m [37;104m GET   [0m /admin/info/log_player_items
2022-10-07T15:15:27.115+0800	controller/handler.go:24	[GoAdmin] [37;44m 200 [0m [37;104m GET   [0m /admin/assets/dist/js/all.min.8425540791.js
2022-10-07T15:15:27.115+0800	controller/handler.go:24	[GoAdmin] [37;44m 200 [0m [37;104m GET   [0m /admin/assets/dist/css/all.min.7bcc29700e.css
2022-10-07T15:15:27.125+0800	controller/handler.go:24	[GoAdmin] [37;44m 200 [0m [37;104m GET   [0m /admin/assets/dist/js/datatable.min.581cdc109b.js
2022-10-07T15:15:27.158+0800	controller/handler.go:24	[GoAdmin] [37;44m 200 [0m [37;104m GET   [0m /admin/assets/dist/img/avatar04.png
2022-10-07T15:15:27.159+0800	controller/handler.go:24	[GoAdmin] [37;44m 200 [0m [37;104m GET   [0m /admin/assets/dist/js/treeview.min.7780d3bb0f.js
2022-10-07T15:15:27.159+0800	controller/handler.go:24	[GoAdmin] [37;44m 200 [0m [37;104m GET   [0m /admin/assets/dist/js/tree.min.e1faf8b7de.js
2022-10-07T15:15:27.160+0800	controller/handler.go:24	[GoAdmin] [37;44m 200 [0m [37;104m GET   [0m /admin/assets/dist/js/form.min.f8678914e9.js
2022-10-07T15:15:27.162+0800	controller/handler.go:24	[GoAdmin] [37;44m 200 [0m [37;104m GET   [0m /admin/assets/dist/js/all_2.min.38a2a946b0.js
2022-10-07T15:15:27.162+0800	controller/handler.go:24	[GoAdmin] [37;44m 200 [0m [37;104m GET   [0m /admin/assets/chart.min.js
2022-10-07T15:15:27.183+0800	controller/handler.go:24	[GoAdmin] [37;44m 200 [0m [37;104m GET   [0m /admin/assets/dist/fonts/fontawesome-webfont.woff2
2022-10-07T15:15:27.184+0800	controller/handler.go:24	[GoAdmin] [37;44m 200 [0m [37;104m GET   [0m /admin/assets/dist/css/fonts/6xK3dSBYKcSV-LCoeQqfX1RYOo3qOK7g.ttf
2022-10-07T15:15:27.269+0800	controller/handler.go:24	[GoAdmin] [37;44m 200 [0m [37;104m GET   [0m /admin/assets/dist/css/fonts/6xKydSBYKcSV-LCoeQqfX1RYOo3ig4vwlxdr.ttf
2022-10-07T15:15:27.271+0800	controller/handler.go:24	[GoAdmin] [37;44m 200 [0m [37;104m GET   [0m /admin/assets/dist/css/fonts/6xKydSBYKcSV-LCoeQqfX1RYOo3ik4zwlxdr.ttf
2022-10-07T15:15:27.306+0800	controller/handler.go:24	[GoAdmin] [37;44m 200 [0m [37;104m GET   [0m /admin/assets/dist/css/blue.png
2022-10-07T15:15:33.785+0800	controller/handler.go:24	[GoAdmin] [37;44m 200 [0m [37;104m GET   [0m /admin/info/log_character_onlines
2022-10-07T15:15:35.734+0800	controller/handler.go:24	[GoAdmin] [37;44m 200 [0m [37;104m GET   [0m /admin/info/t_notices
2022-10-07T15:15:37.640+0800	controller/handler.go:24	[GoAdmin] [37;44m 200 [0m [37;104m GET   [0m /admin/info/inst_player_char_brief
2022-10-07T15:15:41.796+0800	controller/handler.go:24	[GoAdmin] [37;44m 200 [0m [37;104m GET   [0m /admin/info/inst_player_char_brief
2022-10-08T15:59:27.574+0800	controller/handler.go:24	[GoAdmin] [37;44m 302 [0m [37;104m GET   [0m /admin/menu
2022-10-08T15:59:27.578+0800	controller/handler.go:24	[GoAdmin] [37;44m 200 [0m [37;104m GET   [0m /admin/login
2022-10-08T15:59:27.663+0800	controller/handler.go:24	[GoAdmin] [37;44m 200 [0m [37;104m GET   [0m /admin/assets/login/dist/all.min.js
2022-10-08T15:59:27.663+0800	controller/handler.go:24	[GoAdmin] [37;44m 200 [0m [37;104m GET   [0m /admin/assets/login/dist/all.min.css
2022-10-08T15:59:32.134+0800	controller/handler.go:24	[GoAdmin] [37;44m 200 [0m [37;104m POST   [0m /admin/signin
2022-10-08T15:59:37.188+0800	controller/handler.go:24	[GoAdmin] [37;44m 200 [0m [37;104m GET   [0m /admin/info/inst_player_char_brief
2022-10-12T13:57:12.796+0800	controller/handler.go:24	[GoAdmin] [37;44m 200 [0m [37;104m GET   [0m /admin/login
2022-10-12T13:57:12.933+0800	controller/handler.go:24	[GoAdmin] [37;44m 200 [0m [37;104m GET   [0m /admin/assets/login/dist/all.min.css
2022-10-12T13:57:12.933+0800	controller/handler.go:24	[GoAdmin] [37;44m 200 [0m [37;104m GET   [0m /admin/assets/login/dist/all.min.js
2022-10-12T13:57:31.828+0800	controller/handler.go:24	[GoAdmin] [37;44m 200 [0m [37;104m POST   [0m /admin/signin
2022-10-12T13:57:31.903+0800	controller/handler.go:24	[GoAdmin] [37;44m 200 [0m [37;104m GET   [0m /admin/assets/dist/css/all.min.7bcc29700e.css
2022-10-12T13:57:31.913+0800	controller/handler.go:24	[GoAdmin] [37;44m 200 [0m [37;104m GET   [0m /admin/assets/dist/js/all.min.8425540791.js
2022-10-12T13:57:31.938+0800	controller/handler.go:24	[GoAdmin] [37;44m 200 [0m [37;104m GET   [0m /admin/assets/dist/js/treeview.min.7780d3bb0f.js
2022-10-12T13:57:31.941+0800	controller/handler.go:24	[GoAdmin] [37;44m 200 [0m [37;104m GET   [0m /admin/assets/dist/js/form.min.f8678914e9.js
2022-10-12T13:57:31.960+0800	controller/handler.go:24	[GoAdmin] [37;44m 200 [0m [37;104m GET   [0m /admin/assets/dist/img/avatar04.png
2022-10-12T13:57:31.964+0800	controller/handler.go:24	[GoAdmin] [37;44m 200 [0m [37;104m GET   [0m /admin/assets/chart.min.js
2022-10-12T13:57:31.965+0800	controller/handler.go:24	[GoAdmin] [37;44m 200 [0m [37;104m GET   [0m /admin/assets/dist/js/tree.min.e1faf8b7de.js
2022-10-12T13:57:31.965+0800	controller/handler.go:24	[GoAdmin] [37;44m 200 [0m [37;104m GET   [0m /admin/assets/dist/js/datatable.min.581cdc109b.js
2022-10-12T13:57:31.968+0800	controller/handler.go:24	[GoAdmin] [37;44m 200 [0m [37;104m GET   [0m /admin/assets/dist/js/all_2.min.38a2a946b0.js
2022-10-12T13:57:31.988+0800	controller/handler.go:24	[GoAdmin] [37;44m 200 [0m [37;104m GET   [0m /admin/assets/dist/fonts/fontawesome-webfont.woff2
2022-10-12T13:57:32.013+0800	controller/handler.go:24	[GoAdmin] [37;44m 200 [0m [37;104m GET   [0m /admin/assets/dist/css/fonts/6xK3dSBYKcSV-LCoeQqfX1RYOo3qOK7g.ttf
2022-10-12T13:57:32.042+0800	controller/handler.go:24	[GoAdmin] [37;44m 200 [0m [37;104m GET   [0m /admin/assets/dist/css/fonts/6xKydSBYKcSV-LCoeQqfX1RYOo3ig4vwlxdr.ttf
2022-10-12T13:57:53.533+0800	controller/handler.go:24	[GoAdmin] [37;44m 200 [0m [37;104m GET   [0m /admin/menu
2022-10-12T13:57:53.623+0800	controller/handler.go:24	[GoAdmin] [37;44m 200 [0m [37;104m GET   [0m /admin/assets/dist/css/fonts/6xKydSBYKcSV-LCoeQqfX1RYOo3ik4zwlxdr.ttf
2022-10-12T13:58:48.700+0800	controller/handler.go:24	[GoAdmin] [37;44m 200 [0m [37;104m POST   [0m /admin/menu/new
2022-10-12T13:59:11.302+0800	controller/handler.go:24	[GoAdmin] [37;44m 200 [0m [37;104m POST   [0m /admin/menu/new
2022-10-12T13:59:12.108+0800	controller/handler.go:24	[GoAdmin] [37;44m 200 [0m [37;104m GET   [0m /admin/menu
2022-10-12T14:28:41.112+0800	controller/handler.go:24	[GoAdmin] [37;44m 200 [0m [37;104m GET   [0m /admin/info/GetRetrievePWDPage
2022-10-12T14:28:41.332+0800	controller/handler.go:24	[GoAdmin] [37;44m 200 [0m [37;104m GET   [0m /admin/assets/dist/css/blue.png
2022-10-12T14:28:46.529+0800	controller/handler.go:24	[GoAdmin] [37;44m 200 [0m [37;104m GET   [0m /admin/info/GetRetrievePWDPage
2022-10-12T14:29:41.236+0800	controller/handler.go:24	[GoAdmin] [37;44m 200 [0m [37;104m GET   [0m /admin/info/GetRetrievePWDPage
2022-10-12T14:29:42.016+0800	controller/handler.go:24	[GoAdmin] [37;44m 200 [0m [37;104m GET   [0m /admin/info/GetRetrievePWDPage
2022-10-12T14:30:50.877+0800	controller/handler.go:24	[GoAdmin] [37;44m 200 [0m [37;104m GET   [0m /admin/info/GetRetrievePWDPage
2022-10-12T14:30:53.984+0800	controller/handler.go:24	[GoAdmin] [37;44m 200 [0m [37;104m GET   [0m /admin/info/GetRetrievePWDPage
2022-10-12T14:31:43.829+0800	controller/handler.go:24	[GoAdmin] [37;44m 200 [0m [37;104m GET   [0m /admin/info/GetRetrievePWDPage
2022-10-12T14:31:45.354+0800	controller/handler.go:24	[GoAdmin] [37;44m 200 [0m [37;104m GET   [0m /admin/info/GetRetrievePWDPage
2022-10-12T14:32:09.657+0800	controller/handler.go:24	[GoAdmin] [37;44m 200 [0m [37;104m GET   [0m /admin/info/GetRetrievePWDPage
2022-10-12T14:32:09.841+0800	controller/handler.go:24	[GoAdmin] [37;44m 200 [0m [37;104m GET   [0m /admin/assets/dist/css/fonts/6xKydSBYKcSV-LCoeQqfX1RYOo3i54rwlxdr.ttf
2022-10-12T14:32:42.689+0800	controller/handler.go:24	[GoAdmin] [37;44m 200 [0m [37;104m GET   [0m /admin/info/GetRetrievePWDPage
2022-10-12T14:32:43.245+0800	controller/handler.go:24	[GoAdmin] [37;44m 200 [0m [37;104m GET   [0m /admin/info/GetRetrievePWDPage
2022-10-12T14:32:43.448+0800	controller/handler.go:24	[GoAdmin] [37;44m 200 [0m [37;104m GET   [0m /admin/info/GetRetrievePWDPage
2022-10-12T14:32:43.644+0800	controller/handler.go:24	[GoAdmin] [37;44m 200 [0m [37;104m GET   [0m /admin/info/GetRetrievePWDPage
2022-10-12T14:32:43.897+0800	controller/handler.go:24	[GoAdmin] [37;44m 200 [0m [37;104m GET   [0m /admin/info/GetRetrievePWDPage
2022-10-12T14:32:44.092+0800	controller/handler.go:24	[GoAdmin] [37;44m 200 [0m [37;104m GET   [0m /admin/info/GetRetrievePWDPage
2022-10-12T14:35:56.337+0800	controller/handler.go:24	[GoAdmin] [37;44m 200 [0m [37;104m GET   [0m /admin/info/GetRetrievePWDPage
2022-10-12T14:35:56.346+0800	controller/handler.go:24	[GoAdmin] [37;44m 200 [0m [37;104m GET   [0m /admin/info/GetRetrievePWDPage
2022-10-12T14:38:41.485+0800	controller/handler.go:24	[GoAdmin] [37;44m 200 [0m [37;104m GET   [0m /admin/info/GetRetrievePWDPage
2022-10-12T14:38:41.680+0800	controller/handler.go:24	[GoAdmin] [37;44m 200 [0m [37;104m GET   [0m /admin/info/GetRetrievePWDPage
2022-10-12T14:38:49.397+0800	controller/handler.go:24	[GoAdmin] [37;44m 200 [0m [37;104m GET   [0m /admin/menu
2022-10-12T14:39:18.322+0800	controller/handler.go:24	[GoAdmin] [37;44m 200 [0m [37;104m POST   [0m /admin/menu/new
2022-10-12T14:39:19.599+0800	controller/handler.go:24	[GoAdmin] [37;44m 200 [0m [37;104m GET   [0m /admin/menu
2022-10-12T14:39:30.204+0800	controller/handler.go:24	[GoAdmin] [37;44m 200 [0m [37;104m GET   [0m /admin/menu
2022-10-12T14:39:34.340+0800	controller/handler.go:24	[GoAdmin] [37;44m 200 [0m [37;104m GET   [0m /admin/menu/edit/show
2022-10-12T14:39:38.674+0800	controller/handler.go:24	[GoAdmin] [37;44m 200 [0m [37;104m POST   [0m /admin/menu/edit
2022-10-12T14:39:39.559+0800	controller/handler.go:24	[GoAdmin] [37;44m 200 [0m [37;104m GET   [0m /admin/menu
2022-10-12T14:39:43.429+0800	controller/handler.go:24	[GoAdmin] [37;44m 200 [0m [37;104m GET   [0m /admin/info/GetRetrievePWDPage
2022-10-12T14:39:44.349+0800	controller/handler.go:24	[GoAdmin] [37;44m 200 [0m [37;104m GET   [0m /admin/info/GetRetrievePWDPage
2022-10-12T14:40:24.861+0800	controller/handler.go:24	[GoAdmin] [37;44m 200 [0m [37;104m GET   [0m /admin/info/GetRetrievePWDPage
2022-10-12T14:41:21.353+0800	controller/handler.go:24	[GoAdmin] [37;44m 200 [0m [37;104m GET   [0m /admin/info/GetRetrievePWDPage
2022-10-13T18:29:49.818+0800	controller/handler.go:24	[GoAdmin] [37;44m 302 [0m [37;104m GET   [0m /admin/info/GetRetrievePWDPage
2022-10-13T18:29:49.842+0800	controller/handler.go:24	[GoAdmin] [37;44m 200 [0m [37;104m GET   [0m /admin/login
2022-10-13T18:29:49.931+0800	controller/handler.go:24	[GoAdmin] [37;44m 200 [0m [37;104m GET   [0m /admin/assets/login/dist/all.min.js
2022-10-13T18:29:49.931+0800	controller/handler.go:24	[GoAdmin] [37;44m 200 [0m [37;104m GET   [0m /admin/assets/login/dist/all.min.css
2022-10-13T18:29:50.130+0800	controller/handler.go:24	[GoAdmin] [37;44m 200 [0m [37;104m GET   [0m /admin/login
2022-10-13T18:29:57.946+0800	controller/handler.go:24	[GoAdmin] [37;44m 200 [0m [37;104m POST   [0m /admin/signin
2022-10-13T18:29:57.991+0800	controller/handler.go:24	[GoAdmin] [37;44m 200 [0m [37;104m GET   [0m /admin/info/GetRetrievePWDPage
2022-10-13T18:30:01.536+0800	controller/handler.go:24	[GoAdmin] [37;44m 200 [0m [37;104m GET   [0m /admin/info/GetRetrievePWDPage
2022-10-19T13:44:44.386+0800	controller/handler.go:24	[GoAdmin] [37;44m 200 [0m [37;104m GET   [0m /admin/login
2022-10-19T13:44:45.972+0800	controller/handler.go:24	[GoAdmin] [37;44m 200 [0m [37;104m POST   [0m /admin/signin
2022-10-19T13:44:45.982+0800	controller/handler.go:24	[GoAdmin] [37;44m 200 [0m [37;104m GET   [0m /admin/login
2022-10-19T13:44:46.740+0800	controller/handler.go:24	[GoAdmin] [37;44m 200 [0m [37;104m POST   [0m /admin/signin
2022-10-19T13:44:46.784+0800	controller/handler.go:24	[GoAdmin] [37;44m 200 [0m [37;104m GET   [0m /admin/info/GetRetrievePWDPage
2022-10-19T13:44:48.632+0800	controller/handler.go:24	[GoAdmin] [37;44m 200 [0m [37;104m GET   [0m /admin/info/GetRetrievePWDPage
2022-10-19T13:44:50.736+0800	controller/handler.go:24	[GoAdmin] [37;44m 200 [0m [37;104m GET   [0m /admin/info/GetRetrievePWDPage
2022-10-19T13:44:56.987+0800	controller/handler.go:24	[GoAdmin] [37;44m 200 [0m [37;104m GET   [0m /admin/info/GetRetrievePWDPage
2022-10-19T13:46:16.670+0800	controller/handler.go:24	[GoAdmin] [37;44m 200 [0m [37;104m GET   [0m /admin/info/GetRetrievePWDPage
2022-10-19T13:51:29.207+0800	controller/handler.go:24	[GoAdmin] [37;44m 200 [0m [37;104m GET   [0m /admin/info/GetRetrievePWDPage
2022-10-19T13:52:35.080+0800	controller/handler.go:24	[GoAdmin] [37;44m 200 [0m [37;104m GET   [0m /admin/info/GetRetrievePWDPage
2022-10-19T13:52:35.095+0800	controller/handler.go:24	[GoAdmin] [37;44m 200 [0m [37;104m GET   [0m /admin/info/GetRetrievePWDPage
2022-10-19T13:53:25.147+0800	controller/handler.go:24	[GoAdmin] [37;44m 200 [0m [37;104m GET   [0m /admin/info/GetRetrievePWDPage
2022-10-19T13:53:46.580+0800	controller/handler.go:24	[GoAdmin] [37;44m 200 [0m [37;104m GET   [0m /admin/info/GetRetrievePWDPage
2022-10-19T13:53:58.509+0800	controller/handler.go:24	[GoAdmin] [37;44m 200 [0m [37;104m GET   [0m /admin/info/GetRetrievePWDPage
2022-10-19T13:54:04.548+0800	controller/handler.go:24	[GoAdmin] [37;44m 200 [0m [37;104m GET   [0m /admin/info/GetRetrievePWDPage
2022-10-19T13:54:07.424+0800	controller/handler.go:24	[GoAdmin] [37;44m 200 [0m [37;104m GET   [0m /admin/info/GetRetrievePWDPage
2022-10-19T13:54:11.173+0800	controller/handler.go:24	[GoAdmin] [37;44m 200 [0m [37;104m GET   [0m /admin/info/GetRetrievePWDPage
2022-10-19T14:01:48.752+0800	controller/handler.go:24	[GoAdmin] [37;44m 200 [0m [37;104m GET   [0m /admin/info/GetRetrievePWDPage
2022-10-19T14:02:41.265+0800	controller/handler.go:24	[GoAdmin] [37;44m 200 [0m [37;104m GET   [0m /admin/info/GetRetrievePWDPage
2022-10-19T14:02:59.733+0800	controller/handler.go:24	[GoAdmin] [37;44m 200 [0m [37;104m GET   [0m /admin/info/GetRetrievePWDPage
2022-10-19T14:04:13.399+0800	controller/handler.go:24	[GoAdmin] [37;44m 200 [0m [37;104m GET   [0m /admin/info/GetRetrievePWDPage
2022-12-09T11:56:56.670+0800	controller/handler.go:24	[GoAdmin] [37;44m 200 [0m [37;104m GET   [0m /admin/info/generate/new
2022-12-09T11:56:56.965+0800	controller/handler.go:24	[GoAdmin] [37;44m 200 [0m [37;104m GET   [0m /admin/info/generate/new
2022-12-09T11:56:58.086+0800	controller/handler.go:24	[GoAdmin] [37;44m 200 [0m [37;104m GET   [0m /admin/login
2022-12-09T11:56:59.150+0800	controller/handler.go:24	[GoAdmin] [37;44m 200 [0m [37;104m POST   [0m /admin/signin
2022-12-09T11:56:59.164+0800	controller/handler.go:24	[GoAdmin] [37;44m 200 [0m [37;104m GET   [0m /admin/login
2022-12-09T11:57:00.445+0800	controller/handler.go:24	[GoAdmin] [37;44m 200 [0m [37;104m POST   [0m /admin/signin
2022-12-09T11:57:00.478+0800	controller/handler.go:24	[GoAdmin] [37;44m 200 [0m [37;104m GET   [0m /admin/info/PlayerLevelDistribution
2022-12-19T17:34:45.963+0800	controller/handler.go:24	[GoAdmin] [37;44m 200 [0m [37;104m GET   [0m /admin/info/GameServersTable4Merge
2022-12-19T17:34:47.140+0800	controller/handler.go:24	[GoAdmin] [37;44m 200 [0m [37;104m GET   [0m /admin/login
2022-12-19T17:34:48.900+0800	controller/handler.go:24	[GoAdmin] [37;44m 200 [0m [37;104m POST   [0m /admin/signin
2022-12-22T17:05:58.477+0800	controller/handler.go:24	[GoAdmin] [37;44m 200 [0m [37;104m GET   [0m /admin/info/GameServersTable4Single
2022-12-22T17:05:59.552+0800	controller/handler.go:24	[GoAdmin] [37;44m 200 [0m [37;104m GET   [0m /admin/login
2022-12-22T17:06:01.029+0800	controller/handler.go:24	[GoAdmin] [37;44m 200 [0m [37;104m POST   [0m /admin/signin
2022-12-22T17:06:01.042+0800	controller/handler.go:24	[GoAdmin] [37;44m 200 [0m [37;104m GET   [0m /admin/login
2022-12-22T17:06:01.774+0800	controller/handler.go:24	[GoAdmin] [37;44m 200 [0m [37;104m POST   [0m /admin/signin
2022-12-22T17:06:05.088+0800	controller/handler.go:24	[GoAdmin] [37;44m 200 [0m [37;104m GET   [0m /admin/info/t_game_servers
2022-12-22T17:06:15.360+0800	controller/handler.go:24	[GoAdmin] [37;44m 200 [0m [37;104m GET   [0m /admin/info/t_game_servers
2022-12-22T17:07:18.673+0800	controller/handler.go:24	[GoAdmin] [37;44m 200 [0m [37;104m GET   [0m /admin/info/SingleSeverCount
2022-12-22T17:07:42.172+0800	controller/handler.go:24	[GoAdmin] [37;44m 200 [0m [37;104m GET   [0m /admin/info/log_player_quests
2022-12-23T09:53:46.006+0800	controller/handler.go:24	[GoAdmin] [37;44m 302 [0m [37;104m GET   [0m /admin/info/log_player_quests
2022-12-23T09:53:46.011+0800	controller/handler.go:24	[GoAdmin] [37;44m 200 [0m [37;104m GET   [0m /admin/login
2022-12-23T09:53:47.579+0800	controller/handler.go:24	[GoAdmin] [37;44m 200 [0m [37;104m POST   [0m /admin/signin
2022-12-23T09:53:47.591+0800	controller/handler.go:24	[GoAdmin] [37;44m 200 [0m [37;104m GET   [0m /admin/login
2022-12-23T09:53:48.360+0800	controller/handler.go:24	[GoAdmin] [37;44m 200 [0m [37;104m POST   [0m /admin/signin
2022-12-23T09:54:14.353+0800	controller/handler.go:24	[GoAdmin] [37;44m 200 [0m [37;104m GET   [0m /admin/info/Diamond4RebornRec
2022-12-23T09:55:23.870+0800	controller/handler.go:24	[GoAdmin] [37;44m 200 [0m [37;104m GET   [0m /admin/info/Diamond4RebornRec
2022-12-23T09:55:32.642+0800	controller/handler.go:24	[GoAdmin] [37;44m 200 [0m [37;104m GET   [0m /admin/info/Diamond4RebornRec
2022-12-23T09:55:35.089+0800	controller/handler.go:24	[GoAdmin] [37;44m 200 [0m [37;104m GET   [0m /admin/info/Diamond4RebornRec
2022-12-23T09:55:37.052+0800	controller/handler.go:24	[GoAdmin] [37;44m 200 [0m [37;104m GET   [0m /admin/info/Diamond4RebornRec
2022-12-23T09:58:26.086+0800	controller/handler.go:24	[GoAdmin] [37;44m 200 [0m [37;104m GET   [0m /admin/info/Diamond4RebornRec
2022-12-23T09:58:32.191+0800	controller/handler.go:24	[GoAdmin] [37;44m 200 [0m [37;104m GET   [0m /admin/info/Diamond4RebornRec
2022-12-23T09:58:33.615+0800	controller/handler.go:24	[GoAdmin] [37;44m 200 [0m [37;104m GET   [0m /admin/info/Diamond4RebornRec
2022-12-23T09:58:35.206+0800	controller/handler.go:24	[GoAdmin] [37;44m 200 [0m [37;104m GET   [0m /admin/info/Diamond4RebornRec
2022-12-23T09:58:37.753+0800	controller/handler.go:24	[GoAdmin] [37;44m 200 [0m [37;104m GET   [0m /admin/info/Diamond4RebornRec
2022-12-23T10:48:07.035+0800	controller/handler.go:24	[GoAdmin] [37;44m 200 [0m [37;104m GET   [0m /admin/info/BuyStoneFromShop
2022-12-23T10:48:07.206+0800	controller/handler.go:24	[GoAdmin] [37;44m 200 [0m [37;104m GET   [0m /admin/assets/dist/css/fonts/6xKydSBYKcSV-LCoeQqfX1RYOo3i54rwlxdr.ttf
2022-12-23T10:50:02.500+0800	controller/handler.go:24	[GoAdmin] [37;44m 200 [0m [37;104m GET   [0m /admin/info/BuyStoneFromShop
2022-12-23T10:50:20.168+0800	controller/handler.go:24	[GoAdmin] [37;44m 200 [0m [37;104m GET   [0m /admin/info/BuyStoneFromShop
2022-12-23T10:50:58.441+0800	controller/handler.go:24	[GoAdmin] [37;44m 200 [0m [37;104m GET   [0m /admin/info/BuyStoneFromShop
2022-12-23T10:51:24.615+0800	controller/handler.go:24	[GoAdmin] [37;44m 200 [0m [37;104m GET   [0m /admin/info/BuyStoneFromShop
2022-12-23T10:51:53.724+0800	controller/handler.go:24	[GoAdmin] [37;44m 200 [0m [37;104m GET   [0m /admin/info/BuyStoneFromShop
2022-12-23T11:19:08.160+0800	controller/handler.go:24	[GoAdmin] [37;44m 200 [0m [37;104m GET   [0m /admin/info/BuyStoneFromShop
2022-12-23T11:19:10.742+0800	controller/handler.go:24	[GoAdmin] [37;44m 200 [0m [37;104m GET   [0m /admin/info/BuyStoneFromShop
2022-12-23T11:21:21.839+0800	controller/handler.go:24	[GoAdmin] [37;44m 200 [0m [37;104m GET   [0m /admin/info/BuyStoneFromShop
2022-12-23T11:21:22.669+0800	controller/handler.go:24	[GoAdmin] [37;44m 200 [0m [37;104m GET   [0m /admin/info/BuyStoneFromShop
2022-12-23T11:21:22.874+0800	controller/handler.go:24	[GoAdmin] [37;44m 200 [0m [37;104m GET   [0m /admin/info/BuyStoneFromShop
2022-12-23T11:21:23.060+0800	controller/handler.go:24	[GoAdmin] [37;44m 200 [0m [37;104m GET   [0m /admin/info/BuyStoneFromShop
2022-12-23T11:21:34.743+0800	controller/handler.go:24	[GoAdmin] [37;44m 200 [0m [37;104m GET   [0m /admin/info/BuyStoneFromShop
2022-12-23T11:21:35.353+0800	controller/handler.go:24	[GoAdmin] [37;44m 200 [0m [37;104m GET   [0m /admin/info/BuyStoneFromShop
2022-12-23T11:21:35.577+0800	controller/handler.go:24	[GoAdmin] [37;44m 200 [0m [37;104m GET   [0m /admin/info/BuyStoneFromShop
2022-12-23T11:21:35.761+0800	controller/handler.go:24	[GoAdmin] [37;44m 200 [0m [37;104m GET   [0m /admin/info/BuyStoneFromShop
2022-12-23T11:22:38.467+0800	controller/handler.go:24	[GoAdmin] [37;44m 200 [0m [37;104m GET   [0m /admin/info/BuyStoneFromShop
2022-12-23T11:22:52.154+0800	controller/handler.go:24	[GoAdmin] [37;44m 200 [0m [37;104m GET   [0m /admin/menu
2022-12-23T11:23:22.600+0800	controller/handler.go:24	[GoAdmin] [37;44m 200 [0m [37;104m POST   [0m /admin/menu/new
2022-12-23T11:23:47.427+0800	controller/handler.go:24	[GoAdmin] [37;44m 200 [0m [37;104m POST   [0m /admin/menu/new
2023-01-10T09:58:40.527+0800	controller/handler.go:24	[GoAdmin] [37;44m 200 [0m [37;104m GET   [0m /admin/login
2023-01-10T09:58:41.524+0800	controller/handler.go:24	[GoAdmin] [37;44m 200 [0m [37;104m POST   [0m /admin/signin
2023-01-10T09:58:46.184+0800	controller/handler.go:24	[GoAdmin] [37;44m 200 [0m [37;104m GET   [0m /admin/info/t_activation_code
2023-01-10T09:58:49.740+0800	controller/handler.go:24	[GoAdmin] [37;44m 200 [0m [37;104m GET   [0m /admin/info/t_activation_code/new
2023-02-13T14:35:22.027+0800	controller/handler.go:24	[GoAdmin] [37;44m 302 [0m [37;104m GET   [0m /admin/info/manager
2023-02-13T14:35:22.055+0800	controller/handler.go:24	[GoAdmin] [37;44m 200 [0m [37;104m GET   [0m /admin/login
2023-02-13T14:35:23.454+0800	controller/handler.go:24	[GoAdmin] [37;44m 200 [0m [37;104m POST   [0m /admin/signin
2023-02-13T14:35:23.471+0800	controller/handler.go:24	[GoAdmin] [37;44m 200 [0m [37;104m GET   [0m /admin/login
2023-02-13T14:35:24.127+0800	controller/handler.go:24	[GoAdmin] [37;44m 200 [0m [37;104m POST   [0m /admin/signin
2023-02-13T14:35:32.733+0800	controller/handler.go:24	[GoAdmin] [37;44m 200 [0m [37;104m GET   [0m /admin/info/inst_player_char_brief
2023-02-13T14:35:36.701+0800	controller/handler.go:24	[GoAdmin] [37;44m 200 [0m [37;104m GET   [0m /admin/info/inst_player_char_brief
2023-02-13T16:57:30.321+0800	controller/handler.go:24	[GoAdmin] [37;44m 200 [0m [37;104m GET   [0m /admin/login
2023-02-13T16:57:31.667+0800	controller/handler.go:24	[GoAdmin] [37;44m 200 [0m [37;104m POST   [0m /admin/signin
2023-02-13T16:57:31.678+0800	controller/handler.go:24	[GoAdmin] [37;44m 200 [0m [37;104m GET   [0m /admin/login
2023-02-13T16:57:32.368+0800	controller/handler.go:24	[GoAdmin] [37;44m 200 [0m [37;104m POST   [0m /admin/signin
2023-02-13T16:57:41.557+0800	controller/handler.go:24	[GoAdmin] [37;44m 200 [0m [37;104m GET   [0m /admin/info/manager
2023-02-13T16:57:43.468+0800	controller/handler.go:24	[GoAdmin] [37;44m 200 [0m [37;104m GET   [0m /admin/info/manager/new
2023-02-13T16:57:46.535+0800	controller/handler.go:24	[GoAdmin] [37;44m 200 [0m [37;104m GET   [0m /admin/info/manager
2023-02-13T16:57:47.420+0800	controller/handler.go:24	[GoAdmin] [37;44m 200 [0m [37;104m GET   [0m /admin/info/manager/edit
2023-02-13T16:57:49.104+0800	controller/handler.go:24	[GoAdmin] [37;44m 200 [0m [37;104m GET   [0m /admin/info/manager
2023-02-13T16:57:49.865+0800	controller/handler.go:24	[GoAdmin] [37;44m 200 [0m [37;104m GET   [0m /admin/info/manager/new
2023-06-01T09:57:48.857+0800	controller/handler.go:24	[GoAdmin] [37;44m 302 [0m [37;104m GET   [0m /admin/info/t_game_servers
2023-06-01T09:57:48.881+0800	controller/handler.go:24	[GoAdmin] [37;44m 200 [0m [37;104m GET   [0m /admin/login
2023-06-01T09:57:48.973+0800	controller/handler.go:24	[GoAdmin] [37;44m 200 [0m [37;104m GET   [0m /admin/assets/login/dist/all.min.js
2023-06-01T09:57:48.973+0800	controller/handler.go:24	[GoAdmin] [37;44m 200 [0m [37;104m GET   [0m /admin/assets/login/dist/all.min.css
2023-06-01T09:57:49.157+0800	controller/handler.go:24	[GoAdmin] [37;44m 200 [0m [37;104m GET   [0m /admin/login
2023-06-01T09:57:51.702+0800	controller/handler.go:24	[GoAdmin] [37;44m 200 [0m [37;104m POST   [0m /admin/signin
2023-06-01T09:57:51.922+0800	controller/handler.go:24	[GoAdmin] [37;44m 200 [0m [37;104m GET   [0m /admin/assets/dist/css/all.min.7bcc29700e.css
2023-06-01T09:57:51.953+0800	controller/handler.go:24	[GoAdmin] [37;44m 200 [0m [37;104m GET   [0m /admin/assets/dist/js/all.min.8425540791.js
2023-06-01T09:57:51.992+0800	controller/handler.go:24	[GoAdmin] [37;44m 200 [0m [37;104m GET   [0m /admin/assets/dist/js/treeview.min.7780d3bb0f.js
2023-06-01T09:57:51.997+0800	controller/handler.go:24	[GoAdmin] [37;44m 200 [0m [37;104m GET   [0m /admin/assets/dist/js/datatable.min.581cdc109b.js
2023-06-01T09:57:52.007+0800	controller/handler.go:24	[GoAdmin] [37;44m 200 [0m [37;104m GET   [0m /admin/assets/dist/img/avatar04.png
2023-06-01T09:57:52.011+0800	controller/handler.go:24	[GoAdmin] [37;44m 200 [0m [37;104m GET   [0m /admin/assets/chart.min.js
2023-06-01T09:57:52.033+0800	controller/handler.go:24	[GoAdmin] [37;44m 200 [0m [37;104m GET   [0m /admin/assets/dist/js/tree.min.e1faf8b7de.js
2023-06-01T09:57:52.036+0800	controller/handler.go:24	[GoAdmin] [37;44m 200 [0m [37;104m GET   [0m /admin/assets/dist/js/all_2.min.38a2a946b0.js
2023-06-01T09:57:52.038+0800	controller/handler.go:24	[GoAdmin] [37;44m 200 [0m [37;104m GET   [0m /admin/assets/dist/js/form.min.f8678914e9.js
2023-06-01T09:57:52.038+0800	controller/handler.go:24	[GoAdmin] [37;44m 200 [0m [37;104m GET   [0m /admin/assets/dist/fonts/fontawesome-webfont.woff2
2023-06-01T09:57:52.039+0800	controller/handler.go:24	[GoAdmin] [37;44m 200 [0m [37;104m GET   [0m /admin/assets/dist/css/fonts/6xK3dSBYKcSV-LCoeQqfX1RYOo3qOK7g.ttf
2023-06-01T09:57:52.111+0800	controller/handler.go:24	[GoAdmin] [37;44m 200 [0m [37;104m GET   [0m /admin/assets/dist/css/fonts/6xKydSBYKcSV-LCoeQqfX1RYOo3ig4vwlxdr.ttf
2023-06-01T09:57:56.872+0800	controller/handler.go:24	[GoAdmin] [37;44m 200 [0m [37;104m GET   [0m /admin/info/t_game_servers
2023-06-01T09:57:56.912+0800	controller/handler.go:24	[GoAdmin] [37;44m 200 [0m [37;104m GET   [0m /admin/assets/dist/css/blue.png
2023-06-01T09:57:56.943+0800	controller/handler.go:24	[GoAdmin] [37;44m 200 [0m [37;104m GET   [0m /admin/assets/dist/css/fonts/6xKydSBYKcSV-LCoeQqfX1RYOo3ik4zwlxdr.ttf
2023-06-01T09:57:59.278+0800	controller/handler.go:24	[GoAdmin] [37;44m 200 [0m [37;104m GET   [0m /admin/info/t_game_servers
2023-06-01T10:47:57.936+0800	controller/handler.go:24	[GoAdmin] [37;44m 200 [0m [37;104m GET   [0m /admin/info/t_game_servers
2023-06-01T10:47:59.802+0800	controller/handler.go:24	[GoAdmin] [37;44m 200 [0m [37;104m GET   [0m /admin/info/operation_servers
2023-06-01T10:48:09.891+0800	controller/handler.go:24	[GoAdmin] [37;44m 200 [0m [37;104m GET   [0m /admin/info/generate/new
2023-06-01T10:48:10.950+0800	controller/handler.go:24	[GoAdmin] [37;44m 200 [0m [37;104m GET   [0m /admin/info/site/edit
2023-06-01T10:48:13.190+0800	controller/handler.go:24	[GoAdmin] [37;44m 200 [0m [37;104m GET   [0m /admin/info/site/edit
2023-06-01T10:48:22.015+0800	controller/handler.go:24	[GoAdmin] [37;44m 200 [0m [37;104m GET   [0m /admin/menu
2023-06-07T10:00:09.059+0800	controller/handler.go:24	[GoAdmin] [37;44m 302 [0m [37;104m GET   [0m /admin/info/generate/new
2023-06-07T10:00:09.075+0800	controller/handler.go:24	[GoAdmin] [37;44m 200 [0m [37;104m GET   [0m /admin/login
2023-06-07T10:00:09.161+0800	controller/handler.go:24	[GoAdmin] [37;44m 200 [0m [37;104m GET   [0m /admin/assets/login/dist/all.min.js
2023-06-07T10:00:09.161+0800	controller/handler.go:24	[GoAdmin] [37;44m 200 [0m [37;104m GET   [0m /admin/assets/login/dist/all.min.css
2023-06-07T10:00:09.771+0800	controller/handler.go:24	[GoAdmin] [37;44m 200 [0m [37;104m GET   [0m /admin/login
2023-06-07T10:00:11.784+0800	controller/handler.go:24	[GoAdmin] [37;44m 200 [0m [37;104m POST   [0m /admin/signin
2023-06-07T10:00:11.916+0800	controller/handler.go:24	[GoAdmin] [37;44m 200 [0m [37;104m GET   [0m /admin/assets/dist/css/all.min.7bcc29700e.css
2023-06-07T10:00:11.924+0800	controller/handler.go:24	[GoAdmin] [37;44m 200 [0m [37;104m GET   [0m /admin/assets/dist/js/all.min.8425540791.js
2023-06-07T10:00:11.940+0800	controller/handler.go:24	[GoAdmin] [37;44m 200 [0m [37;104m GET   [0m /admin/assets/dist/js/treeview.min.7780d3bb0f.js
2023-06-07T10:00:11.944+0800	controller/handler.go:24	[GoAdmin] [37;44m 200 [0m [37;104m GET   [0m /admin/assets/dist/js/datatable.min.581cdc109b.js
2023-06-07T10:00:11.957+0800	controller/handler.go:24	[GoAdmin] [37;44m 200 [0m [37;104m GET   [0m /admin/assets/dist/img/avatar04.png
2023-06-07T10:00:11.957+0800	controller/handler.go:24	[GoAdmin] [37;44m 200 [0m [37;104m GET   [0m /admin/assets/dist/js/tree.min.e1faf8b7de.js
2023-06-07T10:00:11.961+0800	controller/handler.go:24	[GoAdmin] [37;44m 200 [0m [37;104m GET   [0m /admin/assets/chart.min.js
2023-06-07T10:00:11.986+0800	controller/handler.go:24	[GoAdmin] [37;44m 200 [0m [37;104m GET   [0m /admin/assets/dist/js/form.min.f8678914e9.js
2023-06-07T10:00:11.986+0800	controller/handler.go:24	[GoAdmin] [37;44m 200 [0m [37;104m GET   [0m /admin/assets/dist/js/all_2.min.38a2a946b0.js
2023-06-07T10:00:11.988+0800	controller/handler.go:24	[GoAdmin] [37;44m 200 [0m [37;104m GET   [0m /admin/assets/dist/fonts/fontawesome-webfont.woff2
2023-06-07T10:00:11.989+0800	controller/handler.go:24	[GoAdmin] [37;44m 200 [0m [37;104m GET   [0m /admin/assets/dist/css/fonts/6xK3dSBYKcSV-LCoeQqfX1RYOo3qOK7g.ttf
2023-06-07T10:00:12.064+0800	controller/handler.go:24	[GoAdmin] [37;44m 200 [0m [37;104m GET   [0m /admin/assets/dist/css/fonts/6xKydSBYKcSV-LCoeQqfX1RYOo3ig4vwlxdr.ttf
2023-06-07T10:00:14.878+0800	controller/handler.go:24	[GoAdmin] [37;44m 200 [0m [37;104m GET   [0m /admin/info/TClientVersionTable
2023-06-07T10:00:14.899+0800	controller/handler.go:24	[GoAdmin] [37;44m 200 [0m [37;104m GET   [0m /admin/assets/dist/css/blue.png
2023-06-07T10:00:14.952+0800	controller/handler.go:24	[GoAdmin] [37;44m 200 [0m [37;104m GET   [0m /admin/assets/dist/css/fonts/6xKydSBYKcSV-LCoeQqfX1RYOo3ik4zwlxdr.ttf
2023-06-07T10:00:24.793+0800	controller/handler.go:24	[GoAdmin] [37;44m 200 [0m [37;104m GET   [0m /admin/info/manager
2023-06-07T10:00:27.352+0800	controller/handler.go:24	[GoAdmin] [37;44m 302 [0m [37;104m GET   [0m /admin/logout
2023-06-07T10:00:27.358+0800	controller/handler.go:24	[GoAdmin] [37;44m 200 [0m [37;104m GET   [0m /admin/login
2023-06-07T10:00:31.439+0800	controller/handler.go:24	[GoAdmin] [37;44m 200 [0m [37;104m POST   [0m /admin/signin
2023-06-07T10:00:54.359+0800	controller/handler.go:24	[GoAdmin] [37;44m 200 [0m [37;104m GET   [0m /admin/info/TClientVersionTable
2023-06-07T10:02:50.146+0800	controller/handler.go:24	[GoAdmin] [37;44m 302 [0m [37;104m GET   [0m /admin/logout
2023-06-07T10:02:50.179+0800	controller/handler.go:24	[GoAdmin] [37;44m 200 [0m [37;104m GET   [0m /admin/login
2023-06-07T10:02:53.075+0800	controller/handler.go:24	[GoAdmin] [37;44m 200 [0m [37;104m POST   [0m /admin/signin
2023-06-07T10:03:08.652+0800	controller/handler.go:24	[GoAdmin] [37;44m 200 [0m [37;104m GET   [0m /admin/info/TClientVersionTable
2023-06-07T10:03:58.090+0800	controller/handler.go:24	[GoAdmin] [37;44m 200 [0m [37;104m GET   [0m /admin/info/manager
2023-06-07T10:03:58.714+0800	controller/handler.go:24	[GoAdmin] [37;44m 200 [0m [37;104m GET   [0m /admin/info/roles
2023-06-07T10:04:00.435+0800	controller/handler.go:24	[GoAdmin] [37;44m 200 [0m [37;104m GET   [0m /admin/info/roles/edit
2023-06-07T10:04:00.496+0800	controller/handler.go:24	[GoAdmin] [37;44m 200 [0m [37;104m GET   [0m /admin/assets/dist/fonts/glyphicons-halflings-regular.woff2
2023-06-07T10:04:45.945+0800	controller/handler.go:24	[GoAdmin] [37;44m 200 [0m [37;104m GET   [0m /admin/info/permission
2023-06-07T10:05:01.209+0800	controller/handler.go:24	[GoAdmin] [37;44m 200 [0m [37;104m GET   [0m /admin/info/permission/detail
2023-06-07T10:05:02.729+0800	controller/handler.go:24	[GoAdmin] [37;44m 302 [0m [37;104m GET   [0m /admin/logout
2023-06-07T10:05:02.735+0800	controller/handler.go:24	[GoAdmin] [37;44m 200 [0m [37;104m GET   [0m /admin/login
2023-06-07T10:05:04.855+0800	controller/handler.go:24	[GoAdmin] [37;44m 200 [0m [37;104m POST   [0m /admin/signin
2023-06-07T10:05:09.110+0800	controller/handler.go:24	[GoAdmin] [37;44m 200 [0m [37;104m GET   [0m /admin/info/TClientVersionTable
2023-06-07T10:05:14.625+0800	controller/handler.go:24	[GoAdmin] [37;44m 302 [0m [37;104m GET   [0m /admin/logout
2023-06-07T10:05:14.648+0800	controller/handler.go:24	[GoAdmin] [37;44m 200 [0m [37;104m GET   [0m /admin/login
2023-06-07T10:05:16.698+0800	controller/handler.go:24	[GoAdmin] [37;44m 200 [0m [37;104m POST   [0m /admin/signin
2023-06-07T10:05:19.056+0800	controller/handler.go:24	[GoAdmin] [37;44m 200 [0m [37;104m GET   [0m /admin/menu
2023-06-07T10:05:20.630+0800	controller/handler.go:24	[GoAdmin] [37;44m 200 [0m [37;104m GET   [0m /admin/info/permission
2023-06-07T10:05:22.081+0800	controller/handler.go:24	[GoAdmin] [37;44m 200 [0m [37;104m GET   [0m /admin/info/permission/new
2023-06-07T10:05:29.655+0800	controller/handler.go:24	[GoAdmin] [37;44m 200 [0m [37;104m POST   [0m /admin/new/permission
2023-06-07T10:05:34.667+0800	controller/handler.go:24	[GoAdmin] [37;44m 200 [0m [37;104m GET   [0m /admin/info/roles
2023-06-07T10:05:36.731+0800	controller/handler.go:24	[GoAdmin] [37;44m 200 [0m [37;104m GET   [0m /admin/info/roles/edit
2023-06-07T10:05:42.136+0800	controller/handler.go:24	[GoAdmin] [37;44m 200 [0m [37;104m POST   [0m /admin/edit/roles
2023-06-07T10:05:44.411+0800	controller/handler.go:24	[GoAdmin] [37;44m 302 [0m [37;104m GET   [0m /admin/logout
2023-06-07T10:05:44.419+0800	controller/handler.go:24	[GoAdmin] [37;44m 200 [0m [37;104m GET   [0m /admin/login
2023-06-07T10:05:46.411+0800	controller/handler.go:24	[GoAdmin] [37;44m 200 [0m [37;104m POST   [0m /admin/signin
2023-06-07T10:05:50.941+0800	controller/handler.go:24	[GoAdmin] [37;44m 200 [0m [37;104m GET   [0m /admin/info/TClientVersionTable
2023-06-07T14:17:56.789+0800	controller/handler.go:24	[GoAdmin] [37;44m 302 [0m [37;104m GET   [0m /admin/info/TClientVersionTable
2023-06-07T14:17:56.796+0800	controller/handler.go:24	[GoAdmin] [37;44m 200 [0m [37;104m GET   [0m /admin/login
2023-06-07T14:18:00.847+0800	controller/handler.go:24	[GoAdmin] [37;44m 200 [0m [37;104m POST   [0m /admin/signin
2023-06-07T14:18:00.861+0800	controller/handler.go:24	[GoAdmin] [37;44m 200 [0m [37;104m GET   [0m /admin/login
2023-06-07T14:18:02.814+0800	controller/handler.go:24	[GoAdmin] [37;44m 200 [0m [37;104m POST   [0m /admin/signin
2023-06-07T14:18:02.951+0800	controller/handler.go:24	[GoAdmin] [37;44m 200 [0m [37;104m GET   [0m /admin/assets/dist/js/all_2.min.38a2a946b0.js
2023-06-07T14:18:02.952+0800	controller/handler.go:24	[GoAdmin] [37;44m 200 [0m [37;104m GET   [0m /admin/assets/dist/js/all.min.8425540791.js
2023-06-07T14:18:02.956+0800	controller/handler.go:24	[GoAdmin] [37;44m 200 [0m [37;104m GET   [0m /admin/assets/dist/img/avatar04.png
2023-06-07T14:18:03.019+0800	controller/handler.go:24	[GoAdmin] [37;44m 200 [0m [37;104m GET   [0m /admin/assets/dist/fonts/fontawesome-webfont.woff2
2023-06-07T14:18:03.020+0800	controller/handler.go:24	[GoAdmin] [37;44m 200 [0m [37;104m GET   [0m /admin/assets/dist/css/fonts/6xK3dSBYKcSV-LCoeQqfX1RYOo3qOK7g.ttf
2023-06-07T14:18:03.043+0800	controller/handler.go:24	[GoAdmin] [37;44m 200 [0m [37;104m GET   [0m /admin/assets/dist/css/fonts/6xKydSBYKcSV-LCoeQqfX1RYOo3ig4vwlxdr.ttf
2023-06-07T14:18:05.536+0800	controller/handler.go:24	[GoAdmin] [37;44m 302 [0m [37;104m GET   [0m /admin/logout
2023-06-07T14:18:05.541+0800	controller/handler.go:24	[GoAdmin] [37;44m 200 [0m [37;104m GET   [0m /admin/login
2023-06-07T14:18:07.937+0800	controller/handler.go:24	[GoAdmin] [37;44m 200 [0m [37;104m POST   [0m /admin/signin
2023-06-07T14:18:08.943+0800	controller/handler.go:24	[GoAdmin] [37;44m 200 [0m [37;104m GET   [0m /admin/info/TClientVersionTable
2023-06-07T14:18:08.979+0800	controller/handler.go:24	[GoAdmin] [37;44m 200 [0m [37;104m GET   [0m /admin/assets/dist/css/fonts/6xKydSBYKcSV-LCoeQqfX1RYOo3ik4zwlxdr.ttf
2023-06-07T14:18:20.186+0800	controller/handler.go:24	[GoAdmin] [37;44m 302 [0m [37;104m GET   [0m /admin/logout
2023-06-07T14:18:20.202+0800	controller/handler.go:24	[GoAdmin] [37;44m 200 [0m [37;104m GET   [0m /admin/login
2023-06-07T14:18:21.225+0800	controller/handler.go:24	[GoAdmin] [37;44m 200 [0m [37;104m POST   [0m /admin/signin
2023-06-07T14:18:24.360+0800	controller/handler.go:24	[GoAdmin] [37;44m 200 [0m [37;104m GET   [0m /admin/info/TClientVersionTable
2023-06-07T14:18:44.884+0800	controller/handler.go:24	[GoAdmin] [37;44m 200 [0m [37;104m GET   [0m /admin/info/TClientVersionTable
2023-06-07T14:18:46.113+0800	controller/handler.go:24	[GoAdmin] [37;44m 302 [0m [37;104m GET   [0m /admin/logout
2023-06-07T14:18:46.123+0800	controller/handler.go:24	[GoAdmin] [37;44m 200 [0m [37;104m GET   [0m /admin/login
2023-06-07T14:18:47.381+0800	controller/handler.go:24	[GoAdmin] [37;44m 200 [0m [37;104m POST   [0m /admin/signin
2023-06-07T14:18:48.552+0800	controller/handler.go:24	[GoAdmin] [37;44m 200 [0m [37;104m GET   [0m /admin/info/TClientVersionTable
2023-06-07T14:18:48.929+0800	controller/handler.go:24	[GoAdmin] [37;44m 200 [0m [37;104m GET   [0m /admin/info/TClientVersionTable
2023-06-07T14:18:50.054+0800	controller/handler.go:24	[GoAdmin] [37;44m 302 [0m [37;104m GET   [0m /admin/logout
2023-06-07T14:18:50.060+0800	controller/handler.go:24	[GoAdmin] [37;44m 200 [0m [37;104m GET   [0m /admin/login
2023-06-07T14:18:52.215+0800	controller/handler.go:24	[GoAdmin] [37;44m 200 [0m [37;104m POST   [0m /admin/signin
2023-06-07T14:18:54.853+0800	controller/handler.go:24	[GoAdmin] [37;44m 200 [0m [37;104m GET   [0m /admin/menu
2023-06-07T14:18:56.222+0800	controller/handler.go:24	[GoAdmin] [37;44m 200 [0m [37;104m GET   [0m /admin/info/permission
2023-06-07T14:18:57.590+0800	controller/handler.go:24	[GoAdmin] [37;44m 200 [0m [37;104m GET   [0m /admin/info/permission/edit
2023-06-07T14:19:04.680+0800	controller/handler.go:24	[GoAdmin] [37;44m 200 [0m [37;104m POST   [0m /admin/edit/permission
2023-06-07T14:19:08.428+0800	controller/handler.go:24	[GoAdmin] [37;44m 200 [0m [37;104m GET   [0m /admin/info/roles
2023-06-07T14:19:09.911+0800	controller/handler.go:24	[GoAdmin] [37;44m 200 [0m [37;104m GET   [0m /admin/info/roles/edit
2023-06-07T14:19:10.008+0800	controller/handler.go:24	[GoAdmin] [37;44m 200 [0m [37;104m GET   [0m /admin/assets/dist/fonts/glyphicons-halflings-regular.woff2
2023-06-07T14:19:11.592+0800	controller/handler.go:24	[GoAdmin] [37;44m 200 [0m [37;104m GET   [0m /admin/info/roles/edit
2023-06-07T14:19:14.875+0800	controller/handler.go:24	[GoAdmin] [37;44m 302 [0m [37;104m GET   [0m /admin/logout
2023-06-07T14:19:14.881+0800	controller/handler.go:24	[GoAdmin] [37;44m 200 [0m [37;104m GET   [0m /admin/login
2023-06-07T14:19:17.280+0800	controller/handler.go:24	[GoAdmin] [37;44m 200 [0m [37;104m POST   [0m /admin/signin
2023-06-07T14:19:18.129+0800	controller/handler.go:24	[GoAdmin] [37;44m 200 [0m [37;104m GET   [0m /admin/info/TClientVersionTable
2023-06-07T14:19:26.559+0800	controller/handler.go:24	[GoAdmin] [37;44m 200 [0m [37;104m POST   [0m /admin/signin
2023-06-07T14:19:31.702+0800	controller/handler.go:24	[GoAdmin] [37;44m 200 [0m [37;104m GET   [0m /admin/info/TClientVersionTable
2023-06-07T14:19:33.044+0800	controller/handler.go:24	[GoAdmin] [37;44m 200 [0m [37;104m GET   [0m /admin/info/TClientVersionTable
2023-06-07T14:19:33.452+0800	controller/handler.go:24	[GoAdmin] [37;44m 200 [0m [37;104m GET   [0m /admin/info/TClientVersionTable
2023-06-07T14:19:33.732+0800	controller/handler.go:24	[GoAdmin] [37;44m 200 [0m [37;104m GET   [0m /admin/info/TClientVersionTable
2023-06-07T14:19:33.915+0800	controller/handler.go:24	[GoAdmin] [37;44m 200 [0m [37;104m GET   [0m /admin/info/TClientVersionTable
2023-06-07T14:19:34.119+0800	controller/handler.go:24	[GoAdmin] [37;44m 200 [0m [37;104m GET   [0m /admin/info/TClientVersionTable
2023-06-07T14:19:34.284+0800	controller/handler.go:24	[GoAdmin] [37;44m 200 [0m [37;104m GET   [0m /admin/info/TClientVersionTable
2023-06-07T14:19:35.606+0800	controller/handler.go:24	[GoAdmin] [37;44m 302 [0m [37;104m GET   [0m /admin/logout
2023-06-07T14:19:35.612+0800	controller/handler.go:24	[GoAdmin] [37;44m 200 [0m [37;104m GET   [0m /admin/login
2023-06-07T14:19:42.782+0800	controller/handler.go:24	[GoAdmin] [37;44m 200 [0m [37;104m POST   [0m /admin/signin
2023-06-07T14:19:49.753+0800	controller/handler.go:24	[GoAdmin] [37;44m 200 [0m [37;104m GET   [0m /admin/info/permission
2023-06-07T14:19:51.965+0800	controller/handler.go:24	[GoAdmin] [37;44m 200 [0m [37;104m GET   [0m /admin/info/op
2023-06-07T14:19:52.604+0800	controller/handler.go:24	[GoAdmin] [37;44m 200 [0m [37;104m GET   [0m /admin/info/roles
2023-06-07T14:19:54.411+0800	controller/handler.go:24	[GoAdmin] [37;44m 200 [0m [37;104m GET   [0m /admin/info/roles/edit
2023-06-07T14:19:57.208+0800	controller/handler.go:24	[GoAdmin] [37;44m 200 [0m [37;104m GET   [0m /admin/info/permission
2023-06-07T14:19:59.139+0800	controller/handler.go:24	[GoAdmin] [37;44m 200 [0m [37;104m GET   [0m /admin/info/permission/edit
2023-06-07T14:20:02.495+0800	controller/handler.go:24	[GoAdmin] [37;44m 200 [0m [37;104m POST   [0m /admin/edit/permission
2023-06-07T14:20:08.574+0800	controller/handler.go:24	[GoAdmin] [37;44m 200 [0m [37;104m GET   [0m /admin/info/permission
2023-06-07T14:20:10.104+0800	controller/handler.go:24	[GoAdmin] [37;44m 302 [0m [37;104m GET   [0m /admin/logout
2023-06-07T14:20:10.112+0800	controller/handler.go:24	[GoAdmin] [37;44m 200 [0m [37;104m GET   [0m /admin/login
2023-06-07T14:20:12.618+0800	controller/handler.go:24	[GoAdmin] [37;44m 200 [0m [37;104m POST   [0m /admin/signin
2023-06-07T14:20:13.364+0800	controller/handler.go:24	[GoAdmin] [37;44m 200 [0m [37;104m GET   [0m /admin/info/TClientVersionTable
2023-06-07T14:20:18.359+0800	controller/handler.go:24	[GoAdmin] [37;44m 200 [0m [37;104m POST   [0m /admin/signin
2023-06-07T14:20:20.441+0800	controller/handler.go:24	[GoAdmin] [37;44m 200 [0m [37;104m GET   [0m /admin/info/TClientVersionTable
2023-06-07T14:20:25.067+0800	controller/handler.go:24	[GoAdmin] [37;44m 200 [0m [37;104m GET   [0m /admin/info/normal_manager/edit
2023-06-07T14:20:25.085+0800	controller/handler.go:24	[GoAdmin] [37;44m 200 [0m [37;104m GET   [0m /admin/assets/dist/css/fonts/6xKydSBYKcSV-LCoeQqfX1RYOo3i54rwlxdr.ttf
2023-06-07T14:20:26.840+0800	controller/handler.go:24	[GoAdmin] [37;44m 302 [0m [37;104m GET   [0m /admin/logout
2023-06-07T14:20:26.845+0800	controller/handler.go:24	[GoAdmin] [37;44m 200 [0m [37;104m GET   [0m /admin/login
2023-06-07T14:20:29.549+0800	controller/handler.go:24	[GoAdmin] [37;44m 200 [0m [37;104m POST   [0m /admin/signin
2023-06-07T14:20:59.578+0800	controller/handler.go:24	[GoAdmin] [37;44m 302 [0m [37;104m GET   [0m /admin/logout
2023-06-07T14:20:59.584+0800	controller/handler.go:24	[GoAdmin] [37;44m 200 [0m [37;104m GET   [0m /admin/login
2023-06-07T14:21:01.736+0800	controller/handler.go:24	[GoAdmin] [37;44m 200 [0m [37;104m POST   [0m /admin/signin
2023-06-07T14:21:03.234+0800	controller/handler.go:24	[GoAdmin] [37;44m 200 [0m [37;104m GET   [0m /admin/info/TClientVersionTable
2023-06-07T14:21:11.252+0800	controller/handler.go:24	[GoAdmin] [37;44m 200 [0m [37;104m POST   [0m /admin/operation/_test_ajax12345678
2023-06-07T14:21:23.537+0800	controller/handler.go:24	[GoAdmin] [37;44m 200 [0m [37;104m GET   [0m /admin/info/TClientVersionTable
2023-06-07T14:21:28.374+0800	controller/handler.go:24	[GoAdmin] [37;44m 200 [0m [37;104m GET   [0m /admin/menu
2023-06-07T14:21:29.088+0800	controller/handler.go:24	[GoAdmin] [37;44m 200 [0m [37;104m GET   [0m /admin/info/permission
2023-06-07T14:21:34.386+0800	controller/handler.go:24	[GoAdmin] [37;44m 200 [0m [37;104m GET   [0m /admin/info/roles
2023-06-07T14:21:36.826+0800	controller/handler.go:24	[GoAdmin] [37;44m 200 [0m [37;104m GET   [0m /admin/info/roles/edit
2023-06-07T14:21:55.244+0800	controller/handler.go:24	[GoAdmin] [37;44m 200 [0m [37;104m GET   [0m /admin/info/roles/edit
2023-06-07T14:22:46.720+0800	controller/handler.go:24	[GoAdmin] [37;44m 200 [0m [37;104m GET   [0m /admin/info/permission
2023-06-07T14:22:48.617+0800	controller/handler.go:24	[GoAdmin] [37;44m 200 [0m [37;104m GET   [0m /admin/info/permission/edit
2023-06-07T14:22:50.989+0800	controller/handler.go:24	[GoAdmin] [37;44m 200 [0m [37;104m POST   [0m /admin/edit/permission
2023-06-07T14:22:57.111+0800	controller/handler.go:24	[GoAdmin] [37;44m 200 [0m [37;104m GET   [0m /admin/info/permission
2023-06-07T14:23:02.505+0800	controller/handler.go:24	[GoAdmin] [37;44m 302 [0m [37;104m GET   [0m /admin/logout
2023-06-07T14:23:02.509+0800	controller/handler.go:24	[GoAdmin] [37;44m 200 [0m [37;104m GET   [0m /admin/login
2023-06-07T14:23:04.592+0800	controller/handler.go:24	[GoAdmin] [37;44m 200 [0m [37;104m POST   [0m /admin/signin
2023-06-07T14:23:05.618+0800	controller/handler.go:24	[GoAdmin] [37;44m 200 [0m [37;104m GET   [0m /admin/info/TClientVersionTable
2023-06-07T14:23:11.247+0800	controller/handler.go:24	[GoAdmin] [37;44m 200 [0m [37;104m GET   [0m /admin/info/TClientVersionTable
2023-06-07T14:24:26.980+0800	controller/handler.go:24	[GoAdmin] [37;44m 200 [0m [37;104m GET   [0m /admin/info/TClientVersionTable
2023-06-07T14:24:27.274+0800	controller/handler.go:24	[GoAdmin] [37;44m 200 [0m [37;104m GET   [0m /admin/info/TClientVersionTable
2023-06-07T14:24:29.481+0800	controller/handler.go:24	[GoAdmin] [37;44m 200 [0m [37;104m GET   [0m /admin/info/TClientVersionTable
2023-06-07T14:24:32.860+0800	controller/handler.go:24	[GoAdmin] [37;44m 302 [0m [37;104m GET   [0m /admin/logout
2023-06-07T14:24:32.866+0800	controller/handler.go:24	[GoAdmin] [37;44m 200 [0m [37;104m GET   [0m /admin/login
2023-06-07T14:24:34.709+0800	controller/handler.go:24	[GoAdmin] [37;44m 200 [0m [37;104m POST   [0m /admin/signin
2023-06-07T14:24:36.786+0800	controller/handler.go:24	[GoAdmin] [37;44m 200 [0m [37;104m GET   [0m /admin/info/TClientVersionTable
2023-06-07T14:25:10.064+0800	controller/handler.go:24	[GoAdmin] [37;44m 200 [0m [37;104m GET   [0m /admin/info/TClientVersionTable
2023-06-07T14:26:46.659+0800	controller/handler.go:24	[GoAdmin] [37;44m 200 [0m [37;104m GET   [0m /admin/info/TClientVersionTable
2023-06-07T14:26:49.126+0800	controller/handler.go:24	[GoAdmin] [37;44m 302 [0m [37;104m GET   [0m /admin/logout
2023-06-07T14:26:49.134+0800	controller/handler.go:24	[GoAdmin] [37;44m 200 [0m [37;104m GET   [0m /admin/login
2023-06-07T14:26:51.734+0800	controller/handler.go:24	[GoAdmin] [37;44m 200 [0m [37;104m POST   [0m /admin/signin
2023-06-07T14:26:52.978+0800	controller/handler.go:24	[GoAdmin] [37;44m 200 [0m [37;104m GET   [0m /admin/info/TClientVersionTable
2023-06-07T16:54:43.753+0800	controller/handler.go:24	[GoAdmin] [37;44m 200 [0m [37;104m POST   [0m /admin/signin
2023-06-07T16:54:46.895+0800	controller/handler.go:24	[GoAdmin] [37;44m 200 [0m [37;104m GET   [0m /admin/info/TClientVersionTable
2023-06-07T16:55:18.407+0800	controller/handler.go:24	[GoAdmin] [37;44m 200 [0m [37;104m POST   [0m /admin/operation/_test_ajax222
2023-06-07T16:55:29.637+0800	controller/handler.go:24	[GoAdmin] [37;44m 200 [0m [37;104m GET   [0m /admin/info/TClientVersionTable
2023-06-07T16:55:31.461+0800	controller/handler.go:24	[GoAdmin] [37;44m 200 [0m [37;104m POST   [0m /admin/operation/_test_ajax
2023-06-07T16:55:32.871+0800	controller/handler.go:24	[GoAdmin] [37;44m 200 [0m [37;104m GET   [0m /admin/info/TClientVersionTable
2023-06-07T16:55:38.435+0800	controller/handler.go:24	[GoAdmin] [37;44m 200 [0m [37;104m POST   [0m /admin/operation/_test_ajax222
2023-06-07T16:55:39.380+0800	controller/handler.go:24	[GoAdmin] [37;44m 200 [0m [37;104m POST   [0m /admin/operation/_test_ajax222
2023-06-07T16:55:39.382+0800	controller/handler.go:24	[GoAdmin] [37;44m 200 [0m [37;104m GET   [0m /admin/info/TClientVersionTable
2023-06-07T16:56:21.717+0800	controller/handler.go:24	[GoAdmin] [37;44m 200 [0m [37;104m GET   [0m /admin/info/TClientVersionTable
2023-06-07T16:56:28.424+0800	controller/handler.go:24	[GoAdmin] [37;44m 200 [0m [37;104m POST   [0m /admin/operation/_test_ajax222
2023-06-07T16:56:28.443+0800	controller/handler.go:24	[GoAdmin] [37;44m 200 [0m [37;104m GET   [0m /admin/info/TClientVersionTable
2023-06-07T16:56:30.422+0800	controller/handler.go:24	[GoAdmin] [37;44m 200 [0m [37;104m GET   [0m /admin/info/TClientVersionTable
2023-06-07T16:56:33.475+0800	controller/handler.go:24	[GoAdmin] [37;44m 200 [0m [37;104m POST   [0m /admin/operation/_test_ajax222
2023-06-07T16:56:34.824+0800	controller/handler.go:24	[GoAdmin] [37;44m 200 [0m [37;104m GET   [0m /admin/info/TClientVersionTable
2023-06-07T16:56:37.300+0800	controller/handler.go:24	[GoAdmin] [37;44m 200 [0m [37;104m POST   [0m /admin/operation/_test_ajax222
2023-06-07T16:56:38.753+0800	controller/handler.go:24	[GoAdmin] [37;44m 200 [0m [37;104m GET   [0m /admin/info/TClientVersionTable
2023-06-07T16:56:53.589+0800	controller/handler.go:24	[GoAdmin] [37;44m 200 [0m [37;104m POST   [0m /admin/operation/_test_ajax222
2023-06-07T16:56:54.752+0800	controller/handler.go:24	[GoAdmin] [37;44m 200 [0m [37;104m GET   [0m /admin/info/TClientVersionTable
2023-06-07T16:56:56.663+0800	controller/handler.go:24	[GoAdmin] [37;44m 200 [0m [37;104m POST   [0m /admin/operation/_test_ajax
2023-06-07T16:56:58.144+0800	controller/handler.go:24	[GoAdmin] [37;44m 200 [0m [37;104m GET   [0m /admin/info/TClientVersionTable
2023-06-07T16:56:58.748+0800	controller/handler.go:24	[GoAdmin] [37;44m 200 [0m [37;104m GET   [0m /admin/info/TClientVersionTable
2023-06-07T16:56:58.871+0800	controller/handler.go:24	[GoAdmin] [37;44m 200 [0m [37;104m GET   [0m /admin/info/TClientVersionTable
2023-06-07T16:56:58.955+0800	controller/handler.go:24	[GoAdmin] [37;44m 200 [0m [37;104m GET   [0m /admin/info/TClientVersionTable
2023-06-07T16:56:59.054+0800	controller/handler.go:24	[GoAdmin] [37;44m 200 [0m [37;104m GET   [0m /admin/info/TClientVersionTable
2023-06-07T16:56:59.167+0800	controller/handler.go:24	[GoAdmin] [37;44m 200 [0m [37;104m GET   [0m /admin/info/TClientVersionTable
2023-06-07T16:56:59.652+0800	controller/handler.go:24	[GoAdmin] [37;44m 200 [0m [37;104m POST   [0m /admin/operation/_test_ajax
2023-06-07T16:57:01.190+0800	controller/handler.go:24	[GoAdmin] [37;44m 200 [0m [37;104m GET   [0m /admin/info/TClientVersionTable
2023-06-07T16:57:42.305+0800	controller/handler.go:24	[GoAdmin] [37;44m 200 [0m [37;104m GET   [0m /admin/info/TClientVersionTable
2023-06-07T16:57:48.537+0800	controller/handler.go:24	[GoAdmin] [37;44m 200 [0m [37;104m GET   [0m /admin/info/TClientVersionTable
2023-06-07T16:57:48.538+0800	controller/handler.go:24	[GoAdmin] [37;44m 200 [0m [37;104m GET   [0m /admin/info/TClientVersionTable
2023-06-07T16:57:48.545+0800	controller/handler.go:24	[GoAdmin] [37;44m 200 [0m [37;104m GET   [0m /admin/info/TClientVersionTable
2023-06-07T16:57:48.547+0800	controller/handler.go:24	[GoAdmin] [37;44m 200 [0m [37;104m GET   [0m /admin/info/TClientVersionTable
2023-06-07T16:57:48.552+0800	controller/handler.go:24	[GoAdmin] [37;44m 200 [0m [37;104m GET   [0m /admin/info/TClientVersionTable
2023-06-07T16:57:48.578+0800	controller/handler.go:24	[GoAdmin] [37;44m 200 [0m [37;104m POST   [0m /admin/operation/_test_ajax
2023-06-07T16:57:51.661+0800	controller/handler.go:24	[GoAdmin] [37;44m 200 [0m [37;104m GET   [0m /admin/info/TClientVersionTable
2023-06-07T16:57:52.369+0800	controller/handler.go:24	[GoAdmin] [37;44m 200 [0m [37;104m POST   [0m /admin/operation/_test_ajax
2023-06-07T16:57:53.288+0800	controller/handler.go:24	[GoAdmin] [37;44m 200 [0m [37;104m GET   [0m /admin/info/TClientVersionTable
2023-06-07T16:57:53.814+0800	controller/handler.go:24	[GoAdmin] [37;44m 200 [0m [37;104m GET   [0m /admin/info/TClientVersionTable
2023-06-07T16:57:53.961+0800	controller/handler.go:24	[GoAdmin] [37;44m 200 [0m [37;104m GET   [0m /admin/info/TClientVersionTable
2023-06-07T16:57:55.623+0800	controller/handler.go:24	[GoAdmin] [37;44m 200 [0m [37;104m POST   [0m /admin/operation/_test_ajax
2023-06-07T16:57:56.587+0800	controller/handler.go:24	[GoAdmin] [37;44m 200 [0m [37;104m GET   [0m /admin/info/TClientVersionTable
2023-06-07T16:57:57.653+0800	controller/handler.go:24	[GoAdmin] [37;44m 200 [0m [37;104m POST   [0m /admin/operation/_test_ajax
2023-06-07T16:57:58.595+0800	controller/handler.go:24	[GoAdmin] [37;44m 200 [0m [37;104m GET   [0m /admin/info/TClientVersionTable
2023-06-22T22:13:10.151+0800	controller/handler.go:24	[GoAdmin] [37;44m 302 [0m [37;104m GET   [0m /admin/info/TClientVersionTable
2023-06-22T22:13:10.161+0800	controller/handler.go:24	[GoAdmin] [37;44m 200 [0m [37;104m GET   [0m /admin/login
2023-06-22T22:13:10.267+0800	controller/handler.go:24	[GoAdmin] [37;44m 200 [0m [37;104m GET   [0m /admin/assets/login/dist/all.min.css
2023-06-22T22:13:10.271+0800	controller/handler.go:24	[GoAdmin] [37;44m 200 [0m [37;104m GET   [0m /admin/assets/login/dist/all.min.js
2023-06-22T22:13:12.869+0800	controller/handler.go:24	[GoAdmin] [37;44m 200 [0m [37;104m POST   [0m /admin/signin
2023-06-22T22:13:13.056+0800	controller/handler.go:24	[GoAdmin] [37;44m 200 [0m [37;104m GET   [0m /admin/assets/dist/css/all.min.7bcc29700e.css
2023-06-22T22:13:13.065+0800	controller/handler.go:24	[GoAdmin] [37;44m 200 [0m [37;104m GET   [0m /admin/assets/dist/js/all.min.8425540791.js
2023-06-22T22:13:13.097+0800	controller/handler.go:24	[GoAdmin] [37;44m 200 [0m [37;104m GET   [0m /admin/assets/dist/js/treeview.min.7780d3bb0f.js
2023-06-22T22:13:13.100+0800	controller/handler.go:24	[GoAdmin] [37;44m 200 [0m [37;104m GET   [0m /admin/assets/dist/js/form.min.f8678914e9.js
2023-06-22T22:13:13.103+0800	controller/handler.go:24	[GoAdmin] [37;44m 200 [0m [37;104m GET   [0m /admin/assets/dist/img/avatar04.png
2023-06-22T22:13:13.107+0800	controller/handler.go:24	[GoAdmin] [37;44m 200 [0m [37;104m GET   [0m /admin/assets/dist/js/datatable.min.581cdc109b.js
2023-06-22T22:13:13.107+0800	controller/handler.go:24	[GoAdmin] [37;44m 200 [0m [37;104m GET   [0m /admin/assets/chart.min.js
2023-06-22T22:13:13.108+0800	controller/handler.go:24	[GoAdmin] [37;44m 200 [0m [37;104m GET   [0m /admin/assets/dist/js/all_2.min.38a2a946b0.js
2023-06-22T22:13:13.108+0800	controller/handler.go:24	[GoAdmin] [37;44m 200 [0m [37;104m GET   [0m /admin/assets/dist/js/tree.min.e1faf8b7de.js
2023-06-22T22:13:13.129+0800	controller/handler.go:24	[GoAdmin] [37;44m 200 [0m [37;104m GET   [0m /admin/assets/dist/fonts/fontawesome-webfont.woff2
2023-06-22T22:13:13.130+0800	controller/handler.go:24	[GoAdmin] [37;44m 200 [0m [37;104m GET   [0m /admin/assets/dist/css/fonts/6xK3dSBYKcSV-LCoeQqfX1RYOo3qOK7g.ttf
2023-06-22T22:13:13.189+0800	controller/handler.go:24	[GoAdmin] [37;44m 200 [0m [37;104m GET   [0m /admin/assets/dist/css/fonts/6xKydSBYKcSV-LCoeQqfX1RYOo3ig4vwlxdr.ttf
2023-06-22T22:13:22.332+0800	controller/handler.go:24	[GoAdmin] [37;44m 200 [0m [37;104m GET   [0m /admin/assets/dist/css/fonts/6xKydSBYKcSV-LCoeQqfX1RYOo3ik4zwlxdr.ttf
2023-06-22T22:13:22.332+0800	controller/handler.go:24	[GoAdmin] [37;44m 200 [0m [37;104m GET   [0m /admin/assets/dist/fonts/glyphicons-halflings-regular.woff2
2023-07-08T13:54:11.255+0800	controller/handler.go:24	[GoAdmin] [37;44m 302 [0m [37;104m GET   [0m /admin/info/Log_Player_FingerGuess
2023-07-08T13:54:11.262+0800	controller/handler.go:24	[GoAdmin] [37;44m 200 [0m [37;104m GET   [0m /admin/login
2023-07-08T13:54:13.123+0800	controller/handler.go:24	[GoAdmin] [37;44m 200 [0m [37;104m POST   [0m /admin/signin
2023-07-08T13:54:13.133+0800	controller/handler.go:24	[GoAdmin] [37;44m 200 [0m [37;104m GET   [0m /admin/login
2023-07-08T13:54:15.353+0800	controller/handler.go:24	[GoAdmin] [37;44m 200 [0m [37;104m POST   [0m /admin/signin
2023-07-10T12:00:07.482+0800	controller/handler.go:24	[GoAdmin] [37;44m 200 [0m [37;104m GET   [0m /admin/login
2023-07-10T12:00:07.587+0800	controller/handler.go:24	[GoAdmin] [37;44m 200 [0m [37;104m GET   [0m /admin/assets/login/dist/all.min.js
2023-07-10T12:00:07.587+0800	controller/handler.go:24	[GoAdmin] [37;44m 200 [0m [37;104m GET   [0m /admin/assets/login/dist/all.min.css
2023-07-10T12:00:11.780+0800	controller/handler.go:24	[GoAdmin] [37;44m 200 [0m [37;104m POST   [0m /admin/signin
2023-07-10T12:00:11.862+0800	controller/handler.go:24	[GoAdmin] [37;44m 200 [0m [37;104m GET   [0m /admin/assets/dist/css/all.min.7bcc29700e.css
2023-07-10T12:00:11.871+0800	controller/handler.go:24	[GoAdmin] [37;44m 200 [0m [37;104m GET   [0m /admin/assets/dist/js/all.min.8425540791.js
2023-07-10T12:00:11.871+0800	controller/handler.go:24	[GoAdmin] [37;44m 200 [0m [37;104m GET   [0m /admin/assets/dist/js/treeview.min.7780d3bb0f.js
2023-07-10T12:00:11.880+0800	controller/handler.go:24	[GoAdmin] [37;44m 200 [0m [37;104m GET   [0m /admin/assets/dist/js/datatable.min.581cdc109b.js
2023-07-10T12:00:11.908+0800	controller/handler.go:24	[GoAdmin] [37;44m 200 [0m [37;104m GET   [0m /admin/assets/dist/js/tree.min.e1faf8b7de.js
2023-07-10T12:00:11.911+0800	controller/handler.go:24	[GoAdmin] [37;44m 200 [0m [37;104m GET   [0m /admin/assets/dist/js/all_2.min.38a2a946b0.js
2023-07-10T12:00:11.911+0800	controller/handler.go:24	[GoAdmin] [37;44m 200 [0m [37;104m GET   [0m /admin/assets/dist/img/avatar04.png
2023-07-10T12:00:11.911+0800	controller/handler.go:24	[GoAdmin] [37;44m 200 [0m [37;104m GET   [0m /admin/assets/chart.min.js
2023-07-10T12:00:11.913+0800	controller/handler.go:24	[GoAdmin] [37;44m 200 [0m [37;104m GET   [0m /admin/assets/dist/js/form.min.f8678914e9.js
2023-07-10T12:00:11.944+0800	controller/handler.go:24	[GoAdmin] [37;44m 200 [0m [37;104m GET   [0m /admin/assets/dist/fonts/fontawesome-webfont.woff2
2023-07-10T12:00:11.945+0800	controller/handler.go:24	[GoAdmin] [37;44m 200 [0m [37;104m GET   [0m /admin/assets/dist/css/fonts/6xK3dSBYKcSV-LCoeQqfX1RYOo3qOK7g.ttf
2023-07-10T12:00:12.003+0800	controller/handler.go:24	[GoAdmin] [37;44m 200 [0m [37;104m GET   [0m /admin/assets/dist/css/fonts/6xKydSBYKcSV-LCoeQqfX1RYOo3ig4vwlxdr.ttf
2023-07-10T12:00:15.298+0800	controller/handler.go:24	[GoAdmin] [37;44m 200 [0m [37;104m GET   [0m /admin/assets/dist/css/fonts/6xKydSBYKcSV-LCoeQqfX1RYOo3ik4zwlxdr.ttf
2023-09-22T17:01:43.964+0800	controller/handler.go:24	[GoAdmin] [37;44m 302 [0m [37;104m GET   [0m /admin/info/ItemLog
2023-09-22T17:01:43.988+0800	controller/handler.go:24	[GoAdmin] [37;44m 200 [0m [37;104m GET   [0m /admin/login
2023-09-22T17:01:44.047+0800	controller/handler.go:24	[GoAdmin] [37;44m 200 [0m [37;104m GET   [0m /admin/assets/login/dist/all.min.js
2023-09-22T17:01:44.047+0800	controller/handler.go:24	[GoAdmin] [37;44m 200 [0m [37;104m GET   [0m /admin/assets/login/dist/all.min.css
2023-09-22T17:01:46.433+0800	controller/handler.go:24	[GoAdmin] [37;44m 200 [0m [37;104m POST   [0m /admin/signin
2023-09-22T17:01:46.730+0800	controller/handler.go:24	[GoAdmin] [37;44m 200 [0m [37;104m GET   [0m /admin/assets/dist/js/all.min.8425540791.js
2023-09-22T17:01:46.738+0800	controller/handler.go:24	[GoAdmin] [37;44m 200 [0m [37;104m GET   [0m /admin/assets/dist/css/all.min.7bcc29700e.css
2023-09-22T17:01:46.744+0800	controller/handler.go:24	[GoAdmin] [37;44m 200 [0m [37;104m GET   [0m /admin/assets/dist/js/tree.min.e1faf8b7de.js
2023-09-22T17:01:46.747+0800	controller/handler.go:24	[GoAdmin] [37;44m 200 [0m [37;104m GET   [0m /admin/assets/dist/js/treeview.min.7780d3bb0f.js
2023-09-22T17:01:46.753+0800	controller/handler.go:24	[GoAdmin] [37;44m 200 [0m [37;104m GET   [0m /admin/assets/dist/js/datatable.min.581cdc109b.js
2023-09-22T17:01:46.776+0800	controller/handler.go:24	[GoAdmin] [37;44m 200 [0m [37;104m GET   [0m /admin/assets/chart.min.js
2023-09-22T17:01:46.802+0800	controller/handler.go:24	[GoAdmin] [37;44m 200 [0m [37;104m GET   [0m /admin/assets/dist/img/avatar04.png
2023-09-22T17:01:46.805+0800	controller/handler.go:24	[GoAdmin] [37;44m 200 [0m [37;104m GET   [0m /admin/assets/dist/js/form.min.f8678914e9.js
2023-09-22T17:01:46.805+0800	controller/handler.go:24	[GoAdmin] [37;44m 200 [0m [37;104m GET   [0m /admin/assets/dist/js/all_2.min.38a2a946b0.js
2023-09-22T17:01:46.808+0800	controller/handler.go:24	[GoAdmin] [37;44m 200 [0m [37;104m GET   [0m /admin/assets/dist/fonts/fontawesome-webfont.woff2
2023-09-22T17:01:46.811+0800	controller/handler.go:24	[GoAdmin] [37;44m 200 [0m [37;104m GET   [0m /admin/assets/dist/css/fonts/6xK3dSBYKcSV-LCoeQqfX1RYOo3qOK7g.ttf
2023-09-22T17:01:46.890+0800	controller/handler.go:24	[GoAdmin] [37;44m 200 [0m [37;104m GET   [0m /admin/assets/dist/css/fonts/6xKydSBYKcSV-LCoeQqfX1RYOo3ig4vwlxdr.ttf
2023-09-22T17:01:52.403+0800	controller/handler.go:24	[GoAdmin] [37;44m 200 [0m [37;104m GET   [0m /admin/assets/dist/css/fonts/6xKydSBYKcSV-LCoeQqfX1RYOo3ik4zwlxdr.ttf
2023-09-25T15:44:00.444+0800	controller/handler.go:24	[GoAdmin] [37;44m 200 [0m [37;104m GET   [0m /admin/login
2023-09-25T15:44:00.512+0800	controller/handler.go:24	[GoAdmin] [37;44m 200 [0m [37;104m GET   [0m /admin/assets/login/dist/all.min.js
2023-09-25T15:44:00.512+0800	controller/handler.go:24	[GoAdmin] [37;44m 200 [0m [37;104m GET   [0m /admin/assets/login/dist/all.min.css
2023-09-25T15:44:03.961+0800	controller/handler.go:24	[GoAdmin] [37;44m 200 [0m [37;104m POST   [0m /admin/signin
2023-09-25T15:44:03.975+0800	controller/handler.go:24	[GoAdmin] [37;44m 200 [0m [37;104m GET   [0m /admin/login
2023-09-25T15:44:04.245+0800	controller/handler.go:24	[GoAdmin] [37;44m 200 [0m [37;104m POST   [0m /admin/signin
2023-09-25T15:44:04.890+0800	controller/handler.go:24	[GoAdmin] [37;44m 200 [0m [37;104m POST   [0m /admin/signin
2023-09-25T15:44:05.376+0800	controller/handler.go:24	[GoAdmin] [37;44m 200 [0m [37;104m GET   [0m /admin/assets/dist/js/all.min.8425540791.js
2023-09-25T15:44:05.383+0800	controller/handler.go:24	[GoAdmin] [37;44m 200 [0m [37;104m GET   [0m /admin/assets/dist/css/all.min.7bcc29700e.css
2023-09-25T15:44:05.426+0800	controller/handler.go:24	[GoAdmin] [37;44m 200 [0m [37;104m GET   [0m /admin/assets/dist/js/treeview.min.7780d3bb0f.js
2023-09-25T15:44:05.429+0800	controller/handler.go:24	[GoAdmin] [37;44m 200 [0m [37;104m GET   [0m /admin/assets/dist/js/form.min.f8678914e9.js
2023-09-25T15:44:05.430+0800	controller/handler.go:24	[GoAdmin] [37;44m 200 [0m [37;104m GET   [0m /admin/assets/dist/js/tree.min.e1faf8b7de.js
2023-09-25T15:44:05.430+0800	controller/handler.go:24	[GoAdmin] [37;44m 200 [0m [37;104m GET   [0m /admin/assets/chart.min.js
2023-09-25T15:44:05.430+0800	controller/handler.go:24	[GoAdmin] [37;44m 200 [0m [37;104m GET   [0m /admin/assets/dist/js/datatable.min.581cdc109b.js
2023-09-25T15:44:05.431+0800	controller/handler.go:24	[GoAdmin] [37;44m 200 [0m [37;104m GET   [0m /admin/assets/dist/js/all_2.min.38a2a946b0.js
2023-09-25T15:44:05.432+0800	controller/handler.go:24	[GoAdmin] [37;44m 200 [0m [37;104m GET   [0m /admin/assets/dist/img/avatar04.png
2023-09-25T15:44:05.466+0800	controller/handler.go:24	[GoAdmin] [37;44m 200 [0m [37;104m GET   [0m /admin/assets/dist/fonts/fontawesome-webfont.woff2
2023-09-25T15:44:05.468+0800	controller/handler.go:24	[GoAdmin] [37;44m 200 [0m [37;104m GET   [0m /admin/assets/dist/css/fonts/6xK3dSBYKcSV-LCoeQqfX1RYOo3qOK7g.ttf
2023-09-25T15:44:05.531+0800	controller/handler.go:24	[GoAdmin] [37;44m 200 [0m [37;104m GET   [0m /admin/assets/dist/css/fonts/6xKydSBYKcSV-LCoeQqfX1RYOo3ig4vwlxdr.ttf
2023-09-25T15:44:12.714+0800	controller/handler.go:24	[GoAdmin] [37;44m 200 [0m [37;104m GET   [0m /admin/info/log_player_levelups
2023-09-25T15:44:12.733+0800	controller/handler.go:24	[GoAdmin] [37;44m 200 [0m [37;104m GET   [0m /admin/assets/dist/css/blue.png
2023-09-25T15:44:12.753+0800	controller/handler.go:24	[GoAdmin] [37;44m 200 [0m [37;104m GET   [0m /admin/assets/dist/css/fonts/6xKydSBYKcSV-LCoeQqfX1RYOo3ik4zwlxdr.ttf
2023-09-25T15:44:21.783+0800	controller/handler.go:24	[GoAdmin] [37;44m 200 [0m [37;104m GET   [0m /admin/info/PlayerCCU4Career
2023-09-25T15:49:56.433+0800	controller/handler.go:24	[GoAdmin] [37;44m 200 [0m [37;104m GET   [0m /admin/info/PlayerCCU4Career
2023-09-25T15:49:59.073+0800	controller/handler.go:24	[GoAdmin] [37;44m 200 [0m [37;104m GET   [0m /admin/info/PlayerCCU4Career
2023-09-25T15:50:05.703+0800	controller/handler.go:24	[GoAdmin] [37;44m 200 [0m [37;104m GET   [0m /admin/info/log_player_levelups
2023-09-25T15:50:15.127+0800	controller/handler.go:24	[GoAdmin] [37;44m 200 [0m [37;104m GET   [0m /admin/info/PlayerCCU4Career
2023-09-25T15:50:31.292+0800	controller/handler.go:24	[GoAdmin] [37;44m 200 [0m [37;104m GET   [0m /admin/info/PlayerCCU4Career
2023-09-25T15:50:31.396+0800	controller/handler.go:24	[GoAdmin] [37;44m 200 [0m [37;104m GET   [0m /admin/assets/dist/css/fonts/6xKydSBYKcSV-LCoeQqfX1RYOo3i54rwlxdr.ttf
2023-09-25T15:50:56.600+0800	controller/handler.go:24	[GoAdmin] [37;44m 200 [0m [37;104m GET   [0m /admin/info/PlayerCCU4Career
2023-09-25T15:51:50.154+0800	controller/handler.go:24	[GoAdmin] [37;44m 200 [0m [37;104m GET   [0m /admin/info/PlayerCCU4Career
2023-09-25T15:52:54.236+0800	controller/handler.go:24	[GoAdmin] [37;44m 200 [0m [37;104m GET   [0m /admin/info/PlayerCCU4Career
2023-09-25T15:56:06.254+0800	controller/handler.go:24	[GoAdmin] [37;44m 200 [0m [37;104m GET   [0m /admin/info/PlayerCCU4Career
2023-09-25T15:57:04.679+0800	controller/handler.go:24	[GoAdmin] [37;44m 200 [0m [37;104m GET   [0m /admin/info/PlayerCCU4Career
2023-09-25T15:57:16.015+0800	controller/handler.go:24	[GoAdmin] [37;44m 200 [0m [37;104m GET   [0m /admin/info/PlayerCCU4Career
2023-09-25T15:57:19.869+0800	controller/handler.go:24	[GoAdmin] [37;44m 200 [0m [37;104m GET   [0m /admin/info/PlayerCCU4Career
2023-09-25T15:59:44.716+0800	controller/handler.go:24	[GoAdmin] [37;44m 200 [0m [37;104m GET   [0m /admin/info/PlayerCCU4Career
2023-09-25T15:59:44.764+0800	controller/handler.go:24	[GoAdmin] [37;44m 200 [0m [37;104m GET   [0m /admin/info/PlayerCCU4Career
2023-09-25T16:11:12.916+0800	controller/handler.go:24	[GoAdmin] [37;44m 200 [0m [37;104m GET   [0m /admin/info/PlayerCCU4Career
2023-09-25T16:11:26.498+0800	controller/handler.go:24	[GoAdmin] [37;44m 200 [0m [37;104m GET   [0m /admin/info/PlayerCCU4Career
2023-09-25T16:11:37.623+0800	controller/handler.go:24	[GoAdmin] [37;44m 200 [0m [37;104m GET   [0m /admin/info/PlayerCCU4Career
2023-09-25T16:12:15.699+0800	controller/handler.go:24	[GoAdmin] [37;44m 200 [0m [37;104m GET   [0m /admin/info/PlayerCCU4Career
2023-09-25T16:12:20.814+0800	controller/handler.go:24	[GoAdmin] [37;44m 200 [0m [37;104m GET   [0m /admin/info/PlayerCCU4Career
2023-09-25T16:12:30.139+0800	controller/handler.go:24	[GoAdmin] [37;44m 200 [0m [37;104m GET   [0m /admin/info/PlayerCCU4Career
2023-09-25T16:12:38.038+0800	controller/handler.go:24	[GoAdmin] [37;44m 200 [0m [37;104m GET   [0m /admin/info/PlayerCCU4Career
2023-09-25T16:12:47.667+0800	controller/handler.go:24	[GoAdmin] [37;44m 200 [0m [37;104m GET   [0m /admin/info/PlayerCCU4Career
2023-09-25T16:13:05.020+0800	controller/handler.go:24	[GoAdmin] [37;44m 200 [0m [37;104m GET   [0m /admin/info/PlayerCCU4Career
2023-09-25T16:21:27.106+0800	controller/handler.go:24	[GoAdmin] [37;44m 200 [0m [37;104m GET   [0m /admin/info/PlayerCCU4Career
2023-09-25T16:21:54.895+0800	controller/handler.go:24	[GoAdmin] [37;44m 200 [0m [37;104m GET   [0m /admin/info/PlayerCCU4Career
2023-09-25T16:28:33.826+0800	controller/handler.go:24	[GoAdmin] [37;44m 200 [0m [37;104m GET   [0m /admin/info/PlayerCCU4Career
2023-09-25T16:29:19.559+0800	controller/handler.go:24	[GoAdmin] [37;44m 200 [0m [37;104m GET   [0m /admin/info/site/edit
2023-09-25T16:29:24.636+0800	controller/handler.go:24	[GoAdmin] [37;44m 200 [0m [37;104m GET   [0m /admin/menu
2023-09-25T16:29:55.679+0800	controller/handler.go:24	[GoAdmin] [37;44m 200 [0m [37;104m POST   [0m /admin/menu/new
2023-09-25T16:30:10.723+0800	controller/handler.go:24	[GoAdmin] [37;44m 200 [0m [37;104m GET   [0m /admin/menu
2023-09-25T16:30:29.144+0800	controller/handler.go:24	[GoAdmin] [37;44m 200 [0m [37;104m POST   [0m /admin/menu/order
2023-09-25T16:30:29.207+0800	controller/handler.go:24	[GoAdmin] [37;44m 200 [0m [37;104m GET   [0m /admin/menu
2023-09-25T16:30:32.781+0800	controller/handler.go:24	[GoAdmin] [37;44m 200 [0m [37;104m GET   [0m /admin/menu/edit/show
2023-09-25T16:30:37.448+0800	controller/handler.go:24	[GoAdmin] [37;44m 200 [0m [37;104m POST   [0m /admin/menu/edit
2023-09-25T16:30:40.765+0800	controller/handler.go:24	[GoAdmin] [37;44m 200 [0m [37;104m GET   [0m /admin/menu
2023-09-25T16:30:40.956+0800	controller/handler.go:24	[GoAdmin] [37;44m 200 [0m [37;104m GET   [0m /admin/menu
2023-09-25T16:30:53.450+0800	controller/handler.go:24	[GoAdmin] [37;44m 200 [0m [37;104m GET   [0m /admin/info/PlayerCCU4Career
2023-09-25T16:56:45.108+0800	controller/handler.go:24	[GoAdmin] [37;44m 200 [0m [37;104m GET   [0m /admin/info/PlayerCCU4Career
2023-09-25T16:57:29.647+0800	controller/handler.go:24	[GoAdmin] [37;44m 200 [0m [37;104m GET   [0m /admin/info/PlayerCCU4Career
2023-09-25T16:58:20.349+0800	controller/handler.go:24	[GoAdmin] [37;44m 200 [0m [37;104m GET   [0m /admin/info/PlayerCCU4Career
2023-09-25T17:03:11.520+0800	controller/handler.go:24	[GoAdmin] [37;44m 200 [0m [37;104m GET   [0m /admin/info/PlayerCCU4Career
2023-09-25T17:04:22.018+0800	controller/handler.go:24	[GoAdmin] [37;44m 200 [0m [37;104m GET   [0m /admin/info/PlayerCCU4Career
2023-09-25T17:04:43.132+0800	controller/handler.go:24	[GoAdmin] [37;44m 200 [0m [37;104m GET   [0m /admin/info/PlayerCCU4Career
2023-09-25T17:05:01.918+0800	controller/handler.go:24	[GoAdmin] [37;44m 200 [0m [37;104m GET   [0m /admin/info/PlayerCCU4Career
2023-09-25T17:10:45.616+0800	controller/handler.go:24	[GoAdmin] [37;44m 200 [0m [37;104m GET   [0m /admin/info/PlayerCCU4Career
2023-10-16T15:58:55.558+0800	controller/handler.go:24	[GoAdmin] [37;44m 200 [0m [37;104m GET   [0m /admin/login
2023-10-16T15:58:55.626+0800	controller/handler.go:24	[GoAdmin] [37;44m 200 [0m [37;104m GET   [0m /admin/assets/login/dist/all.min.css
2023-10-16T15:58:55.631+0800	controller/handler.go:24	[GoAdmin] [37;44m 200 [0m [37;104m GET   [0m /admin/assets/login/dist/all.min.js
2023-10-16T15:59:00.103+0800	controller/handler.go:24	[GoAdmin] [37;44m 200 [0m [37;104m POST   [0m /admin/signin
2023-10-16T15:59:00.208+0800	controller/handler.go:24	[GoAdmin] [37;44m 200 [0m [37;104m GET   [0m /admin/assets/dist/js/all.min.8425540791.js
2023-10-16T15:59:00.216+0800	controller/handler.go:24	[GoAdmin] [37;44m 200 [0m [37;104m GET   [0m /admin/assets/dist/img/avatar04.png
2023-10-16T15:59:00.216+0800	controller/handler.go:24	[GoAdmin] [37;44m 200 [0m [37;104m GET   [0m /admin/assets/dist/js/tree.min.e1faf8b7de.js
2023-10-16T15:59:00.216+0800	controller/handler.go:24	[GoAdmin] [37;44m 200 [0m [37;104m GET   [0m /admin/assets/dist/css/all.min.7bcc29700e.css
2023-10-16T15:59:00.231+0800	controller/handler.go:24	[GoAdmin] [37;44m 200 [0m [37;104m GET   [0m /admin/assets/dist/js/treeview.min.7780d3bb0f.js
2023-10-16T15:59:00.238+0800	controller/handler.go:24	[GoAdmin] [37;44m 200 [0m [37;104m GET   [0m /admin/assets/dist/js/datatable.min.581cdc109b.js
2023-10-16T15:59:00.261+0800	controller/handler.go:24	[GoAdmin] [37;44m 200 [0m [37;104m GET   [0m /admin/assets/chart.min.js
2023-10-16T15:59:00.268+0800	controller/handler.go:24	[GoAdmin] [37;44m 200 [0m [37;104m GET   [0m /admin/assets/dist/js/all_2.min.38a2a946b0.js
2023-10-16T15:59:00.268+0800	controller/handler.go:24	[GoAdmin] [37;44m 200 [0m [37;104m GET   [0m /admin/assets/dist/js/form.min.f8678914e9.js
2023-10-16T15:59:00.301+0800	controller/handler.go:24	[GoAdmin] [37;44m 200 [0m [37;104m GET   [0m /admin/assets/dist/fonts/fontawesome-webfont.woff2
2023-10-16T15:59:00.303+0800	controller/handler.go:24	[GoAdmin] [37;44m 200 [0m [37;104m GET   [0m /admin/assets/dist/css/fonts/6xK3dSBYKcSV-LCoeQqfX1RYOo3qOK7g.ttf
2023-10-16T15:59:00.353+0800	controller/handler.go:24	[GoAdmin] [37;44m 200 [0m [37;104m GET   [0m /admin/assets/dist/css/fonts/6xKydSBYKcSV-LCoeQqfX1RYOo3ig4vwlxdr.ttf
2023-10-16T16:18:23.542+0800	controller/handler.go:24	[GoAdmin] [37;44m 200 [0m [37;104m GET   [0m /admin/info/t_notices
2023-10-16T16:18:23.608+0800	controller/handler.go:24	[GoAdmin] [37;44m 200 [0m [37;104m GET   [0m /admin/assets/dist/css/blue.png
2023-10-16T16:18:23.608+0800	controller/handler.go:24	[GoAdmin] [37;44m 200 [0m [37;104m GET   [0m /admin/assets/dist/css/fonts/6xKydSBYKcSV-LCoeQqfX1RYOo3ik4zwlxdr.ttf
2023-10-16T16:19:40.329+0800	controller/handler.go:24	[GoAdmin] [37;44m 200 [0m [37;104m GET   [0m /admin/info/t_notices/new
2023-10-16T16:19:40.371+0800	controller/handler.go:24	[GoAdmin] [37;44m 200 [0m [37;104m GET   [0m /admin/assets/dist/fonts/glyphicons-halflings-regular.woff2
2023-10-16T16:22:40.298+0800	controller/handler.go:24	[GoAdmin] [37;44m 200 [0m [37;104m GET   [0m /admin/info/t_notices/new
2023-10-16T16:58:02.092+0800	controller/handler.go:24	[GoAdmin] [37;44m 200 [0m [37;104m GET   [0m /admin/assets/dist/css/fonts/6xKydSBYKcSV-LCoeQqfX1RYOo3i54rwlxdr.ttf
2023-10-16T18:25:27.414+0800	controller/handler.go:24	[GoAdmin] [37;44m 200 [0m [37;104m GET   [0m /admin/login
2023-10-16T18:25:28.617+0800	controller/handler.go:24	[GoAdmin] [37;44m 200 [0m [37;104m POST   [0m /admin/signin
2024-01-03T11:10:43.669+0800	controller/handler.go:24	[GoAdmin] [37;44m 200 [0m [37;104m GET   [0m /admin/login
2024-01-03T11:10:43.842+0800	controller/handler.go:24	[GoAdmin] [37;44m 200 [0m [37;104m GET   [0m /admin/assets/login/dist/all.min.css
2024-01-03T11:10:43.842+0800	controller/handler.go:24	[GoAdmin] [37;44m 200 [0m [37;104m GET   [0m /admin/assets/login/dist/all.min.js
2024-01-03T11:10:46.421+0800	controller/handler.go:24	[GoAdmin] [37;44m 200 [0m [37;104m POST   [0m /admin/signin
2024-01-03T11:10:46.575+0800	controller/handler.go:24	[GoAdmin] [37;44m 200 [0m [37;104m GET   [0m /admin/assets/dist/js/all.min.8425540791.js
2024-01-03T11:10:46.584+0800	controller/handler.go:24	[GoAdmin] [37;44m 200 [0m [37;104m GET   [0m /admin/assets/dist/img/avatar04.png
2024-01-03T11:10:46.584+0800	controller/handler.go:24	[GoAdmin] [37;44m 200 [0m [37;104m GET   [0m /admin/assets/dist/js/tree.min.e1faf8b7de.js
2024-01-03T11:10:46.584+0800	controller/handler.go:24	[GoAdmin] [37;44m 200 [0m [37;104m GET   [0m /admin/assets/dist/css/all.min.7bcc29700e.css
2024-01-03T11:10:46.594+0800	controller/handler.go:24	[GoAdmin] [37;44m 200 [0m [37;104m GET   [0m /admin/assets/dist/js/treeview.min.7780d3bb0f.js
2024-01-03T11:10:46.604+0800	controller/handler.go:24	[GoAdmin] [37;44m 200 [0m [37;104m GET   [0m /admin/assets/dist/js/datatable.min.581cdc109b.js
2024-01-03T11:10:46.635+0800	controller/handler.go:24	[GoAdmin] [37;44m 200 [0m [37;104m GET   [0m /admin/assets/chart.min.js
2024-01-03T11:10:46.643+0800	controller/handler.go:24	[GoAdmin] [37;44m 200 [0m [37;104m GET   [0m /admin/assets/dist/js/form.min.f8678914e9.js
2024-01-03T11:10:46.651+0800	controller/handler.go:24	[GoAdmin] [37;44m 200 [0m [37;104m GET   [0m /admin/assets/dist/js/all_2.min.38a2a946b0.js
2024-01-03T11:10:46.685+0800	controller/handler.go:24	[GoAdmin] [37;44m 200 [0m [37;104m GET   [0m /admin/assets/dist/fonts/fontawesome-webfont.woff2
2024-01-03T11:10:46.688+0800	controller/handler.go:24	[GoAdmin] [37;44m 200 [0m [37;104m GET   [0m /admin/assets/dist/css/fonts/6xK3dSBYKcSV-LCoeQqfX1RYOo3qOK7g.ttf
2024-01-03T11:10:46.777+0800	controller/handler.go:24	[GoAdmin] [37;44m 200 [0m [37;104m GET   [0m /admin/assets/dist/css/fonts/6xKydSBYKcSV-LCoeQqfX1RYOo3ig4vwlxdr.ttf
2024-01-03T11:10:49.690+0800	controller/handler.go:24	[GoAdmin] [37;44m 200 [0m [37;104m GET   [0m /admin/info/suspicious_data_record
2024-01-03T11:10:49.731+0800	controller/handler.go:24	[GoAdmin] [37;44m 200 [0m [37;104m GET   [0m /admin/assets/dist/css/blue.png
2024-01-03T11:10:49.767+0800	controller/handler.go:24	[GoAdmin] [37;44m 200 [0m [37;104m GET   [0m /admin/assets/dist/css/fonts/6xKydSBYKcSV-LCoeQqfX1RYOo3ik4zwlxdr.ttf
2024-01-03T11:10:50.455+0800	controller/handler.go:24	[GoAdmin] [37;44m 200 [0m [37;104m GET   [0m /admin/info/global_cfg_check
2024-01-03T11:11:01.532+0800	controller/handler.go:24	[GoAdmin] [37;44m 200 [0m [37;104m GET   [0m /admin/info/global_cfg_check/edit
2024-01-03T11:11:29.101+0800	controller/handler.go:24	[GoAdmin] [37;44m 200 [0m [37;104m POST   [0m /admin/edit/global_cfg_check
2024-01-03T11:11:41.149+0800	controller/handler.go:24	[GoAdmin] [37;44m 200 [0m [37;104m GET   [0m /admin/info/global_cfg_check/edit
2024-01-03T11:11:47.753+0800	controller/handler.go:24	[GoAdmin] [37;44m 200 [0m [37;104m POST   [0m /admin/edit/global_cfg_check
2024-01-03T11:11:54.022+0800	controller/handler.go:24	[GoAdmin] [37;44m 200 [0m [37;104m GET   [0m /admin/info/global_cfg_check/edit
2024-01-03T11:12:35.723+0800	controller/handler.go:24	[GoAdmin] [37;44m 200 [0m [37;104m POST   [0m /admin/edit/global_cfg_check
2024-01-03T11:13:51.663+0800	controller/handler.go:24	[GoAdmin] [37;44m 200 [0m [37;104m GET   [0m /admin/info/global_cfg_check
2024-01-03T11:13:54.588+0800	controller/handler.go:24	[GoAdmin] [37;44m 200 [0m [37;104m GET   [0m /admin/info/global_cfg_check/edit
2024-01-03T11:14:03.305+0800	controller/handler.go:24	[GoAdmin] [37;44m 200 [0m [37;104m POST   [0m /admin/edit/global_cfg_check
2024-01-03T17:05:13.814+0800	controller/handler.go:24	[GoAdmin] [37;44m 200 [0m [37;104m GET   [0m /admin/login
2024-01-03T17:05:15.282+0800	controller/handler.go:24	[GoAdmin] [37;44m 200 [0m [37;104m POST   [0m /admin/signin
2024-01-03T17:05:17.398+0800	controller/handler.go:24	[GoAdmin] [37;44m 200 [0m [37;104m GET   [0m /admin/info/operation_servers
2024-01-03T17:05:21.749+0800	controller/handler.go:24	[GoAdmin] [37;44m 200 [0m [37;104m GET   [0m /admin/info/operation_servers_pro
2024-01-03T17:05:30.102+0800	controller/handler.go:24	[GoAdmin] [37;44m 200 [0m [37;104m GET   [0m /admin/info/operation_servers
2024-01-03T17:05:35.736+0800	controller/handler.go:24	[GoAdmin] [37;44m 200 [0m [37;104m GET   [0m /admin/info/operation_servers_pro
2024-01-03T17:05:49.971+0800	controller/handler.go:24	[GoAdmin] [37;44m 200 [0m [37;104m GET   [0m /admin/info/operation_servers
2024-01-28T10:17:24.834+0800	controller/handler.go:24	[GoAdmin] [37;44m 200 [0m [37;104m GET   [0m /admin/login
2024-01-28T10:17:24.962+0800	controller/handler.go:24	[GoAdmin] [37;44m 200 [0m [37;104m GET   [0m /admin/assets/login/dist/all.min.js
2024-01-28T10:17:24.962+0800	controller/handler.go:24	[GoAdmin] [37;44m 200 [0m [37;104m GET   [0m /admin/assets/login/dist/all.min.css
2024-01-28T10:17:29.402+0800	controller/handler.go:24	[GoAdmin] [37;44m 200 [0m [37;104m POST   [0m /admin/signin
2024-01-28T10:17:29.489+0800	controller/handler.go:24	[GoAdmin] [37;44m 200 [0m [37;104m GET   [0m /admin/assets/dist/js/all.min.8425540791.js
2024-01-28T10:17:29.496+0800	controller/handler.go:24	[GoAdmin] [37;44m 200 [0m [37;104m GET   [0m /admin/assets/dist/img/avatar04.png
2024-01-28T10:17:29.497+0800	controller/handler.go:24	[GoAdmin] [37;44m 200 [0m [37;104m GET   [0m /admin/assets/dist/js/tree.min.e1faf8b7de.js
2024-01-28T10:17:29.497+0800	controller/handler.go:24	[GoAdmin] [37;44m 200 [0m [37;104m GET   [0m /admin/assets/dist/css/all.min.7bcc29700e.css
2024-01-28T10:17:29.517+0800	controller/handler.go:24	[GoAdmin] [37;44m 200 [0m [37;104m GET   [0m /admin/assets/dist/js/treeview.min.7780d3bb0f.js
2024-01-28T10:17:29.523+0800	controller/handler.go:24	[GoAdmin] [37;44m 200 [0m [37;104m GET   [0m /admin/assets/dist/js/datatable.min.581cdc109b.js
2024-01-28T10:17:29.547+0800	controller/handler.go:24	[GoAdmin] [37;44m 200 [0m [37;104m GET   [0m /admin/assets/chart.min.js
2024-01-28T10:17:29.561+0800	controller/handler.go:24	[GoAdmin] [37;44m 200 [0m [37;104m GET   [0m /admin/assets/dist/js/all_2.min.38a2a946b0.js
2024-01-28T10:17:29.562+0800	controller/handler.go:24	[GoAdmin] [37;44m 200 [0m [37;104m GET   [0m /admin/assets/dist/js/form.min.f8678914e9.js
2024-01-28T10:17:29.593+0800	controller/handler.go:24	[GoAdmin] [37;44m 200 [0m [37;104m GET   [0m /admin/assets/dist/fonts/fontawesome-webfont.woff2
2024-01-28T10:17:29.594+0800	controller/handler.go:24	[GoAdmin] [37;44m 200 [0m [37;104m GET   [0m /admin/assets/dist/css/fonts/6xK3dSBYKcSV-LCoeQqfX1RYOo3qOK7g.ttf
2024-01-28T10:17:29.665+0800	controller/handler.go:24	[GoAdmin] [37;44m 200 [0m [37;104m GET   [0m /admin/assets/dist/css/fonts/6xKydSBYKcSV-LCoeQqfX1RYOo3ig4vwlxdr.ttf
2024-01-28T10:17:31.744+0800	controller/handler.go:24	[GoAdmin] [37;44m 200 [0m [37;104m GET   [0m /admin/info/operation_servers
2024-01-28T10:17:31.776+0800	controller/handler.go:24	[GoAdmin] [37;44m 200 [0m [37;104m GET   [0m /admin/assets/dist/css/blue.png
2024-01-28T10:17:31.808+0800	controller/handler.go:24	[GoAdmin] [37;44m 200 [0m [37;104m GET   [0m /admin/assets/dist/css/fonts/6xKydSBYKcSV-LCoeQqfX1RYOo3ik4zwlxdr.ttf
2024-01-28T10:17:35.720+0800	controller/handler.go:24	[GoAdmin] [37;44m 200 [0m [37;104m GET   [0m /admin/info/operation_servers_pro
2024-01-28T10:18:01.290+0800	controller/handler.go:24	[GoAdmin] [37;44m 200 [0m [37;104m GET   [0m /admin/info/operation_servers
2024-02-29T10:08:26.727+0800	controller/handler.go:24	[GoAdmin] [37;44m 302 [0m [37;104m GET   [0m /admin/info/operation_servers_pro
2024-02-29T10:08:26.733+0800	controller/handler.go:24	[GoAdmin] [37;44m 200 [0m [37;104m GET   [0m /admin/login
2024-02-29T10:08:32.529+0800	controller/handler.go:24	[GoAdmin] [37;44m 200 [0m [37;104m POST   [0m /admin/signin
2024-02-29T10:08:32.706+0800	controller/handler.go:24	[GoAdmin] [37;44m 200 [0m [37;104m GET   [0m /admin/assets/dist/img/avatar04.png
2024-02-29T10:08:32.706+0800	controller/handler.go:24	[GoAdmin] [37;44m 200 [0m [37;104m GET   [0m /admin/assets/dist/js/all_2.min.38a2a946b0.js
2024-02-29T10:08:32.707+0800	controller/handler.go:24	[GoAdmin] [37;44m 200 [0m [37;104m GET   [0m /admin/assets/dist/js/all.min.8425540791.js
2024-02-29T10:08:32.794+0800	controller/handler.go:24	[GoAdmin] [37;44m 200 [0m [37;104m GET   [0m /admin/assets/dist/fonts/fontawesome-webfont.woff2
2024-02-29T10:08:32.795+0800	controller/handler.go:24	[GoAdmin] [37;44m 200 [0m [37;104m GET   [0m /admin/assets/dist/css/fonts/6xK3dSBYKcSV-LCoeQqfX1RYOo3qOK7g.ttf
2024-02-29T10:08:32.831+0800	controller/handler.go:24	[GoAdmin] [37;44m 200 [0m [37;104m GET   [0m /admin/assets/dist/css/fonts/6xKydSBYKcSV-LCoeQqfX1RYOo3ig4vwlxdr.ttf
2024-02-29T10:08:39.976+0800	controller/handler.go:24	[GoAdmin] [37;44m 200 [0m [37;104m GET   [0m /admin/info/operation_servers
2024-02-29T10:08:40.041+0800	controller/handler.go:24	[GoAdmin] [37;44m 200 [0m [37;104m GET   [0m /admin/assets/dist/css/fonts/6xKydSBYKcSV-LCoeQqfX1RYOo3ik4zwlxdr.ttf
2024-02-29T10:08:45.324+0800	controller/handler.go:24	[GoAdmin] [37;44m 200 [0m [37;104m GET   [0m /admin/info/operation_servers_pro
2024-02-29T10:10:38.377+0800	controller/handler.go:24	[GoAdmin] [37;44m 200 [0m [37;104m GET   [0m /admin/info/operation_servers_pro
2024-02-29T10:10:42.678+0800	controller/handler.go:24	[GoAdmin] [37;44m 200 [0m [37;104m GET   [0m /admin/assets/dist/fonts/glyphicons-halflings-regular.woff2
2024-02-29T10:10:46.438+0800	controller/handler.go:24	[GoAdmin] [37;44m 200 [0m [37;104m GET   [0m /admin/info/log_character_chats
2024-02-29T10:10:49.993+0800	controller/handler.go:24	[GoAdmin] [37;44m 200 [0m [37;104m GET   [0m /admin/info/log_player_moneys
2024-02-29T10:10:58.835+0800	controller/handler.go:24	[GoAdmin] [37;44m 200 [0m [37;104m GET   [0m /admin/info/log_player_moneys
2024-02-29T10:11:29.617+0800	controller/handler.go:24	[GoAdmin] [37;44m 200 [0m [37;104m GET   [0m /admin/info/log_player_moneys
2024-02-29T10:11:34.619+0800	controller/handler.go:24	[GoAdmin] [37;44m 200 [0m [37;104m GET   [0m /admin/info/log_player_moneys
2024-02-29T10:11:35.915+0800	controller/handler.go:24	[GoAdmin] [37;44m 200 [0m [37;104m GET   [0m /admin/info/log_player_moneys
2024-02-29T14:19:00.327+0800	controller/handler.go:24	[GoAdmin] [37;44m 302 [0m [37;104m GET   [0m /admin/info/IpRules
2024-02-29T14:19:00.330+0800	controller/handler.go:24	[GoAdmin] [37;44m 200 [0m [37;104m GET   [0m /admin/login
2024-02-29T14:19:01.447+0800	controller/handler.go:24	[GoAdmin] [37;44m 200 [0m [37;104m POST   [0m /admin/signin
2024-02-29T14:19:01.464+0800	controller/handler.go:24	[GoAdmin] [37;44m 200 [0m [37;104m GET   [0m /admin/login
2024-02-29T14:19:02.458+0800	controller/handler.go:24	[GoAdmin] [37;44m 200 [0m [37;104m POST   [0m /admin/signin
2024-02-29T14:19:10.470+0800	controller/handler.go:24	[GoAdmin] [37;44m 200 [0m [37;104m GET   [0m /admin/info/log_player_quests
2024-02-29T14:19:12.777+0800	controller/handler.go:24	[GoAdmin] [37;44m 200 [0m [37;104m GET   [0m /admin/assets/dist/fonts/glyphicons-halflings-regular.woff2
2024-02-29T14:19:16.272+0800	controller/handler.go:24	[GoAdmin] [37;44m 200 [0m [37;104m GET   [0m /admin/info/log_player_quests
2024-03-01T15:19:09.432+0800	controller/handler.go:24	[GoAdmin] [37;44m 302 [0m [37;104m GET   [0m /admin/info/operation_servers_pro
2024-03-01T15:19:09.451+0800	controller/handler.go:24	[GoAdmin] [37;44m 200 [0m [37;104m GET   [0m /admin/login
2024-03-01T15:19:13.525+0800	controller/handler.go:24	[GoAdmin] [37;44m 200 [0m [37;104m POST   [0m /admin/signin
2024-03-01T15:19:15.599+0800	controller/handler.go:24	[GoAdmin] [37;44m 200 [0m [37;104m GET   [0m /admin/info/operation_servers
2024-03-01T15:19:18.741+0800	controller/handler.go:24	[GoAdmin] [37;44m 200 [0m [37;104m GET   [0m /admin/info/operation_servers_pro
2024-03-01T15:19:21.595+0800	controller/handler.go:24	[GoAdmin] [37;44m 200 [0m [37;104m POST   [0m /admin/operation/_server_RebootSelfPro
2024-03-01T15:20:08.453+0800	controller/handler.go:24	[GoAdmin] [37;44m 200 [0m [37;104m GET   [0m /admin/info/operation_servers_pro
2024-03-01T15:20:09.503+0800	controller/handler.go:24	[GoAdmin] [37;44m 200 [0m [37;104m POST   [0m /admin/operation/_server_RebootSelfPro
2024-03-01T15:20:50.828+0800	controller/handler.go:24	[GoAdmin] [37;44m 200 [0m [37;104m GET   [0m /admin/info/operation_servers_pro
2024-03-01T15:21:24.724+0800	controller/handler.go:24	[GoAdmin] [37;44m 400 [0m [37;104m POST   [0m /admin/operation/_server_RebootSelfPro
2024-03-01T15:21:26.083+0800	controller/handler.go:24	[GoAdmin] [37;44m 200 [0m [37;104m GET   [0m /admin/info/operation_servers_pro
2024-03-01T15:21:26.621+0800	controller/handler.go:24	[GoAdmin] [37;44m 200 [0m [37;104m POST   [0m /admin/operation/_server_RebootSelfPro
2024-03-01T15:21:58.134+0800	controller/handler.go:24	[GoAdmin] [37;44m 200 [0m [37;104m GET   [0m /admin/info/operation_servers_pro
2024-03-01T15:22:48.716+0800	controller/handler.go:24	[GoAdmin] [37;44m 200 [0m [37;104m POST   [0m /admin/operation/_server_RebootSelfPro
2024-03-01T15:23:36.382+0800	controller/handler.go:24	[GoAdmin] [37;44m 200 [0m [37;104m GET   [0m /admin/info/operation_servers_pro
2024-03-01T15:23:37.593+0800	controller/handler.go:24	[GoAdmin] [37;44m 200 [0m [37;104m POST   [0m /admin/operation/_server_RebootSelfPro
2024-03-01T17:15:38.750+0800	controller/handler.go:24	[GoAdmin] [37;44m 200 [0m [37;104m GET   [0m /admin/info/operation_servers
2024-03-01T17:15:41.388+0800	controller/handler.go:24	[GoAdmin] [37;44m 200 [0m [37;104m GET   [0m /admin/info/operation_servers_pro
2024-03-01T17:15:43.947+0800	controller/handler.go:24	[GoAdmin] [37;44m 200 [0m [37;104m POST   [0m /admin/operation/_server_RunBashPro
2024-03-01T17:16:28.561+0800	controller/handler.go:24	[GoAdmin] [37;44m 200 [0m [37;104m POST   [0m /admin/operation/_server_RunBashPro
2024-03-01T17:16:31.266+0800	controller/handler.go:24	[GoAdmin] [37;44m 200 [0m [37;104m POST   [0m /admin/operation/_server_RunBashPro
2024-03-04T15:20:52.175+0800	controller/handler.go:24	[GoAdmin] [37;44m 200 [0m [37;104m GET   [0m /admin/login
2024-03-04T15:20:52.321+0800	controller/handler.go:24	[GoAdmin] [37;44m 200 [0m [37;104m GET   [0m /admin/assets/login/dist/all.min.css
2024-03-04T15:20:52.321+0800	controller/handler.go:24	[GoAdmin] [37;44m 200 [0m [37;104m GET   [0m /admin/assets/login/dist/all.min.js
2024-03-04T15:20:54.539+0800	controller/handler.go:24	[GoAdmin] [37;44m 200 [0m [37;104m POST   [0m /admin/signin
2024-03-04T15:20:54.620+0800	controller/handler.go:24	[GoAdmin] [37;44m 200 [0m [37;104m GET   [0m /admin/assets/dist/js/all.min.8425540791.js
2024-03-04T15:20:54.626+0800	controller/handler.go:24	[GoAdmin] [37;44m 200 [0m [37;104m GET   [0m /admin/assets/dist/img/avatar04.png
2024-03-04T15:20:54.628+0800	controller/handler.go:24	[GoAdmin] [37;44m 200 [0m [37;104m GET   [0m /admin/assets/dist/css/all.min.7bcc29700e.css
2024-03-04T15:20:54.632+0800	controller/handler.go:24	[GoAdmin] [37;44m 200 [0m [37;104m GET   [0m /admin/assets/dist/js/datatable.min.581cdc109b.js
2024-03-04T15:20:54.661+0800	controller/handler.go:24	[GoAdmin] [37;44m 200 [0m [37;104m GET   [0m /admin/assets/dist/js/tree.min.e1faf8b7de.js
2024-03-04T15:20:54.665+0800	controller/handler.go:24	[GoAdmin] [37;44m 200 [0m [37;104m GET   [0m /admin/assets/dist/js/form.min.f8678914e9.js
2024-03-04T15:20:54.668+0800	controller/handler.go:24	[GoAdmin] [37;44m 200 [0m [37;104m GET   [0m /admin/assets/dist/js/treeview.min.7780d3bb0f.js
2024-03-04T15:20:54.671+0800	controller/handler.go:24	[GoAdmin] [37;44m 200 [0m [37;104m GET   [0m /admin/assets/dist/js/all_2.min.38a2a946b0.js
2024-03-04T15:20:54.673+0800	controller/handler.go:24	[GoAdmin] [37;44m 200 [0m [37;104m GET   [0m /admin/assets/chart.min.js
2024-03-04T15:20:54.696+0800	controller/handler.go:24	[GoAdmin] [37;44m 200 [0m [37;104m GET   [0m /admin/assets/dist/fonts/fontawesome-webfont.woff2
2024-03-04T15:20:54.698+0800	controller/handler.go:24	[GoAdmin] [37;44m 200 [0m [37;104m GET   [0m /admin/assets/dist/css/fonts/6xK3dSBYKcSV-LCoeQqfX1RYOo3qOK7g.ttf
2024-03-04T15:20:54.753+0800	controller/handler.go:24	[GoAdmin] [37;44m 200 [0m [37;104m GET   [0m /admin/assets/dist/css/fonts/6xKydSBYKcSV-LCoeQqfX1RYOo3ig4vwlxdr.ttf
2024-03-04T15:21:08.433+0800	controller/handler.go:24	[GoAdmin] [37;44m 200 [0m [37;104m GET   [0m /admin/menu
2024-03-04T15:21:08.509+0800	controller/handler.go:24	[GoAdmin] [37;44m 200 [0m [37;104m GET   [0m /admin/assets/dist/css/fonts/6xKydSBYKcSV-LCoeQqfX1RYOo3ik4zwlxdr.ttf
2024-03-04T15:21:50.981+0800	controller/handler.go:24	[GoAdmin] [37;44m 200 [0m [37;104m POST   [0m /admin/menu/new
2024-03-04T15:22:16.946+0800	controller/handler.go:24	[GoAdmin] [37;44m 200 [0m [37;104m GET   [0m /admin/menu
2024-03-04T15:22:32.387+0800	controller/handler.go:24	[GoAdmin] [37;44m 200 [0m [37;104m POST   [0m /admin/menu/order
2024-03-04T15:22:32.460+0800	controller/handler.go:24	[GoAdmin] [37;44m 200 [0m [37;104m GET   [0m /admin/menu
2024-03-04T15:22:33.276+0800	controller/handler.go:24	[GoAdmin] [37;44m 200 [0m [37;104m GET   [0m /admin/menu
2024-03-04T15:22:34.127+0800	controller/handler.go:24	[GoAdmin] [37;44m 200 [0m [37;104m GET   [0m /admin/info/Operationaudit
2024-03-04T15:22:34.253+0800	controller/handler.go:24	[GoAdmin] [37;44m 200 [0m [37;104m GET   [0m /admin/assets/dist/css/blue.png
2024-03-04T15:22:38.448+0800	controller/handler.go:24	[GoAdmin] [37;44m 200 [0m [37;104m GET   [0m /admin/assets/dist/fonts/glyphicons-halflings-regular.woff2
2024-03-04T15:23:08.050+0800	controller/handler.go:24	[GoAdmin] [37;44m 200 [0m [37;104m GET   [0m /admin/info/Operationaudit
2024-03-04T15:23:09.846+0800	controller/handler.go:24	[GoAdmin] [37;44m 200 [0m [37;104m GET   [0m /admin/info/Operationaudit/edit
2024-03-04T15:23:15.055+0800	controller/handler.go:24	[GoAdmin] [37;44m 200 [0m [37;104m POST   [0m /admin/edit/Operationaudit
2024-03-04T15:23:16.686+0800	controller/handler.go:24	[GoAdmin] [37;44m 200 [0m [37;104m GET   [0m /admin/info/Operationaudit/edit
2024-03-04T15:23:18.244+0800	controller/handler.go:24	[GoAdmin] [37;44m 200 [0m [37;104m GET   [0m /admin/info/Operationaudit
2024-03-04T15:23:26.788+0800	controller/handler.go:24	[GoAdmin] [37;44m 200 [0m [37;104m GET   [0m /admin/info/Operationaudit/edit
2024-03-04T15:23:30.580+0800	controller/handler.go:24	[GoAdmin] [37;44m 200 [0m [37;104m GET   [0m /admin/info/Operationaudit
2024-05-22T18:07:49.394+0800	controller/handler.go:24	[GoAdmin] [37;44m 200 [0m [37;104m GET   [0m /admin/login
2024-05-22T18:07:49.499+0800	controller/handler.go:24	[GoAdmin] [37;44m 200 [0m [37;104m GET   [0m /admin/assets/login/dist/all.min.css
2024-05-22T18:07:49.504+0800	controller/handler.go:24	[GoAdmin] [37;44m 200 [0m [37;104m GET   [0m /admin/assets/login/dist/all.min.js
2024-05-22T18:07:59.783+0800	controller/handler.go:24	[GoAdmin] [37;44m 200 [0m [37;104m POST   [0m /admin/signin
2024-05-22T18:07:59.903+0800	controller/handler.go:24	[GoAdmin] [37;44m 200 [0m [37;104m GET   [0m /admin/assets/dist/js/all.min.8425540791.js
2024-05-22T18:07:59.910+0800	controller/handler.go:24	[GoAdmin] [37;44m 200 [0m [37;104m GET   [0m /admin/assets/dist/img/avatar04.png
2024-05-22T18:07:59.911+0800	controller/handler.go:24	[GoAdmin] [37;44m 200 [0m [37;104m GET   [0m /admin/assets/dist/css/all.min.7bcc29700e.css
2024-05-22T18:07:59.914+0800	controller/handler.go:24	[GoAdmin] [37;44m 200 [0m [37;104m GET   [0m /admin/assets/dist/js/treeview.min.7780d3bb0f.js
2024-05-22T18:07:59.914+0800	controller/handler.go:24	[GoAdmin] [37;44m 200 [0m [37;104m GET   [0m /admin/assets/dist/js/datatable.min.581cdc109b.js
2024-05-22T18:07:59.945+0800	controller/handler.go:24	[GoAdmin] [37;44m 200 [0m [37;104m GET   [0m /admin/assets/chart.min.js
2024-05-22T18:07:59.970+0800	controller/handler.go:24	[GoAdmin] [37;44m 200 [0m [37;104m GET   [0m /admin/assets/dist/js/tree.min.e1faf8b7de.js
2024-05-22T18:07:59.973+0800	controller/handler.go:24	[GoAdmin] [37;44m 200 [0m [37;104m GET   [0m /admin/assets/dist/js/all_2.min.38a2a946b0.js
2024-05-22T18:07:59.973+0800	controller/handler.go:24	[GoAdmin] [37;44m 200 [0m [37;104m GET   [0m /admin/assets/dist/js/form.min.f8678914e9.js
2024-05-22T18:07:59.977+0800	controller/handler.go:24	[GoAdmin] [37;44m 200 [0m [37;104m GET   [0m /admin/assets/dist/fonts/fontawesome-webfont.woff2
2024-05-22T18:07:59.979+0800	controller/handler.go:24	[GoAdmin] [37;44m 200 [0m [37;104m GET   [0m /admin/assets/dist/css/fonts/6xK3dSBYKcSV-LCoeQqfX1RYOo3qOK7g.ttf
2024-05-22T18:08:00.045+0800	controller/handler.go:24	[GoAdmin] [37;44m 200 [0m [37;104m GET   [0m /admin/assets/dist/css/fonts/6xKydSBYKcSV-LCoeQqfX1RYOo3ig4vwlxdr.ttf
2024-05-22T18:08:08.021+0800	controller/handler.go:24	[GoAdmin] [37;44m 200 [0m [37;104m GET   [0m /admin/assets/dist/css/fonts/6xKydSBYKcSV-LCoeQqfX1RYOo3ik4zwlxdr.ttf
2024-05-22T18:08:08.028+0800	controller/handler.go:24	[GoAdmin] [37;44m 200 [0m [37;104m GET   [0m /admin/assets/dist/fonts/glyphicons-halflings-regular.woff2
2026-06-04T12:29:33.460+0700	controller/handler.go:24	[GoAdmin] [37;44m 200 [0m [37;104m GET   [0m /admin/login
2026-06-04T12:29:33.547+0700	controller/handler.go:24	[GoAdmin] [37;44m 200 [0m [37;104m GET   [0m /admin/assets/login/dist/all.min.css
2026-06-04T12:29:33.547+0700	controller/handler.go:24	[GoAdmin] [37;44m 200 [0m [37;104m GET   [0m /admin/assets/login/dist/all.min.js
2026-06-04T12:34:05.754+0700	controller/handler.go:24	[GoAdmin] [37;44m 302 [0m [37;104m GET   [0m /admin/info/manager
2026-06-04T12:34:05.766+0700	controller/handler.go:24	[GoAdmin] [37;44m 200 [0m [37;104m GET   [0m /admin/login
2026-06-04T12:34:31.341+0700	controller/handler.go:24	[GoAdmin] [37;44m 400 [0m [37;104m POST   [0m /admin/signin
2026-06-04T12:39:46.303+0700	controller/handler.go:24	[GoAdmin] [37;44m 400 [0m [37;104m POST   [0m /admin/signin
2026-06-04T12:39:59.671+0700	controller/handler.go:24	[GoAdmin] [37;44m 400 [0m [37;104m POST   [0m /admin/signin
2026-06-04T12:40:02.074+0700	controller/handler.go:24	[GoAdmin] [37;44m 400 [0m [37;104m POST   [0m /admin/signin
2026-06-04T12:40:54.122+0700	controller/handler.go:24	[GoAdmin] [37;44m 400 [0m [37;104m POST   [0m /admin/signin
2026-06-04T12:41:06.204+0700	controller/handler.go:24	[GoAdmin] [37;44m 400 [0m [37;104m POST   [0m /admin/signin
2026-06-04T12:44:20.414+0700	controller/handler.go:24	[GoAdmin] [37;44m 400 [0m [37;104m POST   [0m /admin/signin
2026-06-04T12:53:01.892+0700	controller/handler.go:24	[GoAdmin] [37;44m 200 [0m [37;104m POST   [0m /admin/signin
2026-06-04T12:53:02.192+0700	controller/handler.go:24	[GoAdmin] [37;44m 200 [0m [37;104m GET   [0m /admin/assets/dist/img/avatar04.png
2026-06-04T12:53:02.192+0700	controller/handler.go:24	[GoAdmin] [37;44m 200 [0m [37;104m GET   [0m /admin/assets/dist/js/datatable.min.581cdc109b.js
2026-06-04T12:53:02.195+0700	controller/handler.go:24	[GoAdmin] [37;44m 200 [0m [37;104m GET   [0m /admin/assets/dist/css/all.min.79250b7051.css
2026-06-04T12:53:02.195+0700	controller/handler.go:24	[GoAdmin] [37;44m 200 [0m [37;104m GET   [0m /admin/assets/dist/js/all.min.8425540791.js
2026-06-04T12:53:02.217+0700	controller/handler.go:24	[GoAdmin] [37;44m 200 [0m [37;104m GET   [0m /admin/assets/dist/js/tree.min.e1faf8b7de.js
2026-06-04T12:53:02.223+0700	controller/handler.go:24	[GoAdmin] [37;44m 200 [0m [37;104m GET   [0m /admin/assets/dist/js/form.min.f8678914e9.js
2026-06-04T12:53:02.238+0700	controller/handler.go:24	[GoAdmin] [37;44m 200 [0m [37;104m GET   [0m /admin/assets/dist/js/treeview.min.7780d3bb0f.js
2026-06-04T12:53:02.246+0700	controller/handler.go:24	[GoAdmin] [37;44m 200 [0m [37;104m GET   [0m /admin/assets/dist/js/all_2.min.38a2a946b0.js
2026-06-04T12:53:02.248+0700	controller/handler.go:24	[GoAdmin] [37;44m 200 [0m [37;104m GET   [0m /admin/assets/chart.min.js
2026-06-04T12:53:02.276+0700	controller/handler.go:24	[GoAdmin] [37;44m 200 [0m [37;104m GET   [0m /admin/assets/dist/fonts/fontawesome-webfont.woff2
2026-06-04T12:53:02.351+0700	controller/handler.go:24	[GoAdmin] [37;44m 200 [0m [37;104m GET   [0m /admin/assets/dist/css/fonts/6xK3dSBYKcSV-LCoeQqfX1RYOo3qOK7g.ttf
2026-06-04T13:31:39.733+0700	controller/handler.go:24	[GoAdmin] [37;44m 200 [0m [37;104m GET   [0m /admin/info/t_game_servers
2026-06-04T13:31:39.791+0700	controller/handler.go:24	[GoAdmin] [37;44m 200 [0m [37;104m GET   [0m /admin/assets/dist/css/blue.png
2026-06-04T13:31:48.243+0700	controller/handler.go:24	[GoAdmin] [37;44m 200 [0m [37;104m GET   [0m /admin/info/t_account_characters
2026-06-04T15:44:08.740+0700	controller/handler.go:24	[GoAdmin] [37;44m 200 [0m [37;104m GET   [0m /admin/login
2026-06-04T15:44:08.773+0700	controller/handler.go:24	[GoAdmin] [37;44m 200 [0m [37;104m GET   [0m /admin/assets/login/dist/all.min.js
2026-06-04T15:44:16.625+0700	controller/handler.go:24	[GoAdmin] [37;44m 200 [0m [37;104m POST   [0m /admin/signin
2026-06-04T15:44:17.583+0700	controller/handler.go:24	[GoAdmin] [37;44m 200 [0m [37;104m GET   [0m /admin/assets/dist/js/all.min.8425540791.js
2026-06-04T15:44:17.592+0700	controller/handler.go:24	[GoAdmin] [37;44m 200 [0m [37;104m GET   [0m /admin/assets/dist/img/avatar04.png
2026-06-04T15:44:17.594+0700	controller/handler.go:24	[GoAdmin] [37;44m 200 [0m [37;104m GET   [0m /admin/assets/dist/css/all.min.79250b7051.css
2026-06-04T15:44:17.597+0700	controller/handler.go:24	[GoAdmin] [37;44m 200 [0m [37;104m GET   [0m /admin/assets/dist/js/tree.min.e1faf8b7de.js
2026-06-04T15:44:17.603+0700	controller/handler.go:24	[GoAdmin] [37;44m 200 [0m [37;104m GET   [0m /admin/assets/dist/js/form.min.f8678914e9.js
2026-06-04T15:44:17.606+0700	controller/handler.go:24	[GoAdmin] [37;44m 200 [0m [37;104m GET   [0m /admin/assets/dist/js/treeview.min.7780d3bb0f.js
2026-06-04T15:44:17.649+0700	controller/handler.go:24	[GoAdmin] [37;44m 200 [0m [37;104m GET   [0m /admin/assets/dist/js/all_2.min.38a2a946b0.js
2026-06-04T15:44:17.658+0700	controller/handler.go:24	[GoAdmin] [37;44m 200 [0m [37;104m GET   [0m /admin/assets/chart.min.js
2026-06-04T15:44:17.651+0700	controller/handler.go:24	[GoAdmin] [37;44m 200 [0m [37;104m GET   [0m /admin/assets/dist/js/datatable.min.581cdc109b.js
2026-06-04T15:44:17.665+0700	controller/handler.go:24	[GoAdmin] [37;44m 200 [0m [37;104m GET   [0m /admin/assets/dist/fonts/fontawesome-webfont.woff2
2026-06-04T15:44:17.727+0700	controller/handler.go:24	[GoAdmin] [37;44m 200 [0m [37;104m GET   [0m /admin/assets/dist/css/fonts/6xK3dSBYKcSV-LCoeQqfX1RYOo3qOK7g.ttf
2026-06-04T15:44:18.055+0700	controller/handler.go:24	[GoAdmin] [37;44m 200 [0m [37;104m POST   [0m /admin/signin
2026-06-20T09:21:43.446+0700	controller/handler.go:24	[GoAdmin] [37;44m 200 [0m [37;104m GET   [0m /admin/login
2026-06-20T09:21:43.514+0700	controller/handler.go:24	[GoAdmin] [37;44m 200 [0m [37;104m GET   [0m /admin/assets/login/dist/all.min.js
2026-06-20T09:21:43.514+0700	controller/handler.go:24	[GoAdmin] [37;44m 200 [0m [37;104m GET   [0m /admin/assets/login/dist/all.min.css
2026-06-20T09:21:46.996+0700	controller/handler.go:24	[GoAdmin] [37;44m 200 [0m [37;104m POST   [0m /admin/signin
2026-06-20T09:21:47.657+0700	controller/handler.go:24	[GoAdmin] [37;44m 200 [0m [37;104m GET   [0m /admin/assets/dist/js/all.min.8425540791.js
2026-06-20T09:21:47.661+0700	controller/handler.go:24	[GoAdmin] [37;44m 200 [0m [37;104m GET   [0m /admin/assets/dist/img/avatar04.png
2026-06-20T09:21:47.662+0700	controller/handler.go:24	[GoAdmin] [37;44m 200 [0m [37;104m GET   [0m /admin/assets/dist/css/all.min.79250b7051.css
2026-06-20T09:21:47.664+0700	controller/handler.go:24	[GoAdmin] [37;44m 200 [0m [37;104m GET   [0m /admin/assets/dist/js/datatable.min.581cdc109b.js
2026-06-20T09:21:47.664+0700	controller/handler.go:24	[GoAdmin] [37;44m 200 [0m [37;104m GET   [0m /admin/assets/dist/js/tree.min.e1faf8b7de.js
2026-06-20T09:21:47.669+0700	controller/handler.go:24	[GoAdmin] [37;44m 200 [0m [37;104m GET   [0m /admin/assets/dist/js/treeview.min.7780d3bb0f.js
2026-06-20T09:21:47.695+0700	controller/handler.go:24	[GoAdmin] [37;44m 200 [0m [37;104m GET   [0m /admin/assets/chart.min.js
2026-06-20T09:21:47.701+0700	controller/handler.go:24	[GoAdmin] [37;44m 200 [0m [37;104m GET   [0m /admin/assets/dist/js/all_2.min.38a2a946b0.js
2026-06-20T09:21:47.705+0700	controller/handler.go:24	[GoAdmin] [37;44m 200 [0m [37;104m GET   [0m /admin/assets/dist/js/form.min.f8678914e9.js
2026-06-20T09:21:47.715+0700	controller/handler.go:24	[GoAdmin] [37;44m 200 [0m [37;104m GET   [0m /admin/assets/dist/fonts/fontawesome-webfont.woff2
2026-06-20T09:21:47.766+0700	controller/handler.go:24	[GoAdmin] [37;44m 200 [0m [37;104m GET   [0m /admin/assets/dist/css/fonts/6xK3dSBYKcSV-LCoeQqfX1RYOo3qOK7g.ttf
2026-06-20T09:21:57.204+0700	controller/handler.go:24	[GoAdmin] [37;44m 200 [0m [37;104m GET   [0m /admin/info/TDataDetail
2026-06-20T09:21:57.302+0700	controller/handler.go:24	[GoAdmin] [37;44m 200 [0m [37;104m GET   [0m /admin/assets/dist/css/blue.png
2026-06-20T09:26:52.680+0700	controller/handler.go:24	[GoAdmin] [37;44m 200 [0m [37;104m GET   [0m /admin/info/TDataDetail
2026-06-20T09:31:13.699+0700	controller/handler.go:24	[GoAdmin] [37;44m 200 [0m [37;104m GET   [0m /admin/info/TDataDetail
2026-06-20T09:31:17.938+0700	controller/handler.go:24	[GoAdmin] [37;44m 200 [0m [37;104m GET   [0m /admin/info/manager
2026-06-20T09:31:24.054+0700	controller/handler.go:24	[GoAdmin] [37;44m 200 [0m [37;104m GET   [0m /admin/info/roles
2026-06-20T09:31:27.886+0700	controller/handler.go:24	[GoAdmin] [37;44m 200 [0m [37;104m GET   [0m /admin/info/permission
2026-06-20T09:31:37.817+0700	controller/handler.go:24	[GoAdmin] [37;44m 200 [0m [37;104m GET   [0m /admin/menu
2026-06-20T09:31:43.815+0700	controller/handler.go:24	[GoAdmin] [37;44m 200 [0m [37;104m GET   [0m /admin/info/t_game_servers
2026-06-20T09:31:52.687+0700	controller/handler.go:24	[GoAdmin] [37;44m 200 [0m [37;104m GET   [0m /admin/info/inst_player_char_brief
2026-06-20T09:32:00.805+0700	controller/handler.go:24	[GoAdmin] [37;44m 200 [0m [37;104m GET   [0m /admin/info/inst_player_char_brief
2026-06-20T09:32:04.220+0700	controller/handler.go:24	[GoAdmin] [37;44m 200 [0m [37;104m GET   [0m /admin/info/t_game_servers
2026-06-20T09:32:07.809+0700	controller/handler.go:24	[GoAdmin] [37;44m 200 [0m [37;104m GET   [0m /admin/info/t_notices
2026-06-20T09:32:45.444+0700	controller/handler.go:24	[GoAdmin] [37;44m 200 [0m [37;104m GET   [0m /admin/info/inst_player_char_brief
2026-06-20T09:41:14.727+0700	controller/handler.go:24	[GoAdmin] [37;44m 200 [0m [37;104m GET   [0m /admin/info/inst_player_char_brief
2026-06-20T09:47:57.868+0700	controller/handler.go:24	[GoAdmin] [37;44m 200 [0m [37;104m GET   [0m /admin/info/Operationaudit
2026-06-20T09:47:58.098+0700	controller/handler.go:24	[GoAdmin] [37;44m 200 [0m [37;104m GET   [0m /admin/assets/dist/css/fonts/6xKydSBYKcSV-LCoeQqfX1RYOo3i54rwlxdr.ttf
2026-06-20T09:50:27.145+0700	controller/handler.go:24	[GoAdmin] [37;44m 200 [0m [37;104m GET   [0m /admin/info/operation_servers
2026-06-20T09:50:36.322+0700	controller/handler.go:24	[GoAdmin] [37;44m 200 [0m [37;104m GET   [0m /admin/info/Operationaudit
2026-06-20T09:51:09.118+0700	controller/handler.go:24	[GoAdmin] [37;44m 200 [0m [37;104m GET   [0m /admin/info/t_activation_code_use
2026-06-20T09:51:11.323+0700	controller/handler.go:24	[GoAdmin] [37;44m 200 [0m [37;104m GET   [0m /admin/info/t_activation_code
2026-06-20T09:51:17.961+0700	controller/handler.go:24	[GoAdmin] [37;44m 200 [0m [37;104m GET   [0m /admin/info/t_affiche
2026-06-20T09:51:19.169+0700	controller/handler.go:24	[GoAdmin] [37;44m 200 [0m [37;104m GET   [0m /admin/info/complaint_management
2026-06-20T09:51:22.188+0700	controller/handler.go:24	[GoAdmin] [37;44m 200 [0m [37;104m GET   [0m /admin/info/complaint_management
2026-06-20T09:51:28.647+0700	controller/handler.go:24	[GoAdmin] [37;44m 200 [0m [37;104m GET   [0m /admin/info/Operationaudit
2026-06-20T09:58:43.631+0700	controller/handler.go:24	[GoAdmin] [37;44m 200 [0m [37;104m GET   [0m /admin/info/operation_servers
2026-06-20T10:15:04.302+0700	controller/handler.go:24	[GoAdmin] [37;44m 200 [0m [37;104m GET   [0m /admin/info/operation_servers
2026-06-20T10:15:08.329+0700	controller/handler.go:24	[GoAdmin] [37;44m 200 [0m [37;104m GET   [0m /admin/info/Operationaudit
2026-06-20T10:15:13.994+0700	controller/handler.go:24	[GoAdmin] [37;44m 200 [0m [37;104m GET   [0m /admin/info/operation_servers
2026-06-20T10:15:20.848+0700	controller/handler.go:24	[GoAdmin] [37;44m 200 [0m [37;104m GET   [0m /admin/info/t_account_characters
2026-06-20T10:15:29.541+0700	controller/handler.go:24	[GoAdmin] [37;44m 200 [0m [37;104m GET   [0m /admin/info/t_game_servers
2026-06-20T10:29:36.384+0700	controller/handler.go:24	[GoAdmin] [37;44m 200 [0m [37;104m GET   [0m /admin/info/t_game_servers
2026-06-20T10:29:43.381+0700	controller/handler.go:24	[GoAdmin] [37;44m 200 [0m [37;104m GET   [0m /admin/info/operation_servers
2026-06-20T10:29:57.314+0700	controller/handler.go:24	[GoAdmin] [37;44m 200 [0m [37;104m GET   [0m /admin/info/Operationaudit
2026-06-20T10:30:06.413+0700	controller/handler.go:24	[GoAdmin] [37;44m 200 [0m [37;104m GET   [0m /admin/info/TClientVersionTable
2026-06-20T10:30:08.709+0700	controller/handler.go:24	[GoAdmin] [37;44m 200 [0m [37;104m GET   [0m /admin/info/t_account_characters
2026-06-20T10:30:12.945+0700	controller/handler.go:24	[GoAdmin] [37;44m 200 [0m [37;104m GET   [0m /admin/info/complaint_management/new
2026-06-20T10:30:15.739+0700	controller/handler.go:24	[GoAdmin] [37;44m 200 [0m [37;104m GET   [0m /admin/info/suspicious_data_record
2026-06-20T10:30:16.011+0700	controller/handler.go:24	[GoAdmin] [37;44m 200 [0m [37;104m GET   [0m /admin/info/suspicious_data_record
2026-06-20T10:30:17.735+0700	controller/handler.go:24	[GoAdmin] [37;44m 200 [0m [37;104m GET   [0m /admin/info/global_cfg_check
2026-06-20T10:30:18.718+0700	controller/handler.go:24	[GoAdmin] [37;44m 200 [0m [37;104m GET   [0m /admin/info/log_player_item_add_error
2026-06-20T10:30:23.824+0700	controller/handler.go:24	[GoAdmin] [37;44m 200 [0m [37;104m GET   [0m /admin/info/manager
2026-06-20T10:30:25.104+0700	controller/handler.go:24	[GoAdmin] [37;44m 200 [0m [37;104m GET   [0m /admin/info/roles
2026-06-20T10:30:26.132+0700	controller/handler.go:24	[GoAdmin] [37;44m 200 [0m [37;104m GET   [0m /admin/info/permission
2026-06-20T10:30:31.427+0700	controller/handler.go:24	[GoAdmin] [37;44m 200 [0m [37;104m GET   [0m /admin/menu
2026-06-20T10:30:33.812+0700	controller/handler.go:24	[GoAdmin] [37;44m 200 [0m [37;104m GET   [0m /admin/info/op
2026-06-20T10:30:37.868+0700	controller/handler.go:24	[GoAdmin] [37;44m 200 [0m [37;104m GET   [0m /admin/info/Diamond4RebornRec
2026-06-20T10:30:38.904+0700	controller/handler.go:24	[GoAdmin] [37;44m 200 [0m [37;104m GET   [0m /admin/info/BuyStoneFromShop
2026-06-20T10:30:39.609+0700	controller/handler.go:24	[GoAdmin] [37;44m 200 [0m [37;104m GET   [0m /admin/info/GetAccountDataCountTable
2026-06-20T10:30:42.498+0700	controller/handler.go:24	[GoAdmin] [37;44m 200 [0m [37;104m GET   [0m /admin/info/PlayerCCU4Career
2026-06-20T10:30:45.104+0700	controller/handler.go:24	[GoAdmin] [37;44m 200 [0m [37;104m GET   [0m /admin/info/TDataDetail
2026-06-20T10:30:48.307+0700	controller/handler.go:24	[GoAdmin] [37;44m 200 [0m [37;104m GET   [0m /admin/info/player_active_count
2026-06-20T10:30:51.707+0700	controller/handler.go:24	[GoAdmin] [37;44m 200 [0m [37;104m GET   [0m /admin/info/DeviceInfo
2026-06-20T10:30:52.478+0700	controller/handler.go:24	[GoAdmin] [37;44m 200 [0m [37;104m GET   [0m /admin/info/SingleSeverCount
2026-06-20T10:30:54.014+0700	controller/handler.go:24	[GoAdmin] [37;44m 200 [0m [37;104m GET   [0m /admin/info/DeviceInfo
2026-06-20T10:30:58.181+0700	controller/handler.go:24	[GoAdmin] [37;44m 200 [0m [37;104m GET   [0m /admin/info/RankListAllServer
2026-06-20T10:30:58.275+0700	controller/handler.go:24	[GoAdmin] [37;44m 200 [0m [37;104m GET   [0m /admin/info/RankListAllServer
2026-06-20T10:30:58.832+0700	controller/handler.go:24	[GoAdmin] [37;44m 200 [0m [37;104m GET   [0m /admin/info/RankListPro
2026-06-20T10:31:00.180+0700	controller/handler.go:24	[GoAdmin] [37;44m 200 [0m [37;104m GET   [0m /admin/info/RankListAllServer
2026-06-20T10:31:07.340+0700	controller/handler.go:24	[GoAdmin] [37;44m 200 [0m [37;104m GET   [0m /admin/info/inst_email
2026-06-20T10:31:08.845+0700	controller/handler.go:24	[GoAdmin] [37;44m 200 [0m [37;104m GET   [0m /admin/info/inst_email
2026-06-20T10:31:09.929+0700	controller/handler.go:24	[GoAdmin] [37;44m 200 [0m [37;104m GET   [0m /admin/info/log_player_ertl
2026-06-20T10:31:10.737+0700	controller/handler.go:24	[GoAdmin] [37;44m 200 [0m [37;104m GET   [0m /admin/info/ExportTables
2026-06-20T10:31:10.868+0700	controller/handler.go:24	[GoAdmin] [37;44m 200 [0m [37;104m GET   [0m /admin/assets/dist/fonts/glyphicons-halflings-regular.woff2
2026-06-20T10:31:11.188+0700	controller/handler.go:24	[GoAdmin] [37;44m 200 [0m [37;104m GET   [0m /admin/info/RealTimeOnline
2026-06-20T10:31:13.061+0700	controller/handler.go:24	[GoAdmin] [37;44m 200 [0m [37;104m GET   [0m /admin/info/t_affiche
2026-06-20T10:31:15.251+0700	controller/handler.go:24	[GoAdmin] [37;44m 200 [0m [37;104m GET   [0m /admin/info/complaint_management
2026-06-20T10:31:19.861+0700	controller/handler.go:24	[GoAdmin] [37;44m 200 [0m [37;104m GET   [0m /admin/info/complaint_management
2026-06-20T10:31:24.371+0700	controller/handler.go:24	[GoAdmin] [37;44m 200 [0m [37;104m GET   [0m /admin/info/Operationaudit
2026-06-20T10:38:20.674+0700	controller/handler.go:24	[GoAdmin] [37;44m 200 [0m [37;104m GET   [0m /admin/info/operation_servers
2026-06-20T10:38:25.385+0700	controller/handler.go:24	[GoAdmin] [37;44m 200 [0m [37;104m GET   [0m /admin/info/manager
2026-06-20T11:11:13.475+0700	controller/handler.go:24	[GoAdmin] [37;44m 200 [0m [37;104m GET   [0m /admin/info/operation_servers
2026-06-20T11:11:19.735+0700	controller/handler.go:24	[GoAdmin] [37;44m 200 [0m [37;104m GET   [0m /admin/info/Operationaudit
2026-06-20T11:11:21.347+0700	controller/handler.go:24	[GoAdmin] [37;44m 200 [0m [37;104m GET   [0m /admin/info/Operationaudit
2026-06-20T11:11:23.345+0700	controller/handler.go:24	[GoAdmin] [37;44m 200 [0m [37;104m GET   [0m /admin/info/TClientVersionTable
2026-06-20T11:11:26.969+0700	controller/handler.go:24	[GoAdmin] [37;44m 200 [0m [37;104m GET   [0m /admin/info/t_account_characters
2026-06-20T11:11:29.218+0700	controller/handler.go:24	[GoAdmin] [37;44m 200 [0m [37;104m GET   [0m /admin/info/operation_servers
2026-06-20T11:11:37.669+0700	controller/handler.go:24	[GoAdmin] [37;44m 200 [0m [37;104m GET   [0m /admin/info/operation_servers/edit
