2022-06-06T11:10:08.164+0800	[31mERROR[0m	controller/handler.go:31	Error 1146: Table 'go-admin.auth_user_table' doesn't exist
github.com/GoAdminGroup/go-admin/plugins/admin/controller.(*Handler).GlobalDeferHandler
	F:/go-admin/admin/go-admin@v1.2.23/plugins/admin/controller/handler.go:31
runtime.gopanic
	C:/Program Files/Go/src/runtime/panic.go:1047
github.com/GoAdminGroup/go-admin/modules/db.CommonQuery
	F:/go-admin/admin/go-admin@v1.2.23/modules/db/performer.go:20
github.com/GoAdminGroup/go-admin/modules/db.(*Mysql).QueryWithConnection
	F:/go-admin/admin/go-admin@v1.2.23/modules/db/mysql.go:83
github.com/GoAdminGroup/go-admin/modules/db.(*Mysql).QueryWith
	F:/go-admin/admin/go-admin@v1.2.23/modules/db/mysql.go:115
github.com/GoAdminGroup/go-admin/modules/db.(*SQL).First
	F:/go-admin/admin/go-admin@v1.2.23/modules/db/statement.go:424
github.com/GoAdminGroup/go-admin/plugins/admin/models.UserModel.FindByUserName
	F:/go-admin/admin/go-admin@v1.2.23/plugins/admin/models/user.go:70
github.com/GoAdminGroup/go-admin/modules/auth.Check
	F:/go-admin/admin/go-admin@v1.2.23/modules/auth/auth.go:29
github.com/GoAdminGroup/go-admin/plugins/admin/controller.(*Handler).Auth
	F:/go-admin/admin/go-admin@v1.2.23/plugins/admin/controller/auth.go:51
github.com/GoAdminGroup/go-admin/context.(*Context).Next
	F:/go-admin/admin/go-admin@v1.2.23/context/context.go:101
github.com/GoAdminGroup/go-admin/plugins/admin.(*Admin).globalErrorHandler
	F:/go-admin/admin/go-admin@v1.2.23/plugins/admin/router.go:106
github.com/GoAdminGroup/go-admin/context.(*Context).Next
	F:/go-admin/admin/go-admin@v1.2.23/context/context.go:101
github.com/GoAdminGroup/go-admin/adapter/gin.(*Gin).AddHandler.func1
	F:/go-admin/admin/go-admin@v1.2.23/adapter/gin/gin.go:91
github.com/gin-gonic/gin.(*Context).Next
	D:/goproject/pkg/mod/github.com/gin-gonic/gin@v1.7.7/context.go:168
github.com/gin-gonic/gin.CustomRecoveryWithWriter.func1
	D:/goproject/pkg/mod/github.com/gin-gonic/gin@v1.7.7/recovery.go:99
github.com/gin-gonic/gin.(*Context).Next
	D:/goproject/pkg/mod/github.com/gin-gonic/gin@v1.7.7/context.go:168
github.com/gin-gonic/gin.LoggerWithConfig.func1
	D:/goproject/pkg/mod/github.com/gin-gonic/gin@v1.7.7/logger.go:241
github.com/gin-gonic/gin.(*Context).Next
	D:/goproject/pkg/mod/github.com/gin-gonic/gin@v1.7.7/context.go:168
github.com/gin-gonic/gin.(*Engine).handleHTTPRequest
	D:/goproject/pkg/mod/github.com/gin-gonic/gin@v1.7.7/gin.go:555
github.com/gin-gonic/gin.(*Engine).ServeHTTP
	D:/goproject/pkg/mod/github.com/gin-gonic/gin@v1.7.7/gin.go:511
net/http.serverHandler.ServeHTTP
	C:/Program Files/Go/src/net/http/server.go:2878
net/http.(*conn).serve
	C:/Program Files/Go/src/net/http/server.go:1929
2022-06-06T11:10:09.907+0800	[31mERROR[0m	controller/handler.go:31	Error 1146: Table 'go-admin.auth_user_table' doesn't exist
github.com/GoAdminGroup/go-admin/plugins/admin/controller.(*Handler).GlobalDeferHandler
	F:/go-admin/admin/go-admin@v1.2.23/plugins/admin/controller/handler.go:31
runtime.gopanic
	C:/Program Files/Go/src/runtime/panic.go:1047
github.com/GoAdminGroup/go-admin/modules/db.CommonQuery
	F:/go-admin/admin/go-admin@v1.2.23/modules/db/performer.go:20
github.com/GoAdminGroup/go-admin/modules/db.(*Mysql).QueryWithConnection
	F:/go-admin/admin/go-admin@v1.2.23/modules/db/mysql.go:83
github.com/GoAdminGroup/go-admin/modules/db.(*Mysql).QueryWith
	F:/go-admin/admin/go-admin@v1.2.23/modules/db/mysql.go:115
github.com/GoAdminGroup/go-admin/modules/db.(*SQL).First
	F:/go-admin/admin/go-admin@v1.2.23/modules/db/statement.go:424
github.com/GoAdminGroup/go-admin/plugins/admin/models.UserModel.FindByUserName
	F:/go-admin/admin/go-admin@v1.2.23/plugins/admin/models/user.go:70
github.com/GoAdminGroup/go-admin/modules/auth.Check
	F:/go-admin/admin/go-admin@v1.2.23/modules/auth/auth.go:29
github.com/GoAdminGroup/go-admin/plugins/admin/controller.(*Handler).Auth
	F:/go-admin/admin/go-admin@v1.2.23/plugins/admin/controller/auth.go:51
github.com/GoAdminGroup/go-admin/context.(*Context).Next
	F:/go-admin/admin/go-admin@v1.2.23/context/context.go:101
github.com/GoAdminGroup/go-admin/plugins/admin.(*Admin).globalErrorHandler
	F:/go-admin/admin/go-admin@v1.2.23/plugins/admin/router.go:106
github.com/GoAdminGroup/go-admin/context.(*Context).Next
	F:/go-admin/admin/go-admin@v1.2.23/context/context.go:101
github.com/GoAdminGroup/go-admin/adapter/gin.(*Gin).AddHandler.func1
	F:/go-admin/admin/go-admin@v1.2.23/adapter/gin/gin.go:91
github.com/gin-gonic/gin.(*Context).Next
	D:/goproject/pkg/mod/github.com/gin-gonic/gin@v1.7.7/context.go:168
github.com/gin-gonic/gin.CustomRecoveryWithWriter.func1
	D:/goproject/pkg/mod/github.com/gin-gonic/gin@v1.7.7/recovery.go:99
github.com/gin-gonic/gin.(*Context).Next
	D:/goproject/pkg/mod/github.com/gin-gonic/gin@v1.7.7/context.go:168
github.com/gin-gonic/gin.LoggerWithConfig.func1
	D:/goproject/pkg/mod/github.com/gin-gonic/gin@v1.7.7/logger.go:241
github.com/gin-gonic/gin.(*Context).Next
	D:/goproject/pkg/mod/github.com/gin-gonic/gin@v1.7.7/context.go:168
github.com/gin-gonic/gin.(*Engine).handleHTTPRequest
	D:/goproject/pkg/mod/github.com/gin-gonic/gin@v1.7.7/gin.go:555
github.com/gin-gonic/gin.(*Engine).ServeHTTP
	D:/goproject/pkg/mod/github.com/gin-gonic/gin@v1.7.7/gin.go:511
net/http.serverHandler.ServeHTTP
	C:/Program Files/Go/src/net/http/server.go:2878
net/http.(*conn).serve
	C:/Program Files/Go/src/net/http/server.go:1929
2022-06-07T10:19:58.617+0800	[31mERROR[0m	controller/edit.go:174	update data error: password does not match
github.com/GoAdminGroup/go-admin/plugins/admin/controller.(*Handler).EditForm
	F:/go-admin/admin/go-admin@v1.2.23/plugins/admin/controller/edit.go:174
github.com/GoAdminGroup/go-admin/context.(*Context).Next
	F:/go-admin/admin/go-admin@v1.2.23/context/context.go:101
github.com/GoAdminGroup/go-admin/plugins/admin/modules/guard.(*Guard).EditForm
	F:/go-admin/admin/go-admin@v1.2.23/plugins/admin/modules/guard/edit.go:143
github.com/GoAdminGroup/go-admin/context.(*Context).Next
	F:/go-admin/admin/go-admin@v1.2.23/context/context.go:101
github.com/GoAdminGroup/go-admin/plugins/admin/modules/guard.(*Guard).CheckPrefix
	F:/go-admin/admin/go-admin@v1.2.23/plugins/admin/modules/guard/guard.go:51
github.com/GoAdminGroup/go-admin/context.(*Context).Next
	F:/go-admin/admin/go-admin@v1.2.23/context/context.go:101
github.com/GoAdminGroup/go-admin/modules/auth.(*Invoker).Middleware.func1
	F:/go-admin/admin/go-admin@v1.2.23/modules/auth/middleware.go:132
github.com/GoAdminGroup/go-admin/context.(*Context).Next
	F:/go-admin/admin/go-admin@v1.2.23/context/context.go:101
github.com/GoAdminGroup/go-admin/plugins/admin.(*Admin).globalErrorHandler
	F:/go-admin/admin/go-admin@v1.2.23/plugins/admin/router.go:106
github.com/GoAdminGroup/go-admin/context.(*Context).Next
	F:/go-admin/admin/go-admin@v1.2.23/context/context.go:101
github.com/GoAdminGroup/go-admin/adapter/gin.(*Gin).AddHandler.func1
	F:/go-admin/admin/go-admin@v1.2.23/adapter/gin/gin.go:91
github.com/gin-gonic/gin.(*Context).Next
	D:/goproject/pkg/mod/github.com/gin-gonic/gin@v1.7.7/context.go:168
github.com/gin-gonic/gin.CustomRecoveryWithWriter.func1
	D:/goproject/pkg/mod/github.com/gin-gonic/gin@v1.7.7/recovery.go:99
github.com/gin-gonic/gin.(*Context).Next
	D:/goproject/pkg/mod/github.com/gin-gonic/gin@v1.7.7/context.go:168
github.com/gin-gonic/gin.LoggerWithConfig.func1
	D:/goproject/pkg/mod/github.com/gin-gonic/gin@v1.7.7/logger.go:241
github.com/gin-gonic/gin.(*Context).Next
	D:/goproject/pkg/mod/github.com/gin-gonic/gin@v1.7.7/context.go:168
github.com/gin-gonic/gin.(*Engine).handleHTTPRequest
	D:/goproject/pkg/mod/github.com/gin-gonic/gin@v1.7.7/gin.go:555
github.com/gin-gonic/gin.(*Engine).ServeHTTP
	D:/goproject/pkg/mod/github.com/gin-gonic/gin@v1.7.7/gin.go:511
net/http.serverHandler.ServeHTTP
	C:/Program Files/Go/src/net/http/server.go:2878
net/http.(*conn).serve
	C:/Program Files/Go/src/net/http/server.go:1929
2022-06-07T10:20:14.025+0800	[31mERROR[0m	controller/edit.go:174	update data error: password does not match
github.com/GoAdminGroup/go-admin/plugins/admin/controller.(*Handler).EditForm
	F:/go-admin/admin/go-admin@v1.2.23/plugins/admin/controller/edit.go:174
github.com/GoAdminGroup/go-admin/context.(*Context).Next
	F:/go-admin/admin/go-admin@v1.2.23/context/context.go:101
github.com/GoAdminGroup/go-admin/plugins/admin/modules/guard.(*Guard).EditForm
	F:/go-admin/admin/go-admin@v1.2.23/plugins/admin/modules/guard/edit.go:143
github.com/GoAdminGroup/go-admin/context.(*Context).Next
	F:/go-admin/admin/go-admin@v1.2.23/context/context.go:101
github.com/GoAdminGroup/go-admin/plugins/admin/modules/guard.(*Guard).CheckPrefix
	F:/go-admin/admin/go-admin@v1.2.23/plugins/admin/modules/guard/guard.go:51
github.com/GoAdminGroup/go-admin/context.(*Context).Next
	F:/go-admin/admin/go-admin@v1.2.23/context/context.go:101
github.com/GoAdminGroup/go-admin/modules/auth.(*Invoker).Middleware.func1
	F:/go-admin/admin/go-admin@v1.2.23/modules/auth/middleware.go:132
github.com/GoAdminGroup/go-admin/context.(*Context).Next
	F:/go-admin/admin/go-admin@v1.2.23/context/context.go:101
github.com/GoAdminGroup/go-admin/plugins/admin.(*Admin).globalErrorHandler
	F:/go-admin/admin/go-admin@v1.2.23/plugins/admin/router.go:106
github.com/GoAdminGroup/go-admin/context.(*Context).Next
	F:/go-admin/admin/go-admin@v1.2.23/context/context.go:101
github.com/GoAdminGroup/go-admin/adapter/gin.(*Gin).AddHandler.func1
	F:/go-admin/admin/go-admin@v1.2.23/adapter/gin/gin.go:91
github.com/gin-gonic/gin.(*Context).Next
	D:/goproject/pkg/mod/github.com/gin-gonic/gin@v1.7.7/context.go:168
github.com/gin-gonic/gin.CustomRecoveryWithWriter.func1
	D:/goproject/pkg/mod/github.com/gin-gonic/gin@v1.7.7/recovery.go:99
github.com/gin-gonic/gin.(*Context).Next
	D:/goproject/pkg/mod/github.com/gin-gonic/gin@v1.7.7/context.go:168
github.com/gin-gonic/gin.LoggerWithConfig.func1
	D:/goproject/pkg/mod/github.com/gin-gonic/gin@v1.7.7/logger.go:241
github.com/gin-gonic/gin.(*Context).Next
	D:/goproject/pkg/mod/github.com/gin-gonic/gin@v1.7.7/context.go:168
github.com/gin-gonic/gin.(*Engine).handleHTTPRequest
	D:/goproject/pkg/mod/github.com/gin-gonic/gin@v1.7.7/gin.go:555
github.com/gin-gonic/gin.(*Engine).ServeHTTP
	D:/goproject/pkg/mod/github.com/gin-gonic/gin@v1.7.7/gin.go:511
net/http.serverHandler.ServeHTTP
	C:/Program Files/Go/src/net/http/server.go:2878
net/http.(*conn).serve
	C:/Program Files/Go/src/net/http/server.go:1929
2022-06-09T15:23:46.550+0800	[31mERROR[0m	controller/edit.go:174	update data error: password does not match
github.com/GoAdminGroup/go-admin/plugins/admin/controller.(*Handler).EditForm
	F:/go-admin/admin/go-admin@v1.2.23/plugins/admin/controller/edit.go:174
github.com/GoAdminGroup/go-admin/context.(*Context).Next
	F:/go-admin/admin/go-admin@v1.2.23/context/context.go:101
github.com/GoAdminGroup/go-admin/plugins/admin/modules/guard.(*Guard).EditForm
	F:/go-admin/admin/go-admin@v1.2.23/plugins/admin/modules/guard/edit.go:143
github.com/GoAdminGroup/go-admin/context.(*Context).Next
	F:/go-admin/admin/go-admin@v1.2.23/context/context.go:101
github.com/GoAdminGroup/go-admin/plugins/admin/modules/guard.(*Guard).CheckPrefix
	F:/go-admin/admin/go-admin@v1.2.23/plugins/admin/modules/guard/guard.go:51
github.com/GoAdminGroup/go-admin/context.(*Context).Next
	F:/go-admin/admin/go-admin@v1.2.23/context/context.go:101
github.com/GoAdminGroup/go-admin/modules/auth.(*Invoker).Middleware.func1
	F:/go-admin/admin/go-admin@v1.2.23/modules/auth/middleware.go:132
github.com/GoAdminGroup/go-admin/context.(*Context).Next
	F:/go-admin/admin/go-admin@v1.2.23/context/context.go:101
github.com/GoAdminGroup/go-admin/plugins/admin.(*Admin).globalErrorHandler
	F:/go-admin/admin/go-admin@v1.2.23/plugins/admin/router.go:106
github.com/GoAdminGroup/go-admin/context.(*Context).Next
	F:/go-admin/admin/go-admin@v1.2.23/context/context.go:101
github.com/GoAdminGroup/go-admin/adapter/gin.(*Gin).AddHandler.func1
	F:/go-admin/admin/go-admin@v1.2.23/adapter/gin/gin.go:91
github.com/gin-gonic/gin.(*Context).Next
	D:/goproject/pkg/mod/github.com/gin-gonic/gin@v1.7.7/context.go:168
github.com/gin-gonic/gin.CustomRecoveryWithWriter.func1
	D:/goproject/pkg/mod/github.com/gin-gonic/gin@v1.7.7/recovery.go:99
github.com/gin-gonic/gin.(*Context).Next
	D:/goproject/pkg/mod/github.com/gin-gonic/gin@v1.7.7/context.go:168
github.com/gin-gonic/gin.LoggerWithConfig.func1
	D:/goproject/pkg/mod/github.com/gin-gonic/gin@v1.7.7/logger.go:241
github.com/gin-gonic/gin.(*Context).Next
	D:/goproject/pkg/mod/github.com/gin-gonic/gin@v1.7.7/context.go:168
github.com/gin-gonic/gin.(*Engine).handleHTTPRequest
	D:/goproject/pkg/mod/github.com/gin-gonic/gin@v1.7.7/gin.go:555
github.com/gin-gonic/gin.(*Engine).ServeHTTP
	D:/goproject/pkg/mod/github.com/gin-gonic/gin@v1.7.7/gin.go:511
net/http.serverHandler.ServeHTTP
	C:/Program Files/Go/src/net/http/server.go:2878
net/http.(*conn).serve
	C:/Program Files/Go/src/net/http/server.go:1929
2022-06-09T15:37:44.682+0800	[31mERROR[0m	controller/edit.go:174	update data error: password does not match
github.com/GoAdminGroup/go-admin/plugins/admin/controller.(*Handler).EditForm
	F:/go-admin/admin/go-admin@v1.2.23/plugins/admin/controller/edit.go:174
github.com/GoAdminGroup/go-admin/context.(*Context).Next
	F:/go-admin/admin/go-admin@v1.2.23/context/context.go:101
github.com/GoAdminGroup/go-admin/plugins/admin/modules/guard.(*Guard).EditForm
	F:/go-admin/admin/go-admin@v1.2.23/plugins/admin/modules/guard/edit.go:143
github.com/GoAdminGroup/go-admin/context.(*Context).Next
	F:/go-admin/admin/go-admin@v1.2.23/context/context.go:101
github.com/GoAdminGroup/go-admin/plugins/admin/modules/guard.(*Guard).CheckPrefix
	F:/go-admin/admin/go-admin@v1.2.23/plugins/admin/modules/guard/guard.go:51
github.com/GoAdminGroup/go-admin/context.(*Context).Next
	F:/go-admin/admin/go-admin@v1.2.23/context/context.go:101
github.com/GoAdminGroup/go-admin/modules/auth.(*Invoker).Middleware.func1
	F:/go-admin/admin/go-admin@v1.2.23/modules/auth/middleware.go:132
github.com/GoAdminGroup/go-admin/context.(*Context).Next
	F:/go-admin/admin/go-admin@v1.2.23/context/context.go:101
github.com/GoAdminGroup/go-admin/plugins/admin.(*Admin).globalErrorHandler
	F:/go-admin/admin/go-admin@v1.2.23/plugins/admin/router.go:106
github.com/GoAdminGroup/go-admin/context.(*Context).Next
	F:/go-admin/admin/go-admin@v1.2.23/context/context.go:101
github.com/GoAdminGroup/go-admin/adapter/gin.(*Gin).AddHandler.func1
	F:/go-admin/admin/go-admin@v1.2.23/adapter/gin/gin.go:91
github.com/gin-gonic/gin.(*Context).Next
	D:/goproject/pkg/mod/github.com/gin-gonic/gin@v1.7.7/context.go:168
github.com/gin-gonic/gin.CustomRecoveryWithWriter.func1
	D:/goproject/pkg/mod/github.com/gin-gonic/gin@v1.7.7/recovery.go:99
github.com/gin-gonic/gin.(*Context).Next
	D:/goproject/pkg/mod/github.com/gin-gonic/gin@v1.7.7/context.go:168
github.com/gin-gonic/gin.LoggerWithConfig.func1
	D:/goproject/pkg/mod/github.com/gin-gonic/gin@v1.7.7/logger.go:241
github.com/gin-gonic/gin.(*Context).Next
	D:/goproject/pkg/mod/github.com/gin-gonic/gin@v1.7.7/context.go:168
github.com/gin-gonic/gin.(*Engine).handleHTTPRequest
	D:/goproject/pkg/mod/github.com/gin-gonic/gin@v1.7.7/gin.go:555
github.com/gin-gonic/gin.(*Engine).ServeHTTP
	D:/goproject/pkg/mod/github.com/gin-gonic/gin@v1.7.7/gin.go:511
net/http.serverHandler.ServeHTTP
	C:/Program Files/Go/src/net/http/server.go:2878
net/http.(*conn).serve
	C:/Program Files/Go/src/net/http/server.go:1929
2022-06-10T18:21:58.778+0800	[31mERROR[0m	controller/handler.go:31	runtime error: index out of range [0] with length 0
github.com/GoAdminGroup/go-admin/plugins/admin/controller.(*Handler).GlobalDeferHandler
	F:/go-admin/admin/go-admin@v1.2.23/plugins/admin/controller/handler.go:31
runtime.gopanic
	C:/Program Files/Go/src/runtime/panic.go:1047
runtime.goPanicIndex
	C:/Program Files/Go/src/runtime/panic.go:90
github.com/GoAdminGroup/go-admin/template/types.(*InfoPanel).FieldFilterOptions
	F:/go-admin/admin/go-admin@v1.2.23/template/types/info.go:1317
admin/pages/AutoPages.GetTNoticesTable
	F:/go-admin/admin/pages/AutoPages/t_notices.go:64
github.com/GoAdminGroup/go-admin/plugins/admin/controller.(*Handler).table
	F:/go-admin/admin/go-admin@v1.2.23/plugins/admin/controller/common.go:81
github.com/GoAdminGroup/go-admin/plugins/admin/controller.(*Handler).ShowInfo
	F:/go-admin/admin/go-admin@v1.2.23/plugins/admin/controller/show.go:40
github.com/GoAdminGroup/go-admin/context.(*Context).Next
	F:/go-admin/admin/go-admin@v1.2.23/context/context.go:101
github.com/GoAdminGroup/go-admin/plugins/admin/modules/guard.(*Guard).CheckPrefix
	F:/go-admin/admin/go-admin@v1.2.23/plugins/admin/modules/guard/guard.go:51
github.com/GoAdminGroup/go-admin/context.(*Context).Next
	F:/go-admin/admin/go-admin@v1.2.23/context/context.go:101
github.com/GoAdminGroup/go-admin/modules/auth.(*Invoker).Middleware.func1
	F:/go-admin/admin/go-admin@v1.2.23/modules/auth/middleware.go:132
github.com/GoAdminGroup/go-admin/context.(*Context).Next
	F:/go-admin/admin/go-admin@v1.2.23/context/context.go:101
github.com/GoAdminGroup/go-admin/plugins/admin.(*Admin).globalErrorHandler
	F:/go-admin/admin/go-admin@v1.2.23/plugins/admin/router.go:106
github.com/GoAdminGroup/go-admin/context.(*Context).Next
	F:/go-admin/admin/go-admin@v1.2.23/context/context.go:101
github.com/GoAdminGroup/go-admin/adapter/gin.(*Gin).AddHandler.func1
	F:/go-admin/admin/go-admin@v1.2.23/adapter/gin/gin.go:91
github.com/gin-gonic/gin.(*Context).Next
	D:/goproject/pkg/mod/github.com/gin-gonic/gin@v1.7.7/context.go:168
github.com/gin-gonic/gin.CustomRecoveryWithWriter.func1
	D:/goproject/pkg/mod/github.com/gin-gonic/gin@v1.7.7/recovery.go:99
github.com/gin-gonic/gin.(*Context).Next
	D:/goproject/pkg/mod/github.com/gin-gonic/gin@v1.7.7/context.go:168
github.com/gin-gonic/gin.LoggerWithConfig.func1
	D:/goproject/pkg/mod/github.com/gin-gonic/gin@v1.7.7/logger.go:241
github.com/gin-gonic/gin.(*Context).Next
	D:/goproject/pkg/mod/github.com/gin-gonic/gin@v1.7.7/context.go:168
github.com/gin-gonic/gin.(*Engine).handleHTTPRequest
	D:/goproject/pkg/mod/github.com/gin-gonic/gin@v1.7.7/gin.go:555
github.com/gin-gonic/gin.(*Engine).ServeHTTP
	D:/goproject/pkg/mod/github.com/gin-gonic/gin@v1.7.7/gin.go:511
net/http.serverHandler.ServeHTTP
	C:/Program Files/Go/src/net/http/server.go:2878
net/http.(*conn).serve
	C:/Program Files/Go/src/net/http/server.go:1929
2022-06-10T18:22:33.932+0800	[31mERROR[0m	controller/handler.go:31	runtime error: index out of range [0] with length 0
github.com/GoAdminGroup/go-admin/plugins/admin/controller.(*Handler).GlobalDeferHandler
	F:/go-admin/admin/go-admin@v1.2.23/plugins/admin/controller/handler.go:31
runtime.gopanic
	C:/Program Files/Go/src/runtime/panic.go:1047
runtime.goPanicIndex
	C:/Program Files/Go/src/runtime/panic.go:90
github.com/GoAdminGroup/go-admin/template/types.(*InfoPanel).FieldFilterOptions
	F:/go-admin/admin/go-admin@v1.2.23/template/types/info.go:1317
admin/pages/AutoPages.GetTNoticesTable
	F:/go-admin/admin/pages/AutoPages/t_notices.go:64
github.com/GoAdminGroup/go-admin/plugins/admin/controller.(*Handler).table
	F:/go-admin/admin/go-admin@v1.2.23/plugins/admin/controller/common.go:81
github.com/GoAdminGroup/go-admin/plugins/admin/controller.(*Handler).ShowInfo
	F:/go-admin/admin/go-admin@v1.2.23/plugins/admin/controller/show.go:40
github.com/GoAdminGroup/go-admin/context.(*Context).Next
	F:/go-admin/admin/go-admin@v1.2.23/context/context.go:101
github.com/GoAdminGroup/go-admin/plugins/admin/modules/guard.(*Guard).CheckPrefix
	F:/go-admin/admin/go-admin@v1.2.23/plugins/admin/modules/guard/guard.go:51
github.com/GoAdminGroup/go-admin/context.(*Context).Next
	F:/go-admin/admin/go-admin@v1.2.23/context/context.go:101
github.com/GoAdminGroup/go-admin/modules/auth.(*Invoker).Middleware.func1
	F:/go-admin/admin/go-admin@v1.2.23/modules/auth/middleware.go:132
github.com/GoAdminGroup/go-admin/context.(*Context).Next
	F:/go-admin/admin/go-admin@v1.2.23/context/context.go:101
github.com/GoAdminGroup/go-admin/plugins/admin.(*Admin).globalErrorHandler
	F:/go-admin/admin/go-admin@v1.2.23/plugins/admin/router.go:106
github.com/GoAdminGroup/go-admin/context.(*Context).Next
	F:/go-admin/admin/go-admin@v1.2.23/context/context.go:101
github.com/GoAdminGroup/go-admin/adapter/gin.(*Gin).AddHandler.func1
	F:/go-admin/admin/go-admin@v1.2.23/adapter/gin/gin.go:91
github.com/gin-gonic/gin.(*Context).Next
	D:/goproject/pkg/mod/github.com/gin-gonic/gin@v1.7.7/context.go:168
github.com/gin-gonic/gin.CustomRecoveryWithWriter.func1
	D:/goproject/pkg/mod/github.com/gin-gonic/gin@v1.7.7/recovery.go:99
github.com/gin-gonic/gin.(*Context).Next
	D:/goproject/pkg/mod/github.com/gin-gonic/gin@v1.7.7/context.go:168
github.com/gin-gonic/gin.LoggerWithConfig.func1
	D:/goproject/pkg/mod/github.com/gin-gonic/gin@v1.7.7/logger.go:241
github.com/gin-gonic/gin.(*Context).Next
	D:/goproject/pkg/mod/github.com/gin-gonic/gin@v1.7.7/context.go:168
github.com/gin-gonic/gin.(*Engine).handleHTTPRequest
	D:/goproject/pkg/mod/github.com/gin-gonic/gin@v1.7.7/gin.go:555
github.com/gin-gonic/gin.(*Engine).ServeHTTP
	D:/goproject/pkg/mod/github.com/gin-gonic/gin@v1.7.7/gin.go:511
net/http.serverHandler.ServeHTTP
	C:/Program Files/Go/src/net/http/server.go:2878
net/http.(*conn).serve
	C:/Program Files/Go/src/net/http/server.go:1929
2022-06-10T18:25:35.220+0800	[31mERROR[0m	controller/handler.go:31	runtime error: index out of range [0] with length 0
github.com/GoAdminGroup/go-admin/plugins/admin/controller.(*Handler).GlobalDeferHandler
	F:/go-admin/admin/go-admin@v1.2.23/plugins/admin/controller/handler.go:31
runtime.gopanic
	C:/Program Files/Go/src/runtime/panic.go:1047
runtime.goPanicIndex
	C:/Program Files/Go/src/runtime/panic.go:90
github.com/GoAdminGroup/go-admin/template/types.(*InfoPanel).FieldFilterOptions
	F:/go-admin/admin/go-admin@v1.2.23/template/types/info.go:1317
admin/pages/AutoPages.GetTNoticesTable
	F:/go-admin/admin/pages/AutoPages/t_notices.go:64
github.com/GoAdminGroup/go-admin/plugins/admin/controller.(*Handler).table
	F:/go-admin/admin/go-admin@v1.2.23/plugins/admin/controller/common.go:81
github.com/GoAdminGroup/go-admin/plugins/admin/controller.(*Handler).ShowInfo
	F:/go-admin/admin/go-admin@v1.2.23/plugins/admin/controller/show.go:40
github.com/GoAdminGroup/go-admin/context.(*Context).Next
	F:/go-admin/admin/go-admin@v1.2.23/context/context.go:101
github.com/GoAdminGroup/go-admin/plugins/admin/modules/guard.(*Guard).CheckPrefix
	F:/go-admin/admin/go-admin@v1.2.23/plugins/admin/modules/guard/guard.go:51
github.com/GoAdminGroup/go-admin/context.(*Context).Next
	F:/go-admin/admin/go-admin@v1.2.23/context/context.go:101
github.com/GoAdminGroup/go-admin/modules/auth.(*Invoker).Middleware.func1
	F:/go-admin/admin/go-admin@v1.2.23/modules/auth/middleware.go:132
github.com/GoAdminGroup/go-admin/context.(*Context).Next
	F:/go-admin/admin/go-admin@v1.2.23/context/context.go:101
github.com/GoAdminGroup/go-admin/plugins/admin.(*Admin).globalErrorHandler
	F:/go-admin/admin/go-admin@v1.2.23/plugins/admin/router.go:106
github.com/GoAdminGroup/go-admin/context.(*Context).Next
	F:/go-admin/admin/go-admin@v1.2.23/context/context.go:101
github.com/GoAdminGroup/go-admin/adapter/gin.(*Gin).AddHandler.func1
	F:/go-admin/admin/go-admin@v1.2.23/adapter/gin/gin.go:91
github.com/gin-gonic/gin.(*Context).Next
	D:/goproject/pkg/mod/github.com/gin-gonic/gin@v1.7.7/context.go:168
github.com/gin-gonic/gin.CustomRecoveryWithWriter.func1
	D:/goproject/pkg/mod/github.com/gin-gonic/gin@v1.7.7/recovery.go:99
github.com/gin-gonic/gin.(*Context).Next
	D:/goproject/pkg/mod/github.com/gin-gonic/gin@v1.7.7/context.go:168
github.com/gin-gonic/gin.LoggerWithConfig.func1
	D:/goproject/pkg/mod/github.com/gin-gonic/gin@v1.7.7/logger.go:241
github.com/gin-gonic/gin.(*Context).Next
	D:/goproject/pkg/mod/github.com/gin-gonic/gin@v1.7.7/context.go:168
github.com/gin-gonic/gin.(*Engine).handleHTTPRequest
	D:/goproject/pkg/mod/github.com/gin-gonic/gin@v1.7.7/gin.go:555
github.com/gin-gonic/gin.(*Engine).ServeHTTP
	D:/goproject/pkg/mod/github.com/gin-gonic/gin@v1.7.7/gin.go:511
net/http.serverHandler.ServeHTTP
	C:/Program Files/Go/src/net/http/server.go:2878
net/http.(*conn).serve
	C:/Program Files/Go/src/net/http/server.go:1929
2022-06-10T18:25:54.076+0800	[31mERROR[0m	controller/handler.go:31	runtime error: index out of range [0] with length 0
github.com/GoAdminGroup/go-admin/plugins/admin/controller.(*Handler).GlobalDeferHandler
	F:/go-admin/admin/go-admin@v1.2.23/plugins/admin/controller/handler.go:31
runtime.gopanic
	C:/Program Files/Go/src/runtime/panic.go:1047
runtime.goPanicIndex
	C:/Program Files/Go/src/runtime/panic.go:90
github.com/GoAdminGroup/go-admin/template/types.(*InfoPanel).FieldFilterOptions
	F:/go-admin/admin/go-admin@v1.2.23/template/types/info.go:1317
admin/pages/AutoPages.GetTNoticesTable
	F:/go-admin/admin/pages/AutoPages/t_notices.go:64
github.com/GoAdminGroup/go-admin/plugins/admin/controller.(*Handler).table
	F:/go-admin/admin/go-admin@v1.2.23/plugins/admin/controller/common.go:81
github.com/GoAdminGroup/go-admin/plugins/admin/controller.(*Handler).ShowInfo
	F:/go-admin/admin/go-admin@v1.2.23/plugins/admin/controller/show.go:40
github.com/GoAdminGroup/go-admin/context.(*Context).Next
	F:/go-admin/admin/go-admin@v1.2.23/context/context.go:101
github.com/GoAdminGroup/go-admin/plugins/admin/modules/guard.(*Guard).CheckPrefix
	F:/go-admin/admin/go-admin@v1.2.23/plugins/admin/modules/guard/guard.go:51
github.com/GoAdminGroup/go-admin/context.(*Context).Next
	F:/go-admin/admin/go-admin@v1.2.23/context/context.go:101
github.com/GoAdminGroup/go-admin/modules/auth.(*Invoker).Middleware.func1
	F:/go-admin/admin/go-admin@v1.2.23/modules/auth/middleware.go:132
github.com/GoAdminGroup/go-admin/context.(*Context).Next
	F:/go-admin/admin/go-admin@v1.2.23/context/context.go:101
github.com/GoAdminGroup/go-admin/plugins/admin.(*Admin).globalErrorHandler
	F:/go-admin/admin/go-admin@v1.2.23/plugins/admin/router.go:106
github.com/GoAdminGroup/go-admin/context.(*Context).Next
	F:/go-admin/admin/go-admin@v1.2.23/context/context.go:101
github.com/GoAdminGroup/go-admin/adapter/gin.(*Gin).AddHandler.func1
	F:/go-admin/admin/go-admin@v1.2.23/adapter/gin/gin.go:91
github.com/gin-gonic/gin.(*Context).Next
	D:/goproject/pkg/mod/github.com/gin-gonic/gin@v1.7.7/context.go:168
github.com/gin-gonic/gin.CustomRecoveryWithWriter.func1
	D:/goproject/pkg/mod/github.com/gin-gonic/gin@v1.7.7/recovery.go:99
github.com/gin-gonic/gin.(*Context).Next
	D:/goproject/pkg/mod/github.com/gin-gonic/gin@v1.7.7/context.go:168
github.com/gin-gonic/gin.LoggerWithConfig.func1
	D:/goproject/pkg/mod/github.com/gin-gonic/gin@v1.7.7/logger.go:241
github.com/gin-gonic/gin.(*Context).Next
	D:/goproject/pkg/mod/github.com/gin-gonic/gin@v1.7.7/context.go:168
github.com/gin-gonic/gin.(*Engine).handleHTTPRequest
	D:/goproject/pkg/mod/github.com/gin-gonic/gin@v1.7.7/gin.go:555
github.com/gin-gonic/gin.(*Engine).ServeHTTP
	D:/goproject/pkg/mod/github.com/gin-gonic/gin@v1.7.7/gin.go:511
net/http.serverHandler.ServeHTTP
	C:/Program Files/Go/src/net/http/server.go:2878
net/http.(*conn).serve
	C:/Program Files/Go/src/net/http/server.go:1929
2022-06-10T18:27:50.730+0800	[31mERROR[0m	controller/handler.go:31	runtime error: index out of range [0] with length 0
github.com/GoAdminGroup/go-admin/plugins/admin/controller.(*Handler).GlobalDeferHandler
	F:/go-admin/admin/go-admin@v1.2.23/plugins/admin/controller/handler.go:31
runtime.gopanic
	C:/Program Files/Go/src/runtime/panic.go:1047
runtime.goPanicIndex
	C:/Program Files/Go/src/runtime/panic.go:90
github.com/GoAdminGroup/go-admin/template/types.(*InfoPanel).FieldFilterOptions
	F:/go-admin/admin/go-admin@v1.2.23/template/types/info.go:1317
admin/pages/AutoPages.GetTNoticesTable
	F:/go-admin/admin/pages/AutoPages/t_notices.go:64
github.com/GoAdminGroup/go-admin/plugins/admin/controller.(*Handler).table
	F:/go-admin/admin/go-admin@v1.2.23/plugins/admin/controller/common.go:81
github.com/GoAdminGroup/go-admin/plugins/admin/controller.(*Handler).ShowInfo
	F:/go-admin/admin/go-admin@v1.2.23/plugins/admin/controller/show.go:40
github.com/GoAdminGroup/go-admin/context.(*Context).Next
	F:/go-admin/admin/go-admin@v1.2.23/context/context.go:101
github.com/GoAdminGroup/go-admin/plugins/admin/modules/guard.(*Guard).CheckPrefix
	F:/go-admin/admin/go-admin@v1.2.23/plugins/admin/modules/guard/guard.go:51
github.com/GoAdminGroup/go-admin/context.(*Context).Next
	F:/go-admin/admin/go-admin@v1.2.23/context/context.go:101
github.com/GoAdminGroup/go-admin/modules/auth.(*Invoker).Middleware.func1
	F:/go-admin/admin/go-admin@v1.2.23/modules/auth/middleware.go:132
github.com/GoAdminGroup/go-admin/context.(*Context).Next
	F:/go-admin/admin/go-admin@v1.2.23/context/context.go:101
github.com/GoAdminGroup/go-admin/plugins/admin.(*Admin).globalErrorHandler
	F:/go-admin/admin/go-admin@v1.2.23/plugins/admin/router.go:106
github.com/GoAdminGroup/go-admin/context.(*Context).Next
	F:/go-admin/admin/go-admin@v1.2.23/context/context.go:101
github.com/GoAdminGroup/go-admin/adapter/gin.(*Gin).AddHandler.func1
	F:/go-admin/admin/go-admin@v1.2.23/adapter/gin/gin.go:91
github.com/gin-gonic/gin.(*Context).Next
	D:/goproject/pkg/mod/github.com/gin-gonic/gin@v1.7.7/context.go:168
github.com/gin-gonic/gin.CustomRecoveryWithWriter.func1
	D:/goproject/pkg/mod/github.com/gin-gonic/gin@v1.7.7/recovery.go:99
github.com/gin-gonic/gin.(*Context).Next
	D:/goproject/pkg/mod/github.com/gin-gonic/gin@v1.7.7/context.go:168
github.com/gin-gonic/gin.LoggerWithConfig.func1
	D:/goproject/pkg/mod/github.com/gin-gonic/gin@v1.7.7/logger.go:241
github.com/gin-gonic/gin.(*Context).Next
	D:/goproject/pkg/mod/github.com/gin-gonic/gin@v1.7.7/context.go:168
github.com/gin-gonic/gin.(*Engine).handleHTTPRequest
	D:/goproject/pkg/mod/github.com/gin-gonic/gin@v1.7.7/gin.go:555
github.com/gin-gonic/gin.(*Engine).ServeHTTP
	D:/goproject/pkg/mod/github.com/gin-gonic/gin@v1.7.7/gin.go:511
net/http.serverHandler.ServeHTTP
	C:/Program Files/Go/src/net/http/server.go:2878
net/http.(*conn).serve
	C:/Program Files/Go/src/net/http/server.go:1929
2022-06-16T18:38:57.655+0800	[31mERROR[0m	controller/handler.go:31	runtime error: invalid memory address or nil pointer dereference
github.com/GoAdminGroup/go-admin/plugins/admin/controller.(*Handler).GlobalDeferHandler
	F:/go-admin/admin/go-admin@v1.2.23/plugins/admin/controller/handler.go:31
runtime.gopanic
	C:/Program Files/Go/src/runtime/panic.go:1047
runtime.panicmem
	C:/Program Files/Go/src/runtime/panic.go:221
runtime.sigpanic
	C:/Program Files/Go/src/runtime/signal_windows.go:254
github.com/GoAdminGroup/go-admin/template/types.FieldDisplay.ToDisplay
	F:/go-admin/admin/go-admin@v1.2.23/template/types/display.go:39
github.com/GoAdminGroup/go-admin/plugins/admin/modules/table.(*DefaultTable).getTempModelData
	F:/go-admin/admin/go-admin@v1.2.23/plugins/admin/modules/table/default.go:356
github.com/GoAdminGroup/go-admin/plugins/admin/modules/table.(*DefaultTable).getDataFromDatabase
	F:/go-admin/admin/go-admin@v1.2.23/plugins/admin/modules/table/default.go:574
github.com/GoAdminGroup/go-admin/plugins/admin/modules/table.(*DefaultTable).GetData
	F:/go-admin/admin/go-admin@v1.2.23/plugins/admin/modules/table/default.go:148
github.com/GoAdminGroup/go-admin/plugins/admin/controller.(*Handler).showTableData
	F:/go-admin/admin/go-admin@v1.2.23/plugins/admin/controller/show.go:70
github.com/GoAdminGroup/go-admin/plugins/admin/controller.(*Handler).showTable
	F:/go-admin/admin/go-admin@v1.2.23/plugins/admin/controller/show.go:102
github.com/GoAdminGroup/go-admin/plugins/admin/controller.(*Handler).ShowInfo
	F:/go-admin/admin/go-admin@v1.2.23/plugins/admin/controller/show.go:60
github.com/GoAdminGroup/go-admin/context.(*Context).Next
	F:/go-admin/admin/go-admin@v1.2.23/context/context.go:101
github.com/GoAdminGroup/go-admin/plugins/admin/modules/guard.(*Guard).CheckPrefix
	F:/go-admin/admin/go-admin@v1.2.23/plugins/admin/modules/guard/guard.go:51
github.com/GoAdminGroup/go-admin/context.(*Context).Next
	F:/go-admin/admin/go-admin@v1.2.23/context/context.go:101
github.com/GoAdminGroup/go-admin/modules/auth.(*Invoker).Middleware.func1
	F:/go-admin/admin/go-admin@v1.2.23/modules/auth/middleware.go:132
github.com/GoAdminGroup/go-admin/context.(*Context).Next
	F:/go-admin/admin/go-admin@v1.2.23/context/context.go:101
github.com/GoAdminGroup/go-admin/plugins/admin.(*Admin).globalErrorHandler
	F:/go-admin/admin/go-admin@v1.2.23/plugins/admin/router.go:106
github.com/GoAdminGroup/go-admin/context.(*Context).Next
	F:/go-admin/admin/go-admin@v1.2.23/context/context.go:101
github.com/GoAdminGroup/go-admin/adapter/gin.(*Gin).AddHandler.func1
	F:/go-admin/admin/go-admin@v1.2.23/adapter/gin/gin.go:91
github.com/gin-gonic/gin.(*Context).Next
	D:/goproject/pkg/mod/github.com/gin-gonic/gin@v1.7.7/context.go:168
github.com/gin-gonic/gin.CustomRecoveryWithWriter.func1
	D:/goproject/pkg/mod/github.com/gin-gonic/gin@v1.7.7/recovery.go:99
github.com/gin-gonic/gin.(*Context).Next
	D:/goproject/pkg/mod/github.com/gin-gonic/gin@v1.7.7/context.go:168
github.com/gin-gonic/gin.LoggerWithConfig.func1
	D:/goproject/pkg/mod/github.com/gin-gonic/gin@v1.7.7/logger.go:241
github.com/gin-gonic/gin.(*Context).Next
	D:/goproject/pkg/mod/github.com/gin-gonic/gin@v1.7.7/context.go:168
github.com/gin-gonic/gin.(*Engine).handleHTTPRequest
	D:/goproject/pkg/mod/github.com/gin-gonic/gin@v1.7.7/gin.go:555
github.com/gin-gonic/gin.(*Engine).ServeHTTP
	D:/goproject/pkg/mod/github.com/gin-gonic/gin@v1.7.7/gin.go:511
net/http.serverHandler.ServeHTTP
	C:/Program Files/Go/src/net/http/server.go:2878
net/http.(*conn).serve
	C:/Program Files/Go/src/net/http/server.go:1929
2022-06-16T18:39:27.503+0800	[31mERROR[0m	controller/handler.go:31	runtime error: invalid memory address or nil pointer dereference
github.com/GoAdminGroup/go-admin/plugins/admin/controller.(*Handler).GlobalDeferHandler
	F:/go-admin/admin/go-admin@v1.2.23/plugins/admin/controller/handler.go:31
runtime.gopanic
	C:/Program Files/Go/src/runtime/panic.go:1047
runtime.panicmem
	C:/Program Files/Go/src/runtime/panic.go:221
runtime.sigpanic
	C:/Program Files/Go/src/runtime/signal_windows.go:254
database/sql.(*DB).conn
	C:/Program Files/Go/src/database/sql/sql.go:1260
database/sql.(*DB).query
	C:/Program Files/Go/src/database/sql/sql.go:1695
database/sql.(*DB).QueryContext
	C:/Program Files/Go/src/database/sql/sql.go:1674
database/sql.(*DB).Query
	C:/Program Files/Go/src/database/sql/sql.go:1691
github.com/GoAdminGroup/go-admin/modules/db.CommonQuery
	F:/go-admin/admin/go-admin@v1.2.23/modules/db/performer.go:17
github.com/GoAdminGroup/go-admin/modules/db.(*Mysql).QueryWithConnection
	F:/go-admin/admin/go-admin@v1.2.23/modules/db/mysql.go:83
github.com/GoAdminGroup/go-admin/modules/db.(*SQL).ShowColumns
	F:/go-admin/admin/go-admin@v1.2.23/modules/db/statement.go:449
github.com/GoAdminGroup/go-admin/plugins/admin/modules/table.(*DefaultTable).getColumns
	F:/go-admin/admin/go-admin@v1.2.23/plugins/admin/modules/table/default.go:1138
github.com/GoAdminGroup/go-admin/plugins/admin/modules/table.(*DefaultTable).getDataFromDatabase
	F:/go-admin/admin/go-admin@v1.2.23/plugins/admin/modules/table/default.go:483
github.com/GoAdminGroup/go-admin/plugins/admin/modules/table.(*DefaultTable).GetData
	F:/go-admin/admin/go-admin@v1.2.23/plugins/admin/modules/table/default.go:148
github.com/GoAdminGroup/go-admin/plugins/admin/controller.(*Handler).showTableData
	F:/go-admin/admin/go-admin@v1.2.23/plugins/admin/controller/show.go:70
github.com/GoAdminGroup/go-admin/plugins/admin/controller.(*Handler).showTable
	F:/go-admin/admin/go-admin@v1.2.23/plugins/admin/controller/show.go:102
github.com/GoAdminGroup/go-admin/plugins/admin/controller.(*Handler).ShowInfo
	F:/go-admin/admin/go-admin@v1.2.23/plugins/admin/controller/show.go:60
github.com/GoAdminGroup/go-admin/context.(*Context).Next
	F:/go-admin/admin/go-admin@v1.2.23/context/context.go:101
github.com/GoAdminGroup/go-admin/plugins/admin/modules/guard.(*Guard).CheckPrefix
	F:/go-admin/admin/go-admin@v1.2.23/plugins/admin/modules/guard/guard.go:51
github.com/GoAdminGroup/go-admin/context.(*Context).Next
	F:/go-admin/admin/go-admin@v1.2.23/context/context.go:101
github.com/GoAdminGroup/go-admin/modules/auth.(*Invoker).Middleware.func1
	F:/go-admin/admin/go-admin@v1.2.23/modules/auth/middleware.go:132
github.com/GoAdminGroup/go-admin/context.(*Context).Next
	F:/go-admin/admin/go-admin@v1.2.23/context/context.go:101
github.com/GoAdminGroup/go-admin/plugins/admin.(*Admin).globalErrorHandler
	F:/go-admin/admin/go-admin@v1.2.23/plugins/admin/router.go:106
github.com/GoAdminGroup/go-admin/context.(*Context).Next
	F:/go-admin/admin/go-admin@v1.2.23/context/context.go:101
github.com/GoAdminGroup/go-admin/adapter/gin.(*Gin).AddHandler.func1
	F:/go-admin/admin/go-admin@v1.2.23/adapter/gin/gin.go:91
github.com/gin-gonic/gin.(*Context).Next
	D:/goproject/pkg/mod/github.com/gin-gonic/gin@v1.7.7/context.go:168
github.com/gin-gonic/gin.CustomRecoveryWithWriter.func1
	D:/goproject/pkg/mod/github.com/gin-gonic/gin@v1.7.7/recovery.go:99
github.com/gin-gonic/gin.(*Context).Next
	D:/goproject/pkg/mod/github.com/gin-gonic/gin@v1.7.7/context.go:168
github.com/gin-gonic/gin.LoggerWithConfig.func1
	D:/goproject/pkg/mod/github.com/gin-gonic/gin@v1.7.7/logger.go:241
github.com/gin-gonic/gin.(*Context).Next
	D:/goproject/pkg/mod/github.com/gin-gonic/gin@v1.7.7/context.go:168
github.com/gin-gonic/gin.(*Engine).handleHTTPRequest
	D:/goproject/pkg/mod/github.com/gin-gonic/gin@v1.7.7/gin.go:555
github.com/gin-gonic/gin.(*Engine).ServeHTTP
	D:/goproject/pkg/mod/github.com/gin-gonic/gin@v1.7.7/gin.go:511
net/http.serverHandler.ServeHTTP
	C:/Program Files/Go/src/net/http/server.go:2878
net/http.(*conn).serve
	C:/Program Files/Go/src/net/http/server.go:1929
2022-06-16T18:39:36.993+0800	[31mERROR[0m	controller/handler.go:31	runtime error: invalid memory address or nil pointer dereference
github.com/GoAdminGroup/go-admin/plugins/admin/controller.(*Handler).GlobalDeferHandler
	F:/go-admin/admin/go-admin@v1.2.23/plugins/admin/controller/handler.go:31
runtime.gopanic
	C:/Program Files/Go/src/runtime/panic.go:1047
runtime.panicmem
	C:/Program Files/Go/src/runtime/panic.go:221
runtime.sigpanic
	C:/Program Files/Go/src/runtime/signal_windows.go:254
database/sql.(*DB).conn
	C:/Program Files/Go/src/database/sql/sql.go:1260
database/sql.(*DB).query
	C:/Program Files/Go/src/database/sql/sql.go:1695
database/sql.(*DB).QueryContext
	C:/Program Files/Go/src/database/sql/sql.go:1674
database/sql.(*DB).Query
	C:/Program Files/Go/src/database/sql/sql.go:1691
github.com/GoAdminGroup/go-admin/modules/db.CommonQuery
	F:/go-admin/admin/go-admin@v1.2.23/modules/db/performer.go:17
github.com/GoAdminGroup/go-admin/modules/db.(*Mysql).QueryWithConnection
	F:/go-admin/admin/go-admin@v1.2.23/modules/db/mysql.go:83
github.com/GoAdminGroup/go-admin/modules/db.(*SQL).ShowColumns
	F:/go-admin/admin/go-admin@v1.2.23/modules/db/statement.go:449
github.com/GoAdminGroup/go-admin/plugins/admin/modules/table.(*DefaultTable).getColumns
	F:/go-admin/admin/go-admin@v1.2.23/plugins/admin/modules/table/default.go:1138
github.com/GoAdminGroup/go-admin/plugins/admin/modules/table.(*DefaultTable).getDataFromDatabase
	F:/go-admin/admin/go-admin@v1.2.23/plugins/admin/modules/table/default.go:483
github.com/GoAdminGroup/go-admin/plugins/admin/modules/table.(*DefaultTable).GetData
	F:/go-admin/admin/go-admin@v1.2.23/plugins/admin/modules/table/default.go:148
github.com/GoAdminGroup/go-admin/plugins/admin/controller.(*Handler).showTableData
	F:/go-admin/admin/go-admin@v1.2.23/plugins/admin/controller/show.go:70
github.com/GoAdminGroup/go-admin/plugins/admin/controller.(*Handler).showTable
	F:/go-admin/admin/go-admin@v1.2.23/plugins/admin/controller/show.go:102
github.com/GoAdminGroup/go-admin/plugins/admin/controller.(*Handler).ShowInfo
	F:/go-admin/admin/go-admin@v1.2.23/plugins/admin/controller/show.go:60
github.com/GoAdminGroup/go-admin/context.(*Context).Next
	F:/go-admin/admin/go-admin@v1.2.23/context/context.go:101
github.com/GoAdminGroup/go-admin/plugins/admin/modules/guard.(*Guard).CheckPrefix
	F:/go-admin/admin/go-admin@v1.2.23/plugins/admin/modules/guard/guard.go:51
github.com/GoAdminGroup/go-admin/context.(*Context).Next
	F:/go-admin/admin/go-admin@v1.2.23/context/context.go:101
github.com/GoAdminGroup/go-admin/modules/auth.(*Invoker).Middleware.func1
	F:/go-admin/admin/go-admin@v1.2.23/modules/auth/middleware.go:132
github.com/GoAdminGroup/go-admin/context.(*Context).Next
	F:/go-admin/admin/go-admin@v1.2.23/context/context.go:101
github.com/GoAdminGroup/go-admin/plugins/admin.(*Admin).globalErrorHandler
	F:/go-admin/admin/go-admin@v1.2.23/plugins/admin/router.go:106
github.com/GoAdminGroup/go-admin/context.(*Context).Next
	F:/go-admin/admin/go-admin@v1.2.23/context/context.go:101
github.com/GoAdminGroup/go-admin/adapter/gin.(*Gin).AddHandler.func1
	F:/go-admin/admin/go-admin@v1.2.23/adapter/gin/gin.go:91
github.com/gin-gonic/gin.(*Context).Next
	D:/goproject/pkg/mod/github.com/gin-gonic/gin@v1.7.7/context.go:168
github.com/gin-gonic/gin.CustomRecoveryWithWriter.func1
	D:/goproject/pkg/mod/github.com/gin-gonic/gin@v1.7.7/recovery.go:99
github.com/gin-gonic/gin.(*Context).Next
	D:/goproject/pkg/mod/github.com/gin-gonic/gin@v1.7.7/context.go:168
github.com/gin-gonic/gin.LoggerWithConfig.func1
	D:/goproject/pkg/mod/github.com/gin-gonic/gin@v1.7.7/logger.go:241
github.com/gin-gonic/gin.(*Context).Next
	D:/goproject/pkg/mod/github.com/gin-gonic/gin@v1.7.7/context.go:168
github.com/gin-gonic/gin.(*Engine).handleHTTPRequest
	D:/goproject/pkg/mod/github.com/gin-gonic/gin@v1.7.7/gin.go:555
github.com/gin-gonic/gin.(*Engine).ServeHTTP
	D:/goproject/pkg/mod/github.com/gin-gonic/gin@v1.7.7/gin.go:511
net/http.serverHandler.ServeHTTP
	C:/Program Files/Go/src/net/http/server.go:2878
net/http.(*conn).serve
	C:/Program Files/Go/src/net/http/server.go:1929
2022-06-16T18:39:43.296+0800	[31mERROR[0m	controller/handler.go:31	runtime error: invalid memory address or nil pointer dereference
github.com/GoAdminGroup/go-admin/plugins/admin/controller.(*Handler).GlobalDeferHandler
	F:/go-admin/admin/go-admin@v1.2.23/plugins/admin/controller/handler.go:31
runtime.gopanic
	C:/Program Files/Go/src/runtime/panic.go:1047
runtime.panicmem
	C:/Program Files/Go/src/runtime/panic.go:221
runtime.sigpanic
	C:/Program Files/Go/src/runtime/signal_windows.go:254
database/sql.(*DB).conn
	C:/Program Files/Go/src/database/sql/sql.go:1260
database/sql.(*DB).query
	C:/Program Files/Go/src/database/sql/sql.go:1695
database/sql.(*DB).QueryContext
	C:/Program Files/Go/src/database/sql/sql.go:1674
database/sql.(*DB).Query
	C:/Program Files/Go/src/database/sql/sql.go:1691
github.com/GoAdminGroup/go-admin/modules/db.CommonQuery
	F:/go-admin/admin/go-admin@v1.2.23/modules/db/performer.go:17
github.com/GoAdminGroup/go-admin/modules/db.(*Mysql).QueryWithConnection
	F:/go-admin/admin/go-admin@v1.2.23/modules/db/mysql.go:83
github.com/GoAdminGroup/go-admin/modules/db.(*SQL).ShowColumns
	F:/go-admin/admin/go-admin@v1.2.23/modules/db/statement.go:449
github.com/GoAdminGroup/go-admin/plugins/admin/modules/table.(*DefaultTable).getColumns
	F:/go-admin/admin/go-admin@v1.2.23/plugins/admin/modules/table/default.go:1138
github.com/GoAdminGroup/go-admin/plugins/admin/modules/table.(*DefaultTable).getDataFromDatabase
	F:/go-admin/admin/go-admin@v1.2.23/plugins/admin/modules/table/default.go:483
github.com/GoAdminGroup/go-admin/plugins/admin/modules/table.(*DefaultTable).GetData
	F:/go-admin/admin/go-admin@v1.2.23/plugins/admin/modules/table/default.go:148
github.com/GoAdminGroup/go-admin/plugins/admin/controller.(*Handler).showTableData
	F:/go-admin/admin/go-admin@v1.2.23/plugins/admin/controller/show.go:70
github.com/GoAdminGroup/go-admin/plugins/admin/controller.(*Handler).showTable
	F:/go-admin/admin/go-admin@v1.2.23/plugins/admin/controller/show.go:102
github.com/GoAdminGroup/go-admin/plugins/admin/controller.(*Handler).ShowInfo
	F:/go-admin/admin/go-admin@v1.2.23/plugins/admin/controller/show.go:60
github.com/GoAdminGroup/go-admin/context.(*Context).Next
	F:/go-admin/admin/go-admin@v1.2.23/context/context.go:101
github.com/GoAdminGroup/go-admin/plugins/admin/modules/guard.(*Guard).CheckPrefix
	F:/go-admin/admin/go-admin@v1.2.23/plugins/admin/modules/guard/guard.go:51
github.com/GoAdminGroup/go-admin/context.(*Context).Next
	F:/go-admin/admin/go-admin@v1.2.23/context/context.go:101
github.com/GoAdminGroup/go-admin/modules/auth.(*Invoker).Middleware.func1
	F:/go-admin/admin/go-admin@v1.2.23/modules/auth/middleware.go:132
github.com/GoAdminGroup/go-admin/context.(*Context).Next
	F:/go-admin/admin/go-admin@v1.2.23/context/context.go:101
github.com/GoAdminGroup/go-admin/plugins/admin.(*Admin).globalErrorHandler
	F:/go-admin/admin/go-admin@v1.2.23/plugins/admin/router.go:106
github.com/GoAdminGroup/go-admin/context.(*Context).Next
	F:/go-admin/admin/go-admin@v1.2.23/context/context.go:101
github.com/GoAdminGroup/go-admin/adapter/gin.(*Gin).AddHandler.func1
	F:/go-admin/admin/go-admin@v1.2.23/adapter/gin/gin.go:91
github.com/gin-gonic/gin.(*Context).Next
	D:/goproject/pkg/mod/github.com/gin-gonic/gin@v1.7.7/context.go:168
github.com/gin-gonic/gin.CustomRecoveryWithWriter.func1
	D:/goproject/pkg/mod/github.com/gin-gonic/gin@v1.7.7/recovery.go:99
github.com/gin-gonic/gin.(*Context).Next
	D:/goproject/pkg/mod/github.com/gin-gonic/gin@v1.7.7/context.go:168
github.com/gin-gonic/gin.LoggerWithConfig.func1
	D:/goproject/pkg/mod/github.com/gin-gonic/gin@v1.7.7/logger.go:241
github.com/gin-gonic/gin.(*Context).Next
	D:/goproject/pkg/mod/github.com/gin-gonic/gin@v1.7.7/context.go:168
github.com/gin-gonic/gin.(*Engine).handleHTTPRequest
	D:/goproject/pkg/mod/github.com/gin-gonic/gin@v1.7.7/gin.go:555
github.com/gin-gonic/gin.(*Engine).ServeHTTP
	D:/goproject/pkg/mod/github.com/gin-gonic/gin@v1.7.7/gin.go:511
net/http.serverHandler.ServeHTTP
	C:/Program Files/Go/src/net/http/server.go:2878
net/http.(*conn).serve
	C:/Program Files/Go/src/net/http/server.go:1929
2022-06-16T18:40:01.939+0800	[31mERROR[0m	controller/handler.go:31	runtime error: invalid memory address or nil pointer dereference
github.com/GoAdminGroup/go-admin/plugins/admin/controller.(*Handler).GlobalDeferHandler
	F:/go-admin/admin/go-admin@v1.2.23/plugins/admin/controller/handler.go:31
runtime.gopanic
	C:/Program Files/Go/src/runtime/panic.go:1047
runtime.panicmem
	C:/Program Files/Go/src/runtime/panic.go:221
runtime.sigpanic
	C:/Program Files/Go/src/runtime/signal_windows.go:254
database/sql.(*DB).conn
	C:/Program Files/Go/src/database/sql/sql.go:1260
database/sql.(*DB).query
	C:/Program Files/Go/src/database/sql/sql.go:1695
database/sql.(*DB).QueryContext
	C:/Program Files/Go/src/database/sql/sql.go:1674
database/sql.(*DB).Query
	C:/Program Files/Go/src/database/sql/sql.go:1691
github.com/GoAdminGroup/go-admin/modules/db.CommonQuery
	F:/go-admin/admin/go-admin@v1.2.23/modules/db/performer.go:17
github.com/GoAdminGroup/go-admin/modules/db.(*Mysql).QueryWithConnection
	F:/go-admin/admin/go-admin@v1.2.23/modules/db/mysql.go:83
github.com/GoAdminGroup/go-admin/modules/db.(*SQL).ShowColumns
	F:/go-admin/admin/go-admin@v1.2.23/modules/db/statement.go:449
github.com/GoAdminGroup/go-admin/plugins/admin/modules/table.(*DefaultTable).getColumns
	F:/go-admin/admin/go-admin@v1.2.23/plugins/admin/modules/table/default.go:1138
github.com/GoAdminGroup/go-admin/plugins/admin/modules/table.(*DefaultTable).getDataFromDatabase
	F:/go-admin/admin/go-admin@v1.2.23/plugins/admin/modules/table/default.go:483
github.com/GoAdminGroup/go-admin/plugins/admin/modules/table.(*DefaultTable).GetData
	F:/go-admin/admin/go-admin@v1.2.23/plugins/admin/modules/table/default.go:148
github.com/GoAdminGroup/go-admin/plugins/admin/controller.(*Handler).showTableData
	F:/go-admin/admin/go-admin@v1.2.23/plugins/admin/controller/show.go:70
github.com/GoAdminGroup/go-admin/plugins/admin/controller.(*Handler).showTable
	F:/go-admin/admin/go-admin@v1.2.23/plugins/admin/controller/show.go:102
github.com/GoAdminGroup/go-admin/plugins/admin/controller.(*Handler).ShowInfo
	F:/go-admin/admin/go-admin@v1.2.23/plugins/admin/controller/show.go:60
github.com/GoAdminGroup/go-admin/context.(*Context).Next
	F:/go-admin/admin/go-admin@v1.2.23/context/context.go:101
github.com/GoAdminGroup/go-admin/plugins/admin/modules/guard.(*Guard).CheckPrefix
	F:/go-admin/admin/go-admin@v1.2.23/plugins/admin/modules/guard/guard.go:51
github.com/GoAdminGroup/go-admin/context.(*Context).Next
	F:/go-admin/admin/go-admin@v1.2.23/context/context.go:101
github.com/GoAdminGroup/go-admin/modules/auth.(*Invoker).Middleware.func1
	F:/go-admin/admin/go-admin@v1.2.23/modules/auth/middleware.go:132
github.com/GoAdminGroup/go-admin/context.(*Context).Next
	F:/go-admin/admin/go-admin@v1.2.23/context/context.go:101
github.com/GoAdminGroup/go-admin/plugins/admin.(*Admin).globalErrorHandler
	F:/go-admin/admin/go-admin@v1.2.23/plugins/admin/router.go:106
github.com/GoAdminGroup/go-admin/context.(*Context).Next
	F:/go-admin/admin/go-admin@v1.2.23/context/context.go:101
github.com/GoAdminGroup/go-admin/adapter/gin.(*Gin).AddHandler.func1
	F:/go-admin/admin/go-admin@v1.2.23/adapter/gin/gin.go:91
github.com/gin-gonic/gin.(*Context).Next
	D:/goproject/pkg/mod/github.com/gin-gonic/gin@v1.7.7/context.go:168
github.com/gin-gonic/gin.CustomRecoveryWithWriter.func1
	D:/goproject/pkg/mod/github.com/gin-gonic/gin@v1.7.7/recovery.go:99
github.com/gin-gonic/gin.(*Context).Next
	D:/goproject/pkg/mod/github.com/gin-gonic/gin@v1.7.7/context.go:168
github.com/gin-gonic/gin.LoggerWithConfig.func1
	D:/goproject/pkg/mod/github.com/gin-gonic/gin@v1.7.7/logger.go:241
github.com/gin-gonic/gin.(*Context).Next
	D:/goproject/pkg/mod/github.com/gin-gonic/gin@v1.7.7/context.go:168
github.com/gin-gonic/gin.(*Engine).handleHTTPRequest
	D:/goproject/pkg/mod/github.com/gin-gonic/gin@v1.7.7/gin.go:555
github.com/gin-gonic/gin.(*Engine).ServeHTTP
	D:/goproject/pkg/mod/github.com/gin-gonic/gin@v1.7.7/gin.go:511
net/http.serverHandler.ServeHTTP
	C:/Program Files/Go/src/net/http/server.go:2878
net/http.(*conn).serve
	C:/Program Files/Go/src/net/http/server.go:1929
2022-06-16T19:11:47.096+0800	[31mERROR[0m	controller/handler.go:31	Error 1064: You have an error in your SQL syntax; check the manual that corresponds to your MySQL server version for the right syntax to use near '' at line 1
github.com/GoAdminGroup/go-admin/plugins/admin/controller.(*Handler).GlobalDeferHandler
	F:/go-admin/admin/go-admin@v1.2.23/plugins/admin/controller/handler.go:31
runtime.gopanic
	C:/Program Files/Go/src/runtime/panic.go:1047
github.com/GoAdminGroup/go-admin/modules/db.CommonQuery
	F:/go-admin/admin/go-admin@v1.2.23/modules/db/performer.go:20
github.com/GoAdminGroup/go-admin/modules/db.(*Mysql).QueryWithConnection
	F:/go-admin/admin/go-admin@v1.2.23/modules/db/mysql.go:83
github.com/GoAdminGroup/go-admin/modules/db.(*SQL).ShowColumns
	F:/go-admin/admin/go-admin@v1.2.23/modules/db/statement.go:449
github.com/GoAdminGroup/go-admin/plugins/admin/modules/table.(*DefaultTable).getColumns
	F:/go-admin/admin/go-admin@v1.2.23/plugins/admin/modules/table/default.go:1138
github.com/GoAdminGroup/go-admin/plugins/admin/modules/table.(*DefaultTable).getInjectValueFromFormValue
	F:/go-admin/admin/go-admin@v1.2.23/plugins/admin/modules/table/default.go:897
github.com/GoAdminGroup/go-admin/plugins/admin/modules/table.(*DefaultTable).UpdateData
	F:/go-admin/admin/go-admin@v1.2.23/plugins/admin/modules/table/default.go:811
github.com/GoAdminGroup/go-admin/plugins/admin/controller.(*Handler).Update
	F:/go-admin/admin/go-admin@v1.2.23/plugins/admin/controller/Update.go:14
github.com/GoAdminGroup/go-admin/context.(*Context).Next
	F:/go-admin/admin/go-admin@v1.2.23/context/context.go:101
github.com/GoAdminGroup/go-admin/plugins/admin/modules/guard.(*Guard).Update
	F:/go-admin/admin/go-admin@v1.2.23/plugins/admin/modules/guard/update.go:42
github.com/GoAdminGroup/go-admin/context.(*Context).Next
	F:/go-admin/admin/go-admin@v1.2.23/context/context.go:101
github.com/GoAdminGroup/go-admin/plugins/admin/modules/guard.(*Guard).CheckPrefix
	F:/go-admin/admin/go-admin@v1.2.23/plugins/admin/modules/guard/guard.go:51
github.com/GoAdminGroup/go-admin/context.(*Context).Next
	F:/go-admin/admin/go-admin@v1.2.23/context/context.go:101
github.com/GoAdminGroup/go-admin/modules/auth.(*Invoker).Middleware.func1
	F:/go-admin/admin/go-admin@v1.2.23/modules/auth/middleware.go:132
github.com/GoAdminGroup/go-admin/context.(*Context).Next
	F:/go-admin/admin/go-admin@v1.2.23/context/context.go:101
github.com/GoAdminGroup/go-admin/plugins/admin.(*Admin).globalErrorHandler
	F:/go-admin/admin/go-admin@v1.2.23/plugins/admin/router.go:106
github.com/GoAdminGroup/go-admin/context.(*Context).Next
	F:/go-admin/admin/go-admin@v1.2.23/context/context.go:101
github.com/GoAdminGroup/go-admin/adapter/gin.(*Gin).AddHandler.func1
	F:/go-admin/admin/go-admin@v1.2.23/adapter/gin/gin.go:91
github.com/gin-gonic/gin.(*Context).Next
	D:/goproject/pkg/mod/github.com/gin-gonic/gin@v1.7.7/context.go:168
github.com/gin-gonic/gin.CustomRecoveryWithWriter.func1
	D:/goproject/pkg/mod/github.com/gin-gonic/gin@v1.7.7/recovery.go:99
github.com/gin-gonic/gin.(*Context).Next
	D:/goproject/pkg/mod/github.com/gin-gonic/gin@v1.7.7/context.go:168
github.com/gin-gonic/gin.LoggerWithConfig.func1
	D:/goproject/pkg/mod/github.com/gin-gonic/gin@v1.7.7/logger.go:241
github.com/gin-gonic/gin.(*Context).Next
	D:/goproject/pkg/mod/github.com/gin-gonic/gin@v1.7.7/context.go:168
github.com/gin-gonic/gin.(*Engine).handleHTTPRequest
	D:/goproject/pkg/mod/github.com/gin-gonic/gin@v1.7.7/gin.go:555
github.com/gin-gonic/gin.(*Engine).ServeHTTP
	D:/goproject/pkg/mod/github.com/gin-gonic/gin@v1.7.7/gin.go:511
net/http.serverHandler.ServeHTTP
	C:/Program Files/Go/src/net/http/server.go:2878
net/http.(*conn).serve
	C:/Program Files/Go/src/net/http/server.go:1929
2022-06-17T11:43:30.650+0800	[31mERROR[0m	controller/handler.go:31	wrong type：DATETIME
github.com/GoAdminGroup/go-admin/plugins/admin/controller.(*Handler).GlobalDeferHandler
	F:/go-admin/admin/go-admin@v1.2.23/plugins/admin/controller/handler.go:31
runtime.gopanic
	C:/Program Files/Go/src/runtime/panic.go:1047
github.com/GoAdminGroup/go-admin/modules/db.GetValueFromJSONOfDatabaseType
	F:/go-admin/admin/go-admin@v1.2.23/modules/db/types.go:283
github.com/GoAdminGroup/go-admin/modules/db.GetValueFromDatabaseType
	F:/go-admin/admin/go-admin@v1.2.23/modules/db/types.go:203
github.com/GoAdminGroup/go-admin/plugins/admin/modules/table.(*DefaultTable).getTempModelData
	F:/go-admin/admin/go-admin@v1.2.23/plugins/admin/modules/table/default.go:303
github.com/GoAdminGroup/go-admin/plugins/admin/modules/table.(*DefaultTable).GetData
	F:/go-admin/admin/go-admin@v1.2.23/plugins/admin/modules/table/default.go:154
github.com/GoAdminGroup/go-admin/plugins/admin/controller.(*Handler).showTableData
	F:/go-admin/admin/go-admin@v1.2.23/plugins/admin/controller/show.go:70
github.com/GoAdminGroup/go-admin/plugins/admin/controller.(*Handler).showTable
	F:/go-admin/admin/go-admin@v1.2.23/plugins/admin/controller/show.go:102
github.com/GoAdminGroup/go-admin/plugins/admin/controller.(*Handler).ShowInfo
	F:/go-admin/admin/go-admin@v1.2.23/plugins/admin/controller/show.go:60
github.com/GoAdminGroup/go-admin/context.(*Context).Next
	F:/go-admin/admin/go-admin@v1.2.23/context/context.go:101
github.com/GoAdminGroup/go-admin/plugins/admin/modules/guard.(*Guard).CheckPrefix
	F:/go-admin/admin/go-admin@v1.2.23/plugins/admin/modules/guard/guard.go:51
github.com/GoAdminGroup/go-admin/context.(*Context).Next
	F:/go-admin/admin/go-admin@v1.2.23/context/context.go:101
github.com/GoAdminGroup/go-admin/modules/auth.(*Invoker).Middleware.func1
	F:/go-admin/admin/go-admin@v1.2.23/modules/auth/middleware.go:132
github.com/GoAdminGroup/go-admin/context.(*Context).Next
	F:/go-admin/admin/go-admin@v1.2.23/context/context.go:101
github.com/GoAdminGroup/go-admin/plugins/admin.(*Admin).globalErrorHandler
	F:/go-admin/admin/go-admin@v1.2.23/plugins/admin/router.go:106
github.com/GoAdminGroup/go-admin/context.(*Context).Next
	F:/go-admin/admin/go-admin@v1.2.23/context/context.go:101
github.com/GoAdminGroup/go-admin/adapter/gin.(*Gin).AddHandler.func1
	F:/go-admin/admin/go-admin@v1.2.23/adapter/gin/gin.go:91
github.com/gin-gonic/gin.(*Context).Next
	D:/goproject/pkg/mod/github.com/gin-gonic/gin@v1.7.7/context.go:168
github.com/gin-gonic/gin.CustomRecoveryWithWriter.func1
	D:/goproject/pkg/mod/github.com/gin-gonic/gin@v1.7.7/recovery.go:99
github.com/gin-gonic/gin.(*Context).Next
	D:/goproject/pkg/mod/github.com/gin-gonic/gin@v1.7.7/context.go:168
github.com/gin-gonic/gin.LoggerWithConfig.func1
	D:/goproject/pkg/mod/github.com/gin-gonic/gin@v1.7.7/logger.go:241
github.com/gin-gonic/gin.(*Context).Next
	D:/goproject/pkg/mod/github.com/gin-gonic/gin@v1.7.7/context.go:168
github.com/gin-gonic/gin.(*Engine).handleHTTPRequest
	D:/goproject/pkg/mod/github.com/gin-gonic/gin@v1.7.7/gin.go:555
github.com/gin-gonic/gin.(*Engine).ServeHTTP
	D:/goproject/pkg/mod/github.com/gin-gonic/gin@v1.7.7/gin.go:511
net/http.serverHandler.ServeHTTP
	C:/Program Files/Go/src/net/http/server.go:2878
net/http.(*conn).serve
	C:/Program Files/Go/src/net/http/server.go:1929
2022-06-21T11:45:53.243+0800	[31mERROR[0m	controller/handler.go:31	Error 1054: Unknown column 't_accounts.characterId' in 'field list'
github.com/GoAdminGroup/go-admin/plugins/admin/controller.(*Handler).GlobalDeferHandler
	F:/go-admin/admin/go-admin@v1.2.23/plugins/admin/controller/handler.go:31
runtime.gopanic
	C:/Program Files/Go/src/runtime/panic.go:1047
github.com/GoAdminGroup/go-admin/modules/db.CommonQuery
	F:/go-admin/admin/go-admin@v1.2.23/modules/db/performer.go:20
github.com/GoAdminGroup/go-admin/modules/db.(*Mysql).QueryWithConnection
	F:/go-admin/admin/go-admin@v1.2.23/modules/db/mysql.go:83
github.com/GoAdminGroup/go-admin/plugins/admin/modules/table.(*DefaultTable).getDataFromDatabase
	F:/go-admin/admin/go-admin@v1.2.23/plugins/admin/modules/table/default.go:564
github.com/GoAdminGroup/go-admin/plugins/admin/modules/table.(*DefaultTable).GetData
	F:/go-admin/admin/go-admin@v1.2.23/plugins/admin/modules/table/default.go:148
github.com/GoAdminGroup/go-admin/plugins/admin/controller.(*Handler).showTableData
	F:/go-admin/admin/go-admin@v1.2.23/plugins/admin/controller/show.go:70
github.com/GoAdminGroup/go-admin/plugins/admin/controller.(*Handler).showTable
	F:/go-admin/admin/go-admin@v1.2.23/plugins/admin/controller/show.go:102
github.com/GoAdminGroup/go-admin/plugins/admin/controller.(*Handler).ShowInfo
	F:/go-admin/admin/go-admin@v1.2.23/plugins/admin/controller/show.go:60
github.com/GoAdminGroup/go-admin/context.(*Context).Next
	F:/go-admin/admin/go-admin@v1.2.23/context/context.go:101
github.com/GoAdminGroup/go-admin/plugins/admin/modules/guard.(*Guard).CheckPrefix
	F:/go-admin/admin/go-admin@v1.2.23/plugins/admin/modules/guard/guard.go:51
github.com/GoAdminGroup/go-admin/context.(*Context).Next
	F:/go-admin/admin/go-admin@v1.2.23/context/context.go:101
github.com/GoAdminGroup/go-admin/modules/auth.(*Invoker).Middleware.func1
	F:/go-admin/admin/go-admin@v1.2.23/modules/auth/middleware.go:132
github.com/GoAdminGroup/go-admin/context.(*Context).Next
	F:/go-admin/admin/go-admin@v1.2.23/context/context.go:101
github.com/GoAdminGroup/go-admin/plugins/admin.(*Admin).globalErrorHandler
	F:/go-admin/admin/go-admin@v1.2.23/plugins/admin/router.go:106
github.com/GoAdminGroup/go-admin/context.(*Context).Next
	F:/go-admin/admin/go-admin@v1.2.23/context/context.go:101
github.com/GoAdminGroup/go-admin/adapter/gin.(*Gin).AddHandler.func1
	F:/go-admin/admin/go-admin@v1.2.23/adapter/gin/gin.go:91
github.com/gin-gonic/gin.(*Context).Next
	D:/goproject/pkg/mod/github.com/gin-gonic/gin@v1.7.7/context.go:168
github.com/gin-gonic/gin.CustomRecoveryWithWriter.func1
	D:/goproject/pkg/mod/github.com/gin-gonic/gin@v1.7.7/recovery.go:99
github.com/gin-gonic/gin.(*Context).Next
	D:/goproject/pkg/mod/github.com/gin-gonic/gin@v1.7.7/context.go:168
github.com/gin-gonic/gin.LoggerWithConfig.func1
	D:/goproject/pkg/mod/github.com/gin-gonic/gin@v1.7.7/logger.go:241
github.com/gin-gonic/gin.(*Context).Next
	D:/goproject/pkg/mod/github.com/gin-gonic/gin@v1.7.7/context.go:168
github.com/gin-gonic/gin.(*Engine).handleHTTPRequest
	D:/goproject/pkg/mod/github.com/gin-gonic/gin@v1.7.7/gin.go:555
github.com/gin-gonic/gin.(*Engine).ServeHTTP
	D:/goproject/pkg/mod/github.com/gin-gonic/gin@v1.7.7/gin.go:511
net/http.serverHandler.ServeHTTP
	C:/Program Files/Go/src/net/http/server.go:2878
net/http.(*conn).serve
	C:/Program Files/Go/src/net/http/server.go:1929
2022-06-27T17:24:45.088+0800	[31mERROR[0m	controller/handler.go:31	runtime error: integer divide by zero
github.com/GoAdminGroup/go-admin/plugins/admin/controller.(*Handler).GlobalDeferHandler
	F:/go-admin/admin/go-admin@v1.2.23/plugins/admin/controller/handler.go:31
runtime.gopanic
	C:/Program Files/Go/src/runtime/panic.go:1047
runtime.panicdivide
	C:/Program Files/Go/src/runtime/panic.go:200
admin/pages/CustomPages.GetTDataDetail.func8
	F:/go-admin/admin/pages/CustomPages/serverInfo.go:721
github.com/GoAdminGroup/go-admin/plugins/admin/modules/table.(*DefaultTable).GetData
	F:/go-admin/admin/go-admin@v1.2.23/plugins/admin/modules/table/default.go:144
github.com/GoAdminGroup/go-admin/plugins/admin/controller.(*Handler).showTableData
	F:/go-admin/admin/go-admin@v1.2.23/plugins/admin/controller/show.go:70
github.com/GoAdminGroup/go-admin/plugins/admin/controller.(*Handler).showTable
	F:/go-admin/admin/go-admin@v1.2.23/plugins/admin/controller/show.go:102
github.com/GoAdminGroup/go-admin/plugins/admin/controller.(*Handler).ShowInfo
	F:/go-admin/admin/go-admin@v1.2.23/plugins/admin/controller/show.go:60
github.com/GoAdminGroup/go-admin/context.(*Context).Next
	F:/go-admin/admin/go-admin@v1.2.23/context/context.go:101
github.com/GoAdminGroup/go-admin/plugins/admin/modules/guard.(*Guard).CheckPrefix
	F:/go-admin/admin/go-admin@v1.2.23/plugins/admin/modules/guard/guard.go:51
github.com/GoAdminGroup/go-admin/context.(*Context).Next
	F:/go-admin/admin/go-admin@v1.2.23/context/context.go:101
github.com/GoAdminGroup/go-admin/modules/auth.(*Invoker).Middleware.func1
	F:/go-admin/admin/go-admin@v1.2.23/modules/auth/middleware.go:132
github.com/GoAdminGroup/go-admin/context.(*Context).Next
	F:/go-admin/admin/go-admin@v1.2.23/context/context.go:101
github.com/GoAdminGroup/go-admin/plugins/admin.(*Admin).globalErrorHandler
	F:/go-admin/admin/go-admin@v1.2.23/plugins/admin/router.go:106
github.com/GoAdminGroup/go-admin/context.(*Context).Next
	F:/go-admin/admin/go-admin@v1.2.23/context/context.go:101
github.com/GoAdminGroup/go-admin/adapter/gin.(*Gin).AddHandler.func1
	F:/go-admin/admin/go-admin@v1.2.23/adapter/gin/gin.go:91
github.com/gin-gonic/gin.(*Context).Next
	D:/goproject/pkg/mod/github.com/gin-gonic/gin@v1.7.7/context.go:168
github.com/gin-gonic/gin.CustomRecoveryWithWriter.func1
	D:/goproject/pkg/mod/github.com/gin-gonic/gin@v1.7.7/recovery.go:99
github.com/gin-gonic/gin.(*Context).Next
	D:/goproject/pkg/mod/github.com/gin-gonic/gin@v1.7.7/context.go:168
github.com/gin-gonic/gin.LoggerWithConfig.func1
	D:/goproject/pkg/mod/github.com/gin-gonic/gin@v1.7.7/logger.go:241
github.com/gin-gonic/gin.(*Context).Next
	D:/goproject/pkg/mod/github.com/gin-gonic/gin@v1.7.7/context.go:168
github.com/gin-gonic/gin.(*Engine).handleHTTPRequest
	D:/goproject/pkg/mod/github.com/gin-gonic/gin@v1.7.7/gin.go:555
github.com/gin-gonic/gin.(*Engine).ServeHTTP
	D:/goproject/pkg/mod/github.com/gin-gonic/gin@v1.7.7/gin.go:511
net/http.serverHandler.ServeHTTP
	C:/Program Files/Go/src/net/http/server.go:2878
net/http.(*conn).serve
	C:/Program Files/Go/src/net/http/server.go:1929
2022-06-28T17:38:07.981+0800	[31mERROR[0m	controller/handler.go:31	Error 1146: Table 'go_manager.upload' doesn't exist
github.com/GoAdminGroup/go-admin/plugins/admin/controller.(*Handler).GlobalDeferHandler
	F:/go-admin/admin/go-admin@v1.2.23/plugins/admin/controller/handler.go:31
runtime.gopanic
	C:/Program Files/Go/src/runtime/panic.go:1047
github.com/GoAdminGroup/go-admin/modules/db.CommonQuery
	F:/go-admin/admin/go-admin@v1.2.23/modules/db/performer.go:20
github.com/GoAdminGroup/go-admin/modules/db.(*Mysql).QueryWithConnection
	F:/go-admin/admin/go-admin@v1.2.23/modules/db/mysql.go:83
github.com/GoAdminGroup/go-admin/modules/db.(*SQL).ShowColumns
	F:/go-admin/admin/go-admin@v1.2.23/modules/db/statement.go:449
github.com/GoAdminGroup/go-admin/plugins/admin/modules/table.(*DefaultTable).getColumns
	F:/go-admin/admin/go-admin@v1.2.23/plugins/admin/modules/table/default.go:1137
github.com/GoAdminGroup/go-admin/plugins/admin/modules/table.(*DefaultTable).getDataFromDatabase
	F:/go-admin/admin/go-admin@v1.2.23/plugins/admin/modules/table/default.go:482
github.com/GoAdminGroup/go-admin/plugins/admin/modules/table.(*DefaultTable).GetData
	F:/go-admin/admin/go-admin@v1.2.23/plugins/admin/modules/table/default.go:148
github.com/GoAdminGroup/go-admin/plugins/admin/controller.(*Handler).showTableData
	F:/go-admin/admin/go-admin@v1.2.23/plugins/admin/controller/show.go:70
github.com/GoAdminGroup/go-admin/plugins/admin/controller.(*Handler).showTable
	F:/go-admin/admin/go-admin@v1.2.23/plugins/admin/controller/show.go:102
github.com/GoAdminGroup/go-admin/plugins/admin/controller.(*Handler).ShowInfo
	F:/go-admin/admin/go-admin@v1.2.23/plugins/admin/controller/show.go:60
github.com/GoAdminGroup/go-admin/context.(*Context).Next
	F:/go-admin/admin/go-admin@v1.2.23/context/context.go:101
github.com/GoAdminGroup/go-admin/plugins/admin/modules/guard.(*Guard).CheckPrefix
	F:/go-admin/admin/go-admin@v1.2.23/plugins/admin/modules/guard/guard.go:51
github.com/GoAdminGroup/go-admin/context.(*Context).Next
	F:/go-admin/admin/go-admin@v1.2.23/context/context.go:101
github.com/GoAdminGroup/go-admin/modules/auth.(*Invoker).Middleware.func1
	F:/go-admin/admin/go-admin@v1.2.23/modules/auth/middleware.go:132
github.com/GoAdminGroup/go-admin/context.(*Context).Next
	F:/go-admin/admin/go-admin@v1.2.23/context/context.go:101
github.com/GoAdminGroup/go-admin/plugins/admin.(*Admin).globalErrorHandler
	F:/go-admin/admin/go-admin@v1.2.23/plugins/admin/router.go:106
github.com/GoAdminGroup/go-admin/context.(*Context).Next
	F:/go-admin/admin/go-admin@v1.2.23/context/context.go:101
github.com/GoAdminGroup/go-admin/adapter/gin.(*Gin).AddHandler.func1
	F:/go-admin/admin/go-admin@v1.2.23/adapter/gin/gin.go:91
github.com/gin-gonic/gin.(*Context).Next
	D:/goproject/pkg/mod/github.com/gin-gonic/gin@v1.7.7/context.go:168
github.com/gin-gonic/gin.CustomRecoveryWithWriter.func1
	D:/goproject/pkg/mod/github.com/gin-gonic/gin@v1.7.7/recovery.go:99
github.com/gin-gonic/gin.(*Context).Next
	D:/goproject/pkg/mod/github.com/gin-gonic/gin@v1.7.7/context.go:168
github.com/gin-gonic/gin.LoggerWithConfig.func1
	D:/goproject/pkg/mod/github.com/gin-gonic/gin@v1.7.7/logger.go:241
github.com/gin-gonic/gin.(*Context).Next
	D:/goproject/pkg/mod/github.com/gin-gonic/gin@v1.7.7/context.go:168
github.com/gin-gonic/gin.(*Engine).handleHTTPRequest
	D:/goproject/pkg/mod/github.com/gin-gonic/gin@v1.7.7/gin.go:555
github.com/gin-gonic/gin.(*Engine).ServeHTTP
	D:/goproject/pkg/mod/github.com/gin-gonic/gin@v1.7.7/gin.go:511
net/http.serverHandler.ServeHTTP
	C:/Program Files/Go/src/net/http/server.go:2878
net/http.(*conn).serve
	C:/Program Files/Go/src/net/http/server.go:1929
2022-06-28T17:40:14.335+0800	[31mERROR[0m	controller/handler.go:31	Error 1146: Table 'go_manager.upload' doesn't exist
github.com/GoAdminGroup/go-admin/plugins/admin/controller.(*Handler).GlobalDeferHandler
	F:/go-admin/admin/go-admin@v1.2.23/plugins/admin/controller/handler.go:31
runtime.gopanic
	C:/Program Files/Go/src/runtime/panic.go:1047
github.com/GoAdminGroup/go-admin/modules/db.CommonQuery
	F:/go-admin/admin/go-admin@v1.2.23/modules/db/performer.go:20
github.com/GoAdminGroup/go-admin/modules/db.(*Mysql).QueryWithConnection
	F:/go-admin/admin/go-admin@v1.2.23/modules/db/mysql.go:83
github.com/GoAdminGroup/go-admin/modules/db.(*SQL).ShowColumns
	F:/go-admin/admin/go-admin@v1.2.23/modules/db/statement.go:449
github.com/GoAdminGroup/go-admin/plugins/admin/modules/table.(*DefaultTable).getColumns
	F:/go-admin/admin/go-admin@v1.2.23/plugins/admin/modules/table/default.go:1137
github.com/GoAdminGroup/go-admin/plugins/admin/modules/table.(*DefaultTable).getInjectValueFromFormValue
	F:/go-admin/admin/go-admin@v1.2.23/plugins/admin/modules/table/default.go:896
github.com/GoAdminGroup/go-admin/plugins/admin/modules/table.(*DefaultTable).InsertData
	F:/go-admin/admin/go-admin@v1.2.23/plugins/admin/modules/table/default.go:880
github.com/GoAdminGroup/go-admin/plugins/admin/controller.(*Handler).NewForm
	F:/go-admin/admin/go-admin@v1.2.23/plugins/admin/controller/new.go:116
github.com/GoAdminGroup/go-admin/context.(*Context).Next
	F:/go-admin/admin/go-admin@v1.2.23/context/context.go:101
github.com/GoAdminGroup/go-admin/plugins/admin/modules/guard.(*Guard).NewForm
	F:/go-admin/admin/go-admin@v1.2.23/plugins/admin/modules/guard/new.go:121
github.com/GoAdminGroup/go-admin/context.(*Context).Next
	F:/go-admin/admin/go-admin@v1.2.23/context/context.go:101
github.com/GoAdminGroup/go-admin/plugins/admin/modules/guard.(*Guard).CheckPrefix
	F:/go-admin/admin/go-admin@v1.2.23/plugins/admin/modules/guard/guard.go:51
github.com/GoAdminGroup/go-admin/context.(*Context).Next
	F:/go-admin/admin/go-admin@v1.2.23/context/context.go:101
github.com/GoAdminGroup/go-admin/modules/auth.(*Invoker).Middleware.func1
	F:/go-admin/admin/go-admin@v1.2.23/modules/auth/middleware.go:132
github.com/GoAdminGroup/go-admin/context.(*Context).Next
	F:/go-admin/admin/go-admin@v1.2.23/context/context.go:101
github.com/GoAdminGroup/go-admin/plugins/admin.(*Admin).globalErrorHandler
	F:/go-admin/admin/go-admin@v1.2.23/plugins/admin/router.go:106
github.com/GoAdminGroup/go-admin/context.(*Context).Next
	F:/go-admin/admin/go-admin@v1.2.23/context/context.go:101
github.com/GoAdminGroup/go-admin/adapter/gin.(*Gin).AddHandler.func1
	F:/go-admin/admin/go-admin@v1.2.23/adapter/gin/gin.go:91
github.com/gin-gonic/gin.(*Context).Next
	D:/goproject/pkg/mod/github.com/gin-gonic/gin@v1.7.7/context.go:168
github.com/gin-gonic/gin.CustomRecoveryWithWriter.func1
	D:/goproject/pkg/mod/github.com/gin-gonic/gin@v1.7.7/recovery.go:99
github.com/gin-gonic/gin.(*Context).Next
	D:/goproject/pkg/mod/github.com/gin-gonic/gin@v1.7.7/context.go:168
github.com/gin-gonic/gin.LoggerWithConfig.func1
	D:/goproject/pkg/mod/github.com/gin-gonic/gin@v1.7.7/logger.go:241
github.com/gin-gonic/gin.(*Context).Next
	D:/goproject/pkg/mod/github.com/gin-gonic/gin@v1.7.7/context.go:168
github.com/gin-gonic/gin.(*Engine).handleHTTPRequest
	D:/goproject/pkg/mod/github.com/gin-gonic/gin@v1.7.7/gin.go:555
github.com/gin-gonic/gin.(*Engine).ServeHTTP
	D:/goproject/pkg/mod/github.com/gin-gonic/gin@v1.7.7/gin.go:511
net/http.serverHandler.ServeHTTP
	C:/Program Files/Go/src/net/http/server.go:2878
net/http.(*conn).serve
	C:/Program Files/Go/src/net/http/server.go:1929
2022-06-28T17:40:34.954+0800	[31mERROR[0m	controller/handler.go:31	Error 1146: Table 'go_manager.upload' doesn't exist
github.com/GoAdminGroup/go-admin/plugins/admin/controller.(*Handler).GlobalDeferHandler
	F:/go-admin/admin/go-admin@v1.2.23/plugins/admin/controller/handler.go:31
runtime.gopanic
	C:/Program Files/Go/src/runtime/panic.go:1047
github.com/GoAdminGroup/go-admin/modules/db.CommonQuery
	F:/go-admin/admin/go-admin@v1.2.23/modules/db/performer.go:20
github.com/GoAdminGroup/go-admin/modules/db.(*Mysql).QueryWithConnection
	F:/go-admin/admin/go-admin@v1.2.23/modules/db/mysql.go:83
github.com/GoAdminGroup/go-admin/modules/db.(*SQL).ShowColumns
	F:/go-admin/admin/go-admin@v1.2.23/modules/db/statement.go:449
github.com/GoAdminGroup/go-admin/plugins/admin/modules/table.(*DefaultTable).getColumns
	F:/go-admin/admin/go-admin@v1.2.23/plugins/admin/modules/table/default.go:1137
github.com/GoAdminGroup/go-admin/plugins/admin/modules/table.(*DefaultTable).getInjectValueFromFormValue
	F:/go-admin/admin/go-admin@v1.2.23/plugins/admin/modules/table/default.go:896
github.com/GoAdminGroup/go-admin/plugins/admin/modules/table.(*DefaultTable).InsertData
	F:/go-admin/admin/go-admin@v1.2.23/plugins/admin/modules/table/default.go:880
github.com/GoAdminGroup/go-admin/plugins/admin/controller.(*Handler).NewForm
	F:/go-admin/admin/go-admin@v1.2.23/plugins/admin/controller/new.go:116
github.com/GoAdminGroup/go-admin/context.(*Context).Next
	F:/go-admin/admin/go-admin@v1.2.23/context/context.go:101
github.com/GoAdminGroup/go-admin/plugins/admin/modules/guard.(*Guard).NewForm
	F:/go-admin/admin/go-admin@v1.2.23/plugins/admin/modules/guard/new.go:121
github.com/GoAdminGroup/go-admin/context.(*Context).Next
	F:/go-admin/admin/go-admin@v1.2.23/context/context.go:101
github.com/GoAdminGroup/go-admin/plugins/admin/modules/guard.(*Guard).CheckPrefix
	F:/go-admin/admin/go-admin@v1.2.23/plugins/admin/modules/guard/guard.go:51
github.com/GoAdminGroup/go-admin/context.(*Context).Next
	F:/go-admin/admin/go-admin@v1.2.23/context/context.go:101
github.com/GoAdminGroup/go-admin/modules/auth.(*Invoker).Middleware.func1
	F:/go-admin/admin/go-admin@v1.2.23/modules/auth/middleware.go:132
github.com/GoAdminGroup/go-admin/context.(*Context).Next
	F:/go-admin/admin/go-admin@v1.2.23/context/context.go:101
github.com/GoAdminGroup/go-admin/plugins/admin.(*Admin).globalErrorHandler
	F:/go-admin/admin/go-admin@v1.2.23/plugins/admin/router.go:106
github.com/GoAdminGroup/go-admin/context.(*Context).Next
	F:/go-admin/admin/go-admin@v1.2.23/context/context.go:101
github.com/GoAdminGroup/go-admin/adapter/gin.(*Gin).AddHandler.func1
	F:/go-admin/admin/go-admin@v1.2.23/adapter/gin/gin.go:91
github.com/gin-gonic/gin.(*Context).Next
	D:/goproject/pkg/mod/github.com/gin-gonic/gin@v1.7.7/context.go:168
github.com/gin-gonic/gin.CustomRecoveryWithWriter.func1
	D:/goproject/pkg/mod/github.com/gin-gonic/gin@v1.7.7/recovery.go:99
github.com/gin-gonic/gin.(*Context).Next
	D:/goproject/pkg/mod/github.com/gin-gonic/gin@v1.7.7/context.go:168
github.com/gin-gonic/gin.LoggerWithConfig.func1
	D:/goproject/pkg/mod/github.com/gin-gonic/gin@v1.7.7/logger.go:241
github.com/gin-gonic/gin.(*Context).Next
	D:/goproject/pkg/mod/github.com/gin-gonic/gin@v1.7.7/context.go:168
github.com/gin-gonic/gin.(*Engine).handleHTTPRequest
	D:/goproject/pkg/mod/github.com/gin-gonic/gin@v1.7.7/gin.go:555
github.com/gin-gonic/gin.(*Engine).ServeHTTP
	D:/goproject/pkg/mod/github.com/gin-gonic/gin@v1.7.7/gin.go:511
net/http.serverHandler.ServeHTTP
	C:/Program Files/Go/src/net/http/server.go:2878
net/http.(*conn).serve
	C:/Program Files/Go/src/net/http/server.go:1929
2022-06-28T17:45:04.535+0800	[31mERROR[0m	controller/new.go:118	insert data error: Error 1064: You have an error in your SQL syntax; check the manual that corresponds to your MySQL server version for the right syntax to use near ') values )' at line 1
github.com/GoAdminGroup/go-admin/plugins/admin/controller.(*Handler).NewForm
	F:/go-admin/admin/go-admin@v1.2.23/plugins/admin/controller/new.go:118
github.com/GoAdminGroup/go-admin/context.(*Context).Next
	F:/go-admin/admin/go-admin@v1.2.23/context/context.go:101
github.com/GoAdminGroup/go-admin/plugins/admin/modules/guard.(*Guard).NewForm
	F:/go-admin/admin/go-admin@v1.2.23/plugins/admin/modules/guard/new.go:121
github.com/GoAdminGroup/go-admin/context.(*Context).Next
	F:/go-admin/admin/go-admin@v1.2.23/context/context.go:101
github.com/GoAdminGroup/go-admin/plugins/admin/modules/guard.(*Guard).CheckPrefix
	F:/go-admin/admin/go-admin@v1.2.23/plugins/admin/modules/guard/guard.go:51
github.com/GoAdminGroup/go-admin/context.(*Context).Next
	F:/go-admin/admin/go-admin@v1.2.23/context/context.go:101
github.com/GoAdminGroup/go-admin/modules/auth.(*Invoker).Middleware.func1
	F:/go-admin/admin/go-admin@v1.2.23/modules/auth/middleware.go:132
github.com/GoAdminGroup/go-admin/context.(*Context).Next
	F:/go-admin/admin/go-admin@v1.2.23/context/context.go:101
github.com/GoAdminGroup/go-admin/plugins/admin.(*Admin).globalErrorHandler
	F:/go-admin/admin/go-admin@v1.2.23/plugins/admin/router.go:106
github.com/GoAdminGroup/go-admin/context.(*Context).Next
	F:/go-admin/admin/go-admin@v1.2.23/context/context.go:101
github.com/GoAdminGroup/go-admin/adapter/gin.(*Gin).AddHandler.func1
	F:/go-admin/admin/go-admin@v1.2.23/adapter/gin/gin.go:91
github.com/gin-gonic/gin.(*Context).Next
	D:/goproject/pkg/mod/github.com/gin-gonic/gin@v1.7.7/context.go:168
github.com/gin-gonic/gin.CustomRecoveryWithWriter.func1
	D:/goproject/pkg/mod/github.com/gin-gonic/gin@v1.7.7/recovery.go:99
github.com/gin-gonic/gin.(*Context).Next
	D:/goproject/pkg/mod/github.com/gin-gonic/gin@v1.7.7/context.go:168
github.com/gin-gonic/gin.LoggerWithConfig.func1
	D:/goproject/pkg/mod/github.com/gin-gonic/gin@v1.7.7/logger.go:241
github.com/gin-gonic/gin.(*Context).Next
	D:/goproject/pkg/mod/github.com/gin-gonic/gin@v1.7.7/context.go:168
github.com/gin-gonic/gin.(*Engine).handleHTTPRequest
	D:/goproject/pkg/mod/github.com/gin-gonic/gin@v1.7.7/gin.go:555
github.com/gin-gonic/gin.(*Engine).ServeHTTP
	D:/goproject/pkg/mod/github.com/gin-gonic/gin@v1.7.7/gin.go:511
net/http.serverHandler.ServeHTTP
	C:/Program Files/Go/src/net/http/server.go:2878
net/http.(*conn).serve
	C:/Program Files/Go/src/net/http/server.go:1929
2022-06-28T17:50:26.154+0800	[31mERROR[0m	controller/handler.go:31	runtime error: invalid memory address or nil pointer dereference
github.com/GoAdminGroup/go-admin/plugins/admin/controller.(*Handler).GlobalDeferHandler
	F:/go-admin/admin/go-admin@v1.2.23/plugins/admin/controller/handler.go:31
runtime.gopanic
	C:/Program Files/Go/src/runtime/panic.go:1047
runtime.panicmem
	C:/Program Files/Go/src/runtime/panic.go:221
runtime.sigpanic
	C:/Program Files/Go/src/runtime/signal_windows.go:254
github.com/GoAdminGroup/go-admin/template/types.FieldDisplay.ToDisplay
	F:/go-admin/admin/go-admin@v1.2.23/template/types/display.go:39
github.com/GoAdminGroup/go-admin/plugins/admin/modules/table.(*DefaultTable).getTempModelData
	F:/go-admin/admin/go-admin@v1.2.23/plugins/admin/modules/table/default.go:356
github.com/GoAdminGroup/go-admin/plugins/admin/modules/table.(*DefaultTable).getDataFromDatabase
	F:/go-admin/admin/go-admin@v1.2.23/plugins/admin/modules/table/default.go:573
github.com/GoAdminGroup/go-admin/plugins/admin/modules/table.(*DefaultTable).GetData
	F:/go-admin/admin/go-admin@v1.2.23/plugins/admin/modules/table/default.go:148
github.com/GoAdminGroup/go-admin/plugins/admin/controller.(*Handler).showTableData
	F:/go-admin/admin/go-admin@v1.2.23/plugins/admin/controller/show.go:70
github.com/GoAdminGroup/go-admin/plugins/admin/controller.(*Handler).showTable
	F:/go-admin/admin/go-admin@v1.2.23/plugins/admin/controller/show.go:102
github.com/GoAdminGroup/go-admin/plugins/admin/controller.(*Handler).EditForm
	F:/go-admin/admin/go-admin@v1.2.23/plugins/admin/controller/edit.go:226
github.com/GoAdminGroup/go-admin/context.(*Context).Next
	F:/go-admin/admin/go-admin@v1.2.23/context/context.go:101
github.com/GoAdminGroup/go-admin/plugins/admin/modules/guard.(*Guard).EditForm
	F:/go-admin/admin/go-admin@v1.2.23/plugins/admin/modules/guard/edit.go:143
github.com/GoAdminGroup/go-admin/context.(*Context).Next
	F:/go-admin/admin/go-admin@v1.2.23/context/context.go:101
github.com/GoAdminGroup/go-admin/plugins/admin/modules/guard.(*Guard).CheckPrefix
	F:/go-admin/admin/go-admin@v1.2.23/plugins/admin/modules/guard/guard.go:51
github.com/GoAdminGroup/go-admin/context.(*Context).Next
	F:/go-admin/admin/go-admin@v1.2.23/context/context.go:101
github.com/GoAdminGroup/go-admin/modules/auth.(*Invoker).Middleware.func1
	F:/go-admin/admin/go-admin@v1.2.23/modules/auth/middleware.go:132
github.com/GoAdminGroup/go-admin/context.(*Context).Next
	F:/go-admin/admin/go-admin@v1.2.23/context/context.go:101
github.com/GoAdminGroup/go-admin/plugins/admin.(*Admin).globalErrorHandler
	F:/go-admin/admin/go-admin@v1.2.23/plugins/admin/router.go:106
github.com/GoAdminGroup/go-admin/context.(*Context).Next
	F:/go-admin/admin/go-admin@v1.2.23/context/context.go:101
github.com/GoAdminGroup/go-admin/adapter/gin.(*Gin).AddHandler.func1
	F:/go-admin/admin/go-admin@v1.2.23/adapter/gin/gin.go:91
github.com/gin-gonic/gin.(*Context).Next
	D:/goproject/pkg/mod/github.com/gin-gonic/gin@v1.7.7/context.go:168
github.com/gin-gonic/gin.CustomRecoveryWithWriter.func1
	D:/goproject/pkg/mod/github.com/gin-gonic/gin@v1.7.7/recovery.go:99
github.com/gin-gonic/gin.(*Context).Next
	D:/goproject/pkg/mod/github.com/gin-gonic/gin@v1.7.7/context.go:168
github.com/gin-gonic/gin.LoggerWithConfig.func1
	D:/goproject/pkg/mod/github.com/gin-gonic/gin@v1.7.7/logger.go:241
github.com/gin-gonic/gin.(*Context).Next
	D:/goproject/pkg/mod/github.com/gin-gonic/gin@v1.7.7/context.go:168
github.com/gin-gonic/gin.(*Engine).handleHTTPRequest
	D:/goproject/pkg/mod/github.com/gin-gonic/gin@v1.7.7/gin.go:555
github.com/gin-gonic/gin.(*Engine).ServeHTTP
	D:/goproject/pkg/mod/github.com/gin-gonic/gin@v1.7.7/gin.go:511
net/http.serverHandler.ServeHTTP
	C:/Program Files/Go/src/net/http/server.go:2878
net/http.(*conn).serve
	C:/Program Files/Go/src/net/http/server.go:1929
2022-06-28T17:51:00.806+0800	[31mERROR[0m	controller/handler.go:31	runtime error: invalid memory address or nil pointer dereference
github.com/GoAdminGroup/go-admin/plugins/admin/controller.(*Handler).GlobalDeferHandler
	F:/go-admin/admin/go-admin@v1.2.23/plugins/admin/controller/handler.go:31
runtime.gopanic
	C:/Program Files/Go/src/runtime/panic.go:1047
runtime.panicmem
	C:/Program Files/Go/src/runtime/panic.go:221
runtime.sigpanic
	C:/Program Files/Go/src/runtime/signal_windows.go:254
github.com/GoAdminGroup/go-admin/template/types.FieldDisplay.ToDisplay
	F:/go-admin/admin/go-admin@v1.2.23/template/types/display.go:39
github.com/GoAdminGroup/go-admin/plugins/admin/modules/table.(*DefaultTable).getTempModelData
	F:/go-admin/admin/go-admin@v1.2.23/plugins/admin/modules/table/default.go:356
github.com/GoAdminGroup/go-admin/plugins/admin/modules/table.(*DefaultTable).getDataFromDatabase
	F:/go-admin/admin/go-admin@v1.2.23/plugins/admin/modules/table/default.go:573
github.com/GoAdminGroup/go-admin/plugins/admin/modules/table.(*DefaultTable).GetData
	F:/go-admin/admin/go-admin@v1.2.23/plugins/admin/modules/table/default.go:148
github.com/GoAdminGroup/go-admin/plugins/admin/controller.(*Handler).showTableData
	F:/go-admin/admin/go-admin@v1.2.23/plugins/admin/controller/show.go:70
github.com/GoAdminGroup/go-admin/plugins/admin/controller.(*Handler).showTable
	F:/go-admin/admin/go-admin@v1.2.23/plugins/admin/controller/show.go:102
github.com/GoAdminGroup/go-admin/plugins/admin/controller.(*Handler).EditForm
	F:/go-admin/admin/go-admin@v1.2.23/plugins/admin/controller/edit.go:226
github.com/GoAdminGroup/go-admin/context.(*Context).Next
	F:/go-admin/admin/go-admin@v1.2.23/context/context.go:101
github.com/GoAdminGroup/go-admin/plugins/admin/modules/guard.(*Guard).EditForm
	F:/go-admin/admin/go-admin@v1.2.23/plugins/admin/modules/guard/edit.go:143
github.com/GoAdminGroup/go-admin/context.(*Context).Next
	F:/go-admin/admin/go-admin@v1.2.23/context/context.go:101
github.com/GoAdminGroup/go-admin/plugins/admin/modules/guard.(*Guard).CheckPrefix
	F:/go-admin/admin/go-admin@v1.2.23/plugins/admin/modules/guard/guard.go:51
github.com/GoAdminGroup/go-admin/context.(*Context).Next
	F:/go-admin/admin/go-admin@v1.2.23/context/context.go:101
github.com/GoAdminGroup/go-admin/modules/auth.(*Invoker).Middleware.func1
	F:/go-admin/admin/go-admin@v1.2.23/modules/auth/middleware.go:132
github.com/GoAdminGroup/go-admin/context.(*Context).Next
	F:/go-admin/admin/go-admin@v1.2.23/context/context.go:101
github.com/GoAdminGroup/go-admin/plugins/admin.(*Admin).globalErrorHandler
	F:/go-admin/admin/go-admin@v1.2.23/plugins/admin/router.go:106
github.com/GoAdminGroup/go-admin/context.(*Context).Next
	F:/go-admin/admin/go-admin@v1.2.23/context/context.go:101
github.com/GoAdminGroup/go-admin/adapter/gin.(*Gin).AddHandler.func1
	F:/go-admin/admin/go-admin@v1.2.23/adapter/gin/gin.go:91
github.com/gin-gonic/gin.(*Context).Next
	D:/goproject/pkg/mod/github.com/gin-gonic/gin@v1.7.7/context.go:168
github.com/gin-gonic/gin.CustomRecoveryWithWriter.func1
	D:/goproject/pkg/mod/github.com/gin-gonic/gin@v1.7.7/recovery.go:99
github.com/gin-gonic/gin.(*Context).Next
	D:/goproject/pkg/mod/github.com/gin-gonic/gin@v1.7.7/context.go:168
github.com/gin-gonic/gin.LoggerWithConfig.func1
	D:/goproject/pkg/mod/github.com/gin-gonic/gin@v1.7.7/logger.go:241
github.com/gin-gonic/gin.(*Context).Next
	D:/goproject/pkg/mod/github.com/gin-gonic/gin@v1.7.7/context.go:168
github.com/gin-gonic/gin.(*Engine).handleHTTPRequest
	D:/goproject/pkg/mod/github.com/gin-gonic/gin@v1.7.7/gin.go:555
github.com/gin-gonic/gin.(*Engine).ServeHTTP
	D:/goproject/pkg/mod/github.com/gin-gonic/gin@v1.7.7/gin.go:511
net/http.serverHandler.ServeHTTP
	C:/Program Files/Go/src/net/http/server.go:2878
net/http.(*conn).serve
	C:/Program Files/Go/src/net/http/server.go:1929
2022-06-28T17:52:31.619+0800	[31mERROR[0m	controller/handler.go:31	runtime error: invalid memory address or nil pointer dereference
github.com/GoAdminGroup/go-admin/plugins/admin/controller.(*Handler).GlobalDeferHandler
	F:/go-admin/admin/go-admin@v1.2.23/plugins/admin/controller/handler.go:31
runtime.gopanic
	C:/Program Files/Go/src/runtime/panic.go:1047
runtime.panicmem
	C:/Program Files/Go/src/runtime/panic.go:221
runtime.sigpanic
	C:/Program Files/Go/src/runtime/signal_windows.go:254
github.com/GoAdminGroup/go-admin/template/types.FieldDisplay.ToDisplay
	F:/go-admin/admin/go-admin@v1.2.23/template/types/display.go:39
github.com/GoAdminGroup/go-admin/plugins/admin/modules/table.(*DefaultTable).getTempModelData
	F:/go-admin/admin/go-admin@v1.2.23/plugins/admin/modules/table/default.go:356
github.com/GoAdminGroup/go-admin/plugins/admin/modules/table.(*DefaultTable).getDataFromDatabase
	F:/go-admin/admin/go-admin@v1.2.23/plugins/admin/modules/table/default.go:573
github.com/GoAdminGroup/go-admin/plugins/admin/modules/table.(*DefaultTable).GetData
	F:/go-admin/admin/go-admin@v1.2.23/plugins/admin/modules/table/default.go:148
github.com/GoAdminGroup/go-admin/plugins/admin/controller.(*Handler).showTableData
	F:/go-admin/admin/go-admin@v1.2.23/plugins/admin/controller/show.go:70
github.com/GoAdminGroup/go-admin/plugins/admin/controller.(*Handler).showTable
	F:/go-admin/admin/go-admin@v1.2.23/plugins/admin/controller/show.go:102
github.com/GoAdminGroup/go-admin/plugins/admin/controller.(*Handler).EditForm
	F:/go-admin/admin/go-admin@v1.2.23/plugins/admin/controller/edit.go:226
github.com/GoAdminGroup/go-admin/context.(*Context).Next
	F:/go-admin/admin/go-admin@v1.2.23/context/context.go:101
github.com/GoAdminGroup/go-admin/plugins/admin/modules/guard.(*Guard).EditForm
	F:/go-admin/admin/go-admin@v1.2.23/plugins/admin/modules/guard/edit.go:143
github.com/GoAdminGroup/go-admin/context.(*Context).Next
	F:/go-admin/admin/go-admin@v1.2.23/context/context.go:101
github.com/GoAdminGroup/go-admin/plugins/admin/modules/guard.(*Guard).CheckPrefix
	F:/go-admin/admin/go-admin@v1.2.23/plugins/admin/modules/guard/guard.go:51
github.com/GoAdminGroup/go-admin/context.(*Context).Next
	F:/go-admin/admin/go-admin@v1.2.23/context/context.go:101
github.com/GoAdminGroup/go-admin/modules/auth.(*Invoker).Middleware.func1
	F:/go-admin/admin/go-admin@v1.2.23/modules/auth/middleware.go:132
github.com/GoAdminGroup/go-admin/context.(*Context).Next
	F:/go-admin/admin/go-admin@v1.2.23/context/context.go:101
github.com/GoAdminGroup/go-admin/plugins/admin.(*Admin).globalErrorHandler
	F:/go-admin/admin/go-admin@v1.2.23/plugins/admin/router.go:106
github.com/GoAdminGroup/go-admin/context.(*Context).Next
	F:/go-admin/admin/go-admin@v1.2.23/context/context.go:101
github.com/GoAdminGroup/go-admin/adapter/gin.(*Gin).AddHandler.func1
	F:/go-admin/admin/go-admin@v1.2.23/adapter/gin/gin.go:91
github.com/gin-gonic/gin.(*Context).Next
	D:/goproject/pkg/mod/github.com/gin-gonic/gin@v1.7.7/context.go:168
github.com/gin-gonic/gin.CustomRecoveryWithWriter.func1
	D:/goproject/pkg/mod/github.com/gin-gonic/gin@v1.7.7/recovery.go:99
github.com/gin-gonic/gin.(*Context).Next
	D:/goproject/pkg/mod/github.com/gin-gonic/gin@v1.7.7/context.go:168
github.com/gin-gonic/gin.LoggerWithConfig.func1
	D:/goproject/pkg/mod/github.com/gin-gonic/gin@v1.7.7/logger.go:241
github.com/gin-gonic/gin.(*Context).Next
	D:/goproject/pkg/mod/github.com/gin-gonic/gin@v1.7.7/context.go:168
github.com/gin-gonic/gin.(*Engine).handleHTTPRequest
	D:/goproject/pkg/mod/github.com/gin-gonic/gin@v1.7.7/gin.go:555
github.com/gin-gonic/gin.(*Engine).ServeHTTP
	D:/goproject/pkg/mod/github.com/gin-gonic/gin@v1.7.7/gin.go:511
net/http.serverHandler.ServeHTTP
	C:/Program Files/Go/src/net/http/server.go:2878
net/http.(*conn).serve
	C:/Program Files/Go/src/net/http/server.go:1929
2022-06-28T17:53:18.527+0800	[31mERROR[0m	controller/handler.go:31	runtime error: invalid memory address or nil pointer dereference
github.com/GoAdminGroup/go-admin/plugins/admin/controller.(*Handler).GlobalDeferHandler
	F:/go-admin/admin/go-admin@v1.2.23/plugins/admin/controller/handler.go:31
runtime.gopanic
	C:/Program Files/Go/src/runtime/panic.go:1047
runtime.panicmem
	C:/Program Files/Go/src/runtime/panic.go:221
runtime.sigpanic
	C:/Program Files/Go/src/runtime/signal_windows.go:254
github.com/GoAdminGroup/go-admin/template/types.FieldDisplay.ToDisplay
	F:/go-admin/admin/go-admin@v1.2.23/template/types/display.go:39
github.com/GoAdminGroup/go-admin/plugins/admin/modules/table.(*DefaultTable).getTempModelData
	F:/go-admin/admin/go-admin@v1.2.23/plugins/admin/modules/table/default.go:356
github.com/GoAdminGroup/go-admin/plugins/admin/modules/table.(*DefaultTable).getDataFromDatabase
	F:/go-admin/admin/go-admin@v1.2.23/plugins/admin/modules/table/default.go:573
github.com/GoAdminGroup/go-admin/plugins/admin/modules/table.(*DefaultTable).GetData
	F:/go-admin/admin/go-admin@v1.2.23/plugins/admin/modules/table/default.go:148
github.com/GoAdminGroup/go-admin/plugins/admin/controller.(*Handler).showTableData
	F:/go-admin/admin/go-admin@v1.2.23/plugins/admin/controller/show.go:70
github.com/GoAdminGroup/go-admin/plugins/admin/controller.(*Handler).showTable
	F:/go-admin/admin/go-admin@v1.2.23/plugins/admin/controller/show.go:102
github.com/GoAdminGroup/go-admin/plugins/admin/controller.(*Handler).EditForm
	F:/go-admin/admin/go-admin@v1.2.23/plugins/admin/controller/edit.go:226
github.com/GoAdminGroup/go-admin/context.(*Context).Next
	F:/go-admin/admin/go-admin@v1.2.23/context/context.go:101
github.com/GoAdminGroup/go-admin/plugins/admin/modules/guard.(*Guard).EditForm
	F:/go-admin/admin/go-admin@v1.2.23/plugins/admin/modules/guard/edit.go:143
github.com/GoAdminGroup/go-admin/context.(*Context).Next
	F:/go-admin/admin/go-admin@v1.2.23/context/context.go:101
github.com/GoAdminGroup/go-admin/plugins/admin/modules/guard.(*Guard).CheckPrefix
	F:/go-admin/admin/go-admin@v1.2.23/plugins/admin/modules/guard/guard.go:51
github.com/GoAdminGroup/go-admin/context.(*Context).Next
	F:/go-admin/admin/go-admin@v1.2.23/context/context.go:101
github.com/GoAdminGroup/go-admin/modules/auth.(*Invoker).Middleware.func1
	F:/go-admin/admin/go-admin@v1.2.23/modules/auth/middleware.go:132
github.com/GoAdminGroup/go-admin/context.(*Context).Next
	F:/go-admin/admin/go-admin@v1.2.23/context/context.go:101
github.com/GoAdminGroup/go-admin/plugins/admin.(*Admin).globalErrorHandler
	F:/go-admin/admin/go-admin@v1.2.23/plugins/admin/router.go:106
github.com/GoAdminGroup/go-admin/context.(*Context).Next
	F:/go-admin/admin/go-admin@v1.2.23/context/context.go:101
github.com/GoAdminGroup/go-admin/adapter/gin.(*Gin).AddHandler.func1
	F:/go-admin/admin/go-admin@v1.2.23/adapter/gin/gin.go:91
github.com/gin-gonic/gin.(*Context).Next
	D:/goproject/pkg/mod/github.com/gin-gonic/gin@v1.7.7/context.go:168
github.com/gin-gonic/gin.CustomRecoveryWithWriter.func1
	D:/goproject/pkg/mod/github.com/gin-gonic/gin@v1.7.7/recovery.go:99
github.com/gin-gonic/gin.(*Context).Next
	D:/goproject/pkg/mod/github.com/gin-gonic/gin@v1.7.7/context.go:168
github.com/gin-gonic/gin.LoggerWithConfig.func1
	D:/goproject/pkg/mod/github.com/gin-gonic/gin@v1.7.7/logger.go:241
github.com/gin-gonic/gin.(*Context).Next
	D:/goproject/pkg/mod/github.com/gin-gonic/gin@v1.7.7/context.go:168
github.com/gin-gonic/gin.(*Engine).handleHTTPRequest
	D:/goproject/pkg/mod/github.com/gin-gonic/gin@v1.7.7/gin.go:555
github.com/gin-gonic/gin.(*Engine).ServeHTTP
	D:/goproject/pkg/mod/github.com/gin-gonic/gin@v1.7.7/gin.go:511
net/http.serverHandler.ServeHTTP
	C:/Program Files/Go/src/net/http/server.go:2878
net/http.(*conn).serve
	C:/Program Files/Go/src/net/http/server.go:1929
2022-06-28T17:56:25.018+0800	[31mERROR[0m	controller/handler.go:31	runtime error: invalid memory address or nil pointer dereference
github.com/GoAdminGroup/go-admin/plugins/admin/controller.(*Handler).GlobalDeferHandler
	F:/go-admin/admin/go-admin@v1.2.23/plugins/admin/controller/handler.go:31
runtime.gopanic
	C:/Program Files/Go/src/runtime/panic.go:1047
runtime.panicmem
	C:/Program Files/Go/src/runtime/panic.go:221
runtime.sigpanic
	C:/Program Files/Go/src/runtime/signal_windows.go:254
github.com/GoAdminGroup/go-admin/template/types.FieldDisplay.ToDisplay
	F:/go-admin/admin/go-admin@v1.2.23/template/types/display.go:39
github.com/GoAdminGroup/go-admin/plugins/admin/modules/table.(*DefaultTable).getTempModelData
	F:/go-admin/admin/go-admin@v1.2.23/plugins/admin/modules/table/default.go:356
github.com/GoAdminGroup/go-admin/plugins/admin/modules/table.(*DefaultTable).getDataFromDatabase
	F:/go-admin/admin/go-admin@v1.2.23/plugins/admin/modules/table/default.go:573
github.com/GoAdminGroup/go-admin/plugins/admin/modules/table.(*DefaultTable).GetData
	F:/go-admin/admin/go-admin@v1.2.23/plugins/admin/modules/table/default.go:148
github.com/GoAdminGroup/go-admin/plugins/admin/controller.(*Handler).showTableData
	F:/go-admin/admin/go-admin@v1.2.23/plugins/admin/controller/show.go:70
github.com/GoAdminGroup/go-admin/plugins/admin/controller.(*Handler).showTable
	F:/go-admin/admin/go-admin@v1.2.23/plugins/admin/controller/show.go:102
github.com/GoAdminGroup/go-admin/plugins/admin/controller.(*Handler).EditForm
	F:/go-admin/admin/go-admin@v1.2.23/plugins/admin/controller/edit.go:226
github.com/GoAdminGroup/go-admin/context.(*Context).Next
	F:/go-admin/admin/go-admin@v1.2.23/context/context.go:101
github.com/GoAdminGroup/go-admin/plugins/admin/modules/guard.(*Guard).EditForm
	F:/go-admin/admin/go-admin@v1.2.23/plugins/admin/modules/guard/edit.go:143
github.com/GoAdminGroup/go-admin/context.(*Context).Next
	F:/go-admin/admin/go-admin@v1.2.23/context/context.go:101
github.com/GoAdminGroup/go-admin/plugins/admin/modules/guard.(*Guard).CheckPrefix
	F:/go-admin/admin/go-admin@v1.2.23/plugins/admin/modules/guard/guard.go:51
github.com/GoAdminGroup/go-admin/context.(*Context).Next
	F:/go-admin/admin/go-admin@v1.2.23/context/context.go:101
github.com/GoAdminGroup/go-admin/modules/auth.(*Invoker).Middleware.func1
	F:/go-admin/admin/go-admin@v1.2.23/modules/auth/middleware.go:132
github.com/GoAdminGroup/go-admin/context.(*Context).Next
	F:/go-admin/admin/go-admin@v1.2.23/context/context.go:101
github.com/GoAdminGroup/go-admin/plugins/admin.(*Admin).globalErrorHandler
	F:/go-admin/admin/go-admin@v1.2.23/plugins/admin/router.go:106
github.com/GoAdminGroup/go-admin/context.(*Context).Next
	F:/go-admin/admin/go-admin@v1.2.23/context/context.go:101
github.com/GoAdminGroup/go-admin/adapter/gin.(*Gin).AddHandler.func1
	F:/go-admin/admin/go-admin@v1.2.23/adapter/gin/gin.go:91
github.com/gin-gonic/gin.(*Context).Next
	D:/goproject/pkg/mod/github.com/gin-gonic/gin@v1.7.7/context.go:168
github.com/gin-gonic/gin.CustomRecoveryWithWriter.func1
	D:/goproject/pkg/mod/github.com/gin-gonic/gin@v1.7.7/recovery.go:99
github.com/gin-gonic/gin.(*Context).Next
	D:/goproject/pkg/mod/github.com/gin-gonic/gin@v1.7.7/context.go:168
github.com/gin-gonic/gin.LoggerWithConfig.func1
	D:/goproject/pkg/mod/github.com/gin-gonic/gin@v1.7.7/logger.go:241
github.com/gin-gonic/gin.(*Context).Next
	D:/goproject/pkg/mod/github.com/gin-gonic/gin@v1.7.7/context.go:168
github.com/gin-gonic/gin.(*Engine).handleHTTPRequest
	D:/goproject/pkg/mod/github.com/gin-gonic/gin@v1.7.7/gin.go:555
github.com/gin-gonic/gin.(*Engine).ServeHTTP
	D:/goproject/pkg/mod/github.com/gin-gonic/gin@v1.7.7/gin.go:511
net/http.serverHandler.ServeHTTP
	C:/Program Files/Go/src/net/http/server.go:2878
net/http.(*conn).serve
	C:/Program Files/Go/src/net/http/server.go:1929
2022-06-28T17:59:44.467+0800	[31mERROR[0m	controller/handler.go:31	runtime error: invalid memory address or nil pointer dereference
github.com/GoAdminGroup/go-admin/plugins/admin/controller.(*Handler).GlobalDeferHandler
	F:/go-admin/admin/go-admin@v1.2.23/plugins/admin/controller/handler.go:31
runtime.gopanic
	C:/Program Files/Go/src/runtime/panic.go:1047
runtime.panicmem
	C:/Program Files/Go/src/runtime/panic.go:221
runtime.sigpanic
	C:/Program Files/Go/src/runtime/signal_windows.go:254
github.com/GoAdminGroup/go-admin/template/types.FieldDisplay.ToDisplay
	F:/go-admin/admin/go-admin@v1.2.23/template/types/display.go:39
github.com/GoAdminGroup/go-admin/plugins/admin/modules/table.(*DefaultTable).getTempModelData
	F:/go-admin/admin/go-admin@v1.2.23/plugins/admin/modules/table/default.go:356
github.com/GoAdminGroup/go-admin/plugins/admin/modules/table.(*DefaultTable).getDataFromDatabase
	F:/go-admin/admin/go-admin@v1.2.23/plugins/admin/modules/table/default.go:573
github.com/GoAdminGroup/go-admin/plugins/admin/modules/table.(*DefaultTable).GetData
	F:/go-admin/admin/go-admin@v1.2.23/plugins/admin/modules/table/default.go:148
github.com/GoAdminGroup/go-admin/plugins/admin/controller.(*Handler).showTableData
	F:/go-admin/admin/go-admin@v1.2.23/plugins/admin/controller/show.go:70
github.com/GoAdminGroup/go-admin/plugins/admin/controller.(*Handler).showTable
	F:/go-admin/admin/go-admin@v1.2.23/plugins/admin/controller/show.go:102
github.com/GoAdminGroup/go-admin/plugins/admin/controller.(*Handler).EditForm
	F:/go-admin/admin/go-admin@v1.2.23/plugins/admin/controller/edit.go:226
github.com/GoAdminGroup/go-admin/context.(*Context).Next
	F:/go-admin/admin/go-admin@v1.2.23/context/context.go:101
github.com/GoAdminGroup/go-admin/plugins/admin/modules/guard.(*Guard).EditForm
	F:/go-admin/admin/go-admin@v1.2.23/plugins/admin/modules/guard/edit.go:143
github.com/GoAdminGroup/go-admin/context.(*Context).Next
	F:/go-admin/admin/go-admin@v1.2.23/context/context.go:101
github.com/GoAdminGroup/go-admin/plugins/admin/modules/guard.(*Guard).CheckPrefix
	F:/go-admin/admin/go-admin@v1.2.23/plugins/admin/modules/guard/guard.go:51
github.com/GoAdminGroup/go-admin/context.(*Context).Next
	F:/go-admin/admin/go-admin@v1.2.23/context/context.go:101
github.com/GoAdminGroup/go-admin/modules/auth.(*Invoker).Middleware.func1
	F:/go-admin/admin/go-admin@v1.2.23/modules/auth/middleware.go:132
github.com/GoAdminGroup/go-admin/context.(*Context).Next
	F:/go-admin/admin/go-admin@v1.2.23/context/context.go:101
github.com/GoAdminGroup/go-admin/plugins/admin.(*Admin).globalErrorHandler
	F:/go-admin/admin/go-admin@v1.2.23/plugins/admin/router.go:106
github.com/GoAdminGroup/go-admin/context.(*Context).Next
	F:/go-admin/admin/go-admin@v1.2.23/context/context.go:101
github.com/GoAdminGroup/go-admin/adapter/gin.(*Gin).AddHandler.func1
	F:/go-admin/admin/go-admin@v1.2.23/adapter/gin/gin.go:91
github.com/gin-gonic/gin.(*Context).Next
	D:/goproject/pkg/mod/github.com/gin-gonic/gin@v1.7.7/context.go:168
github.com/gin-gonic/gin.CustomRecoveryWithWriter.func1
	D:/goproject/pkg/mod/github.com/gin-gonic/gin@v1.7.7/recovery.go:99
github.com/gin-gonic/gin.(*Context).Next
	D:/goproject/pkg/mod/github.com/gin-gonic/gin@v1.7.7/context.go:168
github.com/gin-gonic/gin.LoggerWithConfig.func1
	D:/goproject/pkg/mod/github.com/gin-gonic/gin@v1.7.7/logger.go:241
github.com/gin-gonic/gin.(*Context).Next
	D:/goproject/pkg/mod/github.com/gin-gonic/gin@v1.7.7/context.go:168
github.com/gin-gonic/gin.(*Engine).handleHTTPRequest
	D:/goproject/pkg/mod/github.com/gin-gonic/gin@v1.7.7/gin.go:555
github.com/gin-gonic/gin.(*Engine).ServeHTTP
	D:/goproject/pkg/mod/github.com/gin-gonic/gin@v1.7.7/gin.go:511
net/http.serverHandler.ServeHTTP
	C:/Program Files/Go/src/net/http/server.go:2878
net/http.(*conn).serve
	C:/Program Files/Go/src/net/http/server.go:1929
2022-06-28T17:59:52.594+0800	[31mERROR[0m	controller/handler.go:31	runtime error: invalid memory address or nil pointer dereference
github.com/GoAdminGroup/go-admin/plugins/admin/controller.(*Handler).GlobalDeferHandler
	F:/go-admin/admin/go-admin@v1.2.23/plugins/admin/controller/handler.go:31
runtime.gopanic
	C:/Program Files/Go/src/runtime/panic.go:1047
runtime.panicmem
	C:/Program Files/Go/src/runtime/panic.go:221
runtime.sigpanic
	C:/Program Files/Go/src/runtime/signal_windows.go:254
github.com/GoAdminGroup/go-admin/template/types.FieldDisplay.ToDisplay
	F:/go-admin/admin/go-admin@v1.2.23/template/types/display.go:39
github.com/GoAdminGroup/go-admin/plugins/admin/modules/table.(*DefaultTable).getTempModelData
	F:/go-admin/admin/go-admin@v1.2.23/plugins/admin/modules/table/default.go:356
github.com/GoAdminGroup/go-admin/plugins/admin/modules/table.(*DefaultTable).getDataFromDatabase
	F:/go-admin/admin/go-admin@v1.2.23/plugins/admin/modules/table/default.go:573
github.com/GoAdminGroup/go-admin/plugins/admin/modules/table.(*DefaultTable).GetData
	F:/go-admin/admin/go-admin@v1.2.23/plugins/admin/modules/table/default.go:148
github.com/GoAdminGroup/go-admin/plugins/admin/controller.(*Handler).showTableData
	F:/go-admin/admin/go-admin@v1.2.23/plugins/admin/controller/show.go:70
github.com/GoAdminGroup/go-admin/plugins/admin/controller.(*Handler).showTable
	F:/go-admin/admin/go-admin@v1.2.23/plugins/admin/controller/show.go:102
github.com/GoAdminGroup/go-admin/plugins/admin/controller.(*Handler).EditForm
	F:/go-admin/admin/go-admin@v1.2.23/plugins/admin/controller/edit.go:226
github.com/GoAdminGroup/go-admin/context.(*Context).Next
	F:/go-admin/admin/go-admin@v1.2.23/context/context.go:101
github.com/GoAdminGroup/go-admin/plugins/admin/modules/guard.(*Guard).EditForm
	F:/go-admin/admin/go-admin@v1.2.23/plugins/admin/modules/guard/edit.go:143
github.com/GoAdminGroup/go-admin/context.(*Context).Next
	F:/go-admin/admin/go-admin@v1.2.23/context/context.go:101
github.com/GoAdminGroup/go-admin/plugins/admin/modules/guard.(*Guard).CheckPrefix
	F:/go-admin/admin/go-admin@v1.2.23/plugins/admin/modules/guard/guard.go:51
github.com/GoAdminGroup/go-admin/context.(*Context).Next
	F:/go-admin/admin/go-admin@v1.2.23/context/context.go:101
github.com/GoAdminGroup/go-admin/modules/auth.(*Invoker).Middleware.func1
	F:/go-admin/admin/go-admin@v1.2.23/modules/auth/middleware.go:132
github.com/GoAdminGroup/go-admin/context.(*Context).Next
	F:/go-admin/admin/go-admin@v1.2.23/context/context.go:101
github.com/GoAdminGroup/go-admin/plugins/admin.(*Admin).globalErrorHandler
	F:/go-admin/admin/go-admin@v1.2.23/plugins/admin/router.go:106
github.com/GoAdminGroup/go-admin/context.(*Context).Next
	F:/go-admin/admin/go-admin@v1.2.23/context/context.go:101
github.com/GoAdminGroup/go-admin/adapter/gin.(*Gin).AddHandler.func1
	F:/go-admin/admin/go-admin@v1.2.23/adapter/gin/gin.go:91
github.com/gin-gonic/gin.(*Context).Next
	D:/goproject/pkg/mod/github.com/gin-gonic/gin@v1.7.7/context.go:168
github.com/gin-gonic/gin.CustomRecoveryWithWriter.func1
	D:/goproject/pkg/mod/github.com/gin-gonic/gin@v1.7.7/recovery.go:99
github.com/gin-gonic/gin.(*Context).Next
	D:/goproject/pkg/mod/github.com/gin-gonic/gin@v1.7.7/context.go:168
github.com/gin-gonic/gin.LoggerWithConfig.func1
	D:/goproject/pkg/mod/github.com/gin-gonic/gin@v1.7.7/logger.go:241
github.com/gin-gonic/gin.(*Context).Next
	D:/goproject/pkg/mod/github.com/gin-gonic/gin@v1.7.7/context.go:168
github.com/gin-gonic/gin.(*Engine).handleHTTPRequest
	D:/goproject/pkg/mod/github.com/gin-gonic/gin@v1.7.7/gin.go:555
github.com/gin-gonic/gin.(*Engine).ServeHTTP
	D:/goproject/pkg/mod/github.com/gin-gonic/gin@v1.7.7/gin.go:511
net/http.serverHandler.ServeHTTP
	C:/Program Files/Go/src/net/http/server.go:2878
net/http.(*conn).serve
	C:/Program Files/Go/src/net/http/server.go:1929
2022-06-28T18:00:06.859+0800	[31mERROR[0m	controller/handler.go:31	runtime error: invalid memory address or nil pointer dereference
github.com/GoAdminGroup/go-admin/plugins/admin/controller.(*Handler).GlobalDeferHandler
	F:/go-admin/admin/go-admin@v1.2.23/plugins/admin/controller/handler.go:31
runtime.gopanic
	C:/Program Files/Go/src/runtime/panic.go:1047
runtime.panicmem
	C:/Program Files/Go/src/runtime/panic.go:221
runtime.sigpanic
	C:/Program Files/Go/src/runtime/signal_windows.go:254
github.com/GoAdminGroup/go-admin/template/types.FieldDisplay.ToDisplay
	F:/go-admin/admin/go-admin@v1.2.23/template/types/display.go:39
github.com/GoAdminGroup/go-admin/plugins/admin/modules/table.(*DefaultTable).getTempModelData
	F:/go-admin/admin/go-admin@v1.2.23/plugins/admin/modules/table/default.go:356
github.com/GoAdminGroup/go-admin/plugins/admin/modules/table.(*DefaultTable).getDataFromDatabase
	F:/go-admin/admin/go-admin@v1.2.23/plugins/admin/modules/table/default.go:573
github.com/GoAdminGroup/go-admin/plugins/admin/modules/table.(*DefaultTable).GetData
	F:/go-admin/admin/go-admin@v1.2.23/plugins/admin/modules/table/default.go:148
github.com/GoAdminGroup/go-admin/plugins/admin/controller.(*Handler).showTableData
	F:/go-admin/admin/go-admin@v1.2.23/plugins/admin/controller/show.go:70
github.com/GoAdminGroup/go-admin/plugins/admin/controller.(*Handler).showTable
	F:/go-admin/admin/go-admin@v1.2.23/plugins/admin/controller/show.go:102
github.com/GoAdminGroup/go-admin/plugins/admin/controller.(*Handler).EditForm
	F:/go-admin/admin/go-admin@v1.2.23/plugins/admin/controller/edit.go:226
github.com/GoAdminGroup/go-admin/context.(*Context).Next
	F:/go-admin/admin/go-admin@v1.2.23/context/context.go:101
github.com/GoAdminGroup/go-admin/plugins/admin/modules/guard.(*Guard).EditForm
	F:/go-admin/admin/go-admin@v1.2.23/plugins/admin/modules/guard/edit.go:143
github.com/GoAdminGroup/go-admin/context.(*Context).Next
	F:/go-admin/admin/go-admin@v1.2.23/context/context.go:101
github.com/GoAdminGroup/go-admin/plugins/admin/modules/guard.(*Guard).CheckPrefix
	F:/go-admin/admin/go-admin@v1.2.23/plugins/admin/modules/guard/guard.go:51
github.com/GoAdminGroup/go-admin/context.(*Context).Next
	F:/go-admin/admin/go-admin@v1.2.23/context/context.go:101
github.com/GoAdminGroup/go-admin/modules/auth.(*Invoker).Middleware.func1
	F:/go-admin/admin/go-admin@v1.2.23/modules/auth/middleware.go:132
github.com/GoAdminGroup/go-admin/context.(*Context).Next
	F:/go-admin/admin/go-admin@v1.2.23/context/context.go:101
github.com/GoAdminGroup/go-admin/plugins/admin.(*Admin).globalErrorHandler
	F:/go-admin/admin/go-admin@v1.2.23/plugins/admin/router.go:106
github.com/GoAdminGroup/go-admin/context.(*Context).Next
	F:/go-admin/admin/go-admin@v1.2.23/context/context.go:101
github.com/GoAdminGroup/go-admin/adapter/gin.(*Gin).AddHandler.func1
	F:/go-admin/admin/go-admin@v1.2.23/adapter/gin/gin.go:91
github.com/gin-gonic/gin.(*Context).Next
	D:/goproject/pkg/mod/github.com/gin-gonic/gin@v1.7.7/context.go:168
github.com/gin-gonic/gin.CustomRecoveryWithWriter.func1
	D:/goproject/pkg/mod/github.com/gin-gonic/gin@v1.7.7/recovery.go:99
github.com/gin-gonic/gin.(*Context).Next
	D:/goproject/pkg/mod/github.com/gin-gonic/gin@v1.7.7/context.go:168
github.com/gin-gonic/gin.LoggerWithConfig.func1
	D:/goproject/pkg/mod/github.com/gin-gonic/gin@v1.7.7/logger.go:241
github.com/gin-gonic/gin.(*Context).Next
	D:/goproject/pkg/mod/github.com/gin-gonic/gin@v1.7.7/context.go:168
github.com/gin-gonic/gin.(*Engine).handleHTTPRequest
	D:/goproject/pkg/mod/github.com/gin-gonic/gin@v1.7.7/gin.go:555
github.com/gin-gonic/gin.(*Engine).ServeHTTP
	D:/goproject/pkg/mod/github.com/gin-gonic/gin@v1.7.7/gin.go:511
net/http.serverHandler.ServeHTTP
	C:/Program Files/Go/src/net/http/server.go:2878
net/http.(*conn).serve
	C:/Program Files/Go/src/net/http/server.go:1929
2022-06-28T18:09:45.460+0800	[31mERROR[0m	controller/handler.go:31	runtime error: invalid memory address or nil pointer dereference
github.com/GoAdminGroup/go-admin/plugins/admin/controller.(*Handler).GlobalDeferHandler
	F:/go-admin/admin/go-admin@v1.2.23/plugins/admin/controller/handler.go:31
runtime.gopanic
	C:/Program Files/Go/src/runtime/panic.go:1047
runtime.panicmem
	C:/Program Files/Go/src/runtime/panic.go:221
runtime.sigpanic
	C:/Program Files/Go/src/runtime/signal_windows.go:254
github.com/GoAdminGroup/go-admin/template/types.FieldDisplay.ToDisplay
	F:/go-admin/admin/go-admin@v1.2.23/template/types/display.go:39
github.com/GoAdminGroup/go-admin/plugins/admin/modules/table.(*DefaultTable).getTempModelData
	F:/go-admin/admin/go-admin@v1.2.23/plugins/admin/modules/table/default.go:356
github.com/GoAdminGroup/go-admin/plugins/admin/modules/table.(*DefaultTable).GetData
	F:/go-admin/admin/go-admin@v1.2.23/plugins/admin/modules/table/default.go:154
github.com/GoAdminGroup/go-admin/plugins/admin/controller.(*Handler).showTableData
	F:/go-admin/admin/go-admin@v1.2.23/plugins/admin/controller/show.go:70
github.com/GoAdminGroup/go-admin/plugins/admin/controller.(*Handler).showTable
	F:/go-admin/admin/go-admin@v1.2.23/plugins/admin/controller/show.go:102
github.com/GoAdminGroup/go-admin/plugins/admin/controller.(*Handler).ShowInfo
	F:/go-admin/admin/go-admin@v1.2.23/plugins/admin/controller/show.go:60
github.com/GoAdminGroup/go-admin/context.(*Context).Next
	F:/go-admin/admin/go-admin@v1.2.23/context/context.go:101
github.com/GoAdminGroup/go-admin/plugins/admin/modules/guard.(*Guard).CheckPrefix
	F:/go-admin/admin/go-admin@v1.2.23/plugins/admin/modules/guard/guard.go:51
github.com/GoAdminGroup/go-admin/context.(*Context).Next
	F:/go-admin/admin/go-admin@v1.2.23/context/context.go:101
github.com/GoAdminGroup/go-admin/modules/auth.(*Invoker).Middleware.func1
	F:/go-admin/admin/go-admin@v1.2.23/modules/auth/middleware.go:132
github.com/GoAdminGroup/go-admin/context.(*Context).Next
	F:/go-admin/admin/go-admin@v1.2.23/context/context.go:101
github.com/GoAdminGroup/go-admin/plugins/admin.(*Admin).globalErrorHandler
	F:/go-admin/admin/go-admin@v1.2.23/plugins/admin/router.go:106
github.com/GoAdminGroup/go-admin/context.(*Context).Next
	F:/go-admin/admin/go-admin@v1.2.23/context/context.go:101
github.com/GoAdminGroup/go-admin/adapter/gin.(*Gin).AddHandler.func1
	F:/go-admin/admin/go-admin@v1.2.23/adapter/gin/gin.go:91
github.com/gin-gonic/gin.(*Context).Next
	D:/goproject/pkg/mod/github.com/gin-gonic/gin@v1.7.7/context.go:168
github.com/gin-gonic/gin.CustomRecoveryWithWriter.func1
	D:/goproject/pkg/mod/github.com/gin-gonic/gin@v1.7.7/recovery.go:99
github.com/gin-gonic/gin.(*Context).Next
	D:/goproject/pkg/mod/github.com/gin-gonic/gin@v1.7.7/context.go:168
github.com/gin-gonic/gin.LoggerWithConfig.func1
	D:/goproject/pkg/mod/github.com/gin-gonic/gin@v1.7.7/logger.go:241
github.com/gin-gonic/gin.(*Context).Next
	D:/goproject/pkg/mod/github.com/gin-gonic/gin@v1.7.7/context.go:168
github.com/gin-gonic/gin.(*Engine).handleHTTPRequest
	D:/goproject/pkg/mod/github.com/gin-gonic/gin@v1.7.7/gin.go:555
github.com/gin-gonic/gin.(*Engine).ServeHTTP
	D:/goproject/pkg/mod/github.com/gin-gonic/gin@v1.7.7/gin.go:511
net/http.serverHandler.ServeHTTP
	C:/Program Files/Go/src/net/http/server.go:2878
net/http.(*conn).serve
	C:/Program Files/Go/src/net/http/server.go:1929
2022-06-29T10:47:02.738+0800	[31mERROR[0m	controller/handler.go:31	interface conversion: interface {} is int64, not int
github.com/GoAdminGroup/go-admin/plugins/admin/controller.(*Handler).GlobalDeferHandler
	F:/go-admin/admin/go-admin@v1.2.23/plugins/admin/controller/handler.go:31
runtime.gopanic
	C:/Program Files/Go/src/runtime/panic.go:1047
runtime.panicdottypeE
	C:/Program Files/Go/src/runtime/iface.go:261
admin/pages/AutoPages.GetTExpCfgTable.func1
	F:/go-admin/admin/pages/AutoPages/t_exp_cfg.go:36
github.com/GoAdminGroup/go-admin/template/types.FieldDisplay.ToDisplay
	F:/go-admin/admin/go-admin@v1.2.23/template/types/display.go:39
github.com/GoAdminGroup/go-admin/plugins/admin/modules/table.(*DefaultTable).getTempModelData
	F:/go-admin/admin/go-admin@v1.2.23/plugins/admin/modules/table/default.go:314
github.com/GoAdminGroup/go-admin/plugins/admin/modules/table.(*DefaultTable).getDataFromDatabase
	F:/go-admin/admin/go-admin@v1.2.23/plugins/admin/modules/table/default.go:573
github.com/GoAdminGroup/go-admin/plugins/admin/modules/table.(*DefaultTable).GetData
	F:/go-admin/admin/go-admin@v1.2.23/plugins/admin/modules/table/default.go:148
github.com/GoAdminGroup/go-admin/plugins/admin/controller.(*Handler).showTableData
	F:/go-admin/admin/go-admin@v1.2.23/plugins/admin/controller/show.go:70
github.com/GoAdminGroup/go-admin/plugins/admin/controller.(*Handler).showTable
	F:/go-admin/admin/go-admin@v1.2.23/plugins/admin/controller/show.go:102
github.com/GoAdminGroup/go-admin/plugins/admin/controller.(*Handler).ShowInfo
	F:/go-admin/admin/go-admin@v1.2.23/plugins/admin/controller/show.go:60
github.com/GoAdminGroup/go-admin/context.(*Context).Next
	F:/go-admin/admin/go-admin@v1.2.23/context/context.go:101
github.com/GoAdminGroup/go-admin/plugins/admin/modules/guard.(*Guard).CheckPrefix
	F:/go-admin/admin/go-admin@v1.2.23/plugins/admin/modules/guard/guard.go:51
github.com/GoAdminGroup/go-admin/context.(*Context).Next
	F:/go-admin/admin/go-admin@v1.2.23/context/context.go:101
github.com/GoAdminGroup/go-admin/modules/auth.(*Invoker).Middleware.func1
	F:/go-admin/admin/go-admin@v1.2.23/modules/auth/middleware.go:132
github.com/GoAdminGroup/go-admin/context.(*Context).Next
	F:/go-admin/admin/go-admin@v1.2.23/context/context.go:101
github.com/GoAdminGroup/go-admin/plugins/admin.(*Admin).globalErrorHandler
	F:/go-admin/admin/go-admin@v1.2.23/plugins/admin/router.go:106
github.com/GoAdminGroup/go-admin/context.(*Context).Next
	F:/go-admin/admin/go-admin@v1.2.23/context/context.go:101
github.com/GoAdminGroup/go-admin/adapter/gin.(*Gin).AddHandler.func1
	F:/go-admin/admin/go-admin@v1.2.23/adapter/gin/gin.go:91
github.com/gin-gonic/gin.(*Context).Next
	D:/goproject/pkg/mod/github.com/gin-gonic/gin@v1.7.7/context.go:168
github.com/gin-gonic/gin.CustomRecoveryWithWriter.func1
	D:/goproject/pkg/mod/github.com/gin-gonic/gin@v1.7.7/recovery.go:99
github.com/gin-gonic/gin.(*Context).Next
	D:/goproject/pkg/mod/github.com/gin-gonic/gin@v1.7.7/context.go:168
github.com/gin-gonic/gin.LoggerWithConfig.func1
	D:/goproject/pkg/mod/github.com/gin-gonic/gin@v1.7.7/logger.go:241
github.com/gin-gonic/gin.(*Context).Next
	D:/goproject/pkg/mod/github.com/gin-gonic/gin@v1.7.7/context.go:168
github.com/gin-gonic/gin.(*Engine).handleHTTPRequest
	D:/goproject/pkg/mod/github.com/gin-gonic/gin@v1.7.7/gin.go:555
github.com/gin-gonic/gin.(*Engine).ServeHTTP
	D:/goproject/pkg/mod/github.com/gin-gonic/gin@v1.7.7/gin.go:511
net/http.serverHandler.ServeHTTP
	C:/Program Files/Go/src/net/http/server.go:2878
net/http.(*conn).serve
	C:/Program Files/Go/src/net/http/server.go:1929
2022-06-29T14:32:35.535+0800	[31mERROR[0m	controller/handler.go:31	Error 1054: Unknown column 't_excel_config.id' in 'field list'
github.com/GoAdminGroup/go-admin/plugins/admin/controller.(*Handler).GlobalDeferHandler
	F:/go-admin/admin/go-admin@v1.2.23/plugins/admin/controller/handler.go:31
runtime.gopanic
	C:/Program Files/Go/src/runtime/panic.go:1047
github.com/GoAdminGroup/go-admin/modules/db.CommonQuery
	F:/go-admin/admin/go-admin@v1.2.23/modules/db/performer.go:20
github.com/GoAdminGroup/go-admin/modules/db.(*Mysql).QueryWithConnection
	F:/go-admin/admin/go-admin@v1.2.23/modules/db/mysql.go:83
github.com/GoAdminGroup/go-admin/plugins/admin/modules/table.(*DefaultTable).getDataFromDatabase
	F:/go-admin/admin/go-admin@v1.2.23/plugins/admin/modules/table/default.go:564
github.com/GoAdminGroup/go-admin/plugins/admin/modules/table.(*DefaultTable).GetData
	F:/go-admin/admin/go-admin@v1.2.23/plugins/admin/modules/table/default.go:148
github.com/GoAdminGroup/go-admin/plugins/admin/controller.(*Handler).showTableData
	F:/go-admin/admin/go-admin@v1.2.23/plugins/admin/controller/show.go:70
github.com/GoAdminGroup/go-admin/plugins/admin/controller.(*Handler).showTable
	F:/go-admin/admin/go-admin@v1.2.23/plugins/admin/controller/show.go:102
github.com/GoAdminGroup/go-admin/plugins/admin/controller.(*Handler).ShowInfo
	F:/go-admin/admin/go-admin@v1.2.23/plugins/admin/controller/show.go:60
github.com/GoAdminGroup/go-admin/context.(*Context).Next
	F:/go-admin/admin/go-admin@v1.2.23/context/context.go:101
github.com/GoAdminGroup/go-admin/plugins/admin/modules/guard.(*Guard).CheckPrefix
	F:/go-admin/admin/go-admin@v1.2.23/plugins/admin/modules/guard/guard.go:51
github.com/GoAdminGroup/go-admin/context.(*Context).Next
	F:/go-admin/admin/go-admin@v1.2.23/context/context.go:101
github.com/GoAdminGroup/go-admin/modules/auth.(*Invoker).Middleware.func1
	F:/go-admin/admin/go-admin@v1.2.23/modules/auth/middleware.go:132
github.com/GoAdminGroup/go-admin/context.(*Context).Next
	F:/go-admin/admin/go-admin@v1.2.23/context/context.go:101
github.com/GoAdminGroup/go-admin/plugins/admin.(*Admin).globalErrorHandler
	F:/go-admin/admin/go-admin@v1.2.23/plugins/admin/router.go:106
github.com/GoAdminGroup/go-admin/context.(*Context).Next
	F:/go-admin/admin/go-admin@v1.2.23/context/context.go:101
github.com/GoAdminGroup/go-admin/adapter/gin.(*Gin).AddHandler.func1
	F:/go-admin/admin/go-admin@v1.2.23/adapter/gin/gin.go:91
github.com/gin-gonic/gin.(*Context).Next
	D:/goproject/pkg/mod/github.com/gin-gonic/gin@v1.7.7/context.go:168
github.com/gin-gonic/gin.CustomRecoveryWithWriter.func1
	D:/goproject/pkg/mod/github.com/gin-gonic/gin@v1.7.7/recovery.go:99
github.com/gin-gonic/gin.(*Context).Next
	D:/goproject/pkg/mod/github.com/gin-gonic/gin@v1.7.7/context.go:168
github.com/gin-gonic/gin.LoggerWithConfig.func1
	D:/goproject/pkg/mod/github.com/gin-gonic/gin@v1.7.7/logger.go:241
github.com/gin-gonic/gin.(*Context).Next
	D:/goproject/pkg/mod/github.com/gin-gonic/gin@v1.7.7/context.go:168
github.com/gin-gonic/gin.(*Engine).handleHTTPRequest
	D:/goproject/pkg/mod/github.com/gin-gonic/gin@v1.7.7/gin.go:555
github.com/gin-gonic/gin.(*Engine).ServeHTTP
	D:/goproject/pkg/mod/github.com/gin-gonic/gin@v1.7.7/gin.go:511
net/http.serverHandler.ServeHTTP
	C:/Program Files/Go/src/net/http/server.go:2878
net/http.(*conn).serve
	C:/Program Files/Go/src/net/http/server.go:1929
2022-06-29T15:33:51.510+0800	[31mERROR[0m	controller/new.go:118	insert data error: open ./uploadsbe9f1c8f-9875-4ecb-8aa5-05f3c4e3eec3.xlsx: The system cannot find the file specified.
github.com/GoAdminGroup/go-admin/plugins/admin/controller.(*Handler).NewForm
	F:/go-admin/admin/go-admin@v1.2.23/plugins/admin/controller/new.go:118
github.com/GoAdminGroup/go-admin/context.(*Context).Next
	F:/go-admin/admin/go-admin@v1.2.23/context/context.go:101
github.com/GoAdminGroup/go-admin/plugins/admin/modules/guard.(*Guard).NewForm
	F:/go-admin/admin/go-admin@v1.2.23/plugins/admin/modules/guard/new.go:121
github.com/GoAdminGroup/go-admin/context.(*Context).Next
	F:/go-admin/admin/go-admin@v1.2.23/context/context.go:101
github.com/GoAdminGroup/go-admin/plugins/admin/modules/guard.(*Guard).CheckPrefix
	F:/go-admin/admin/go-admin@v1.2.23/plugins/admin/modules/guard/guard.go:51
github.com/GoAdminGroup/go-admin/context.(*Context).Next
	F:/go-admin/admin/go-admin@v1.2.23/context/context.go:101
github.com/GoAdminGroup/go-admin/modules/auth.(*Invoker).Middleware.func1
	F:/go-admin/admin/go-admin@v1.2.23/modules/auth/middleware.go:132
github.com/GoAdminGroup/go-admin/context.(*Context).Next
	F:/go-admin/admin/go-admin@v1.2.23/context/context.go:101
github.com/GoAdminGroup/go-admin/plugins/admin.(*Admin).globalErrorHandler
	F:/go-admin/admin/go-admin@v1.2.23/plugins/admin/router.go:106
github.com/GoAdminGroup/go-admin/context.(*Context).Next
	F:/go-admin/admin/go-admin@v1.2.23/context/context.go:101
github.com/GoAdminGroup/go-admin/adapter/gin.(*Gin).AddHandler.func1
	F:/go-admin/admin/go-admin@v1.2.23/adapter/gin/gin.go:91
github.com/gin-gonic/gin.(*Context).Next
	D:/goproject/pkg/mod/github.com/gin-gonic/gin@v1.7.7/context.go:168
github.com/gin-gonic/gin.CustomRecoveryWithWriter.func1
	D:/goproject/pkg/mod/github.com/gin-gonic/gin@v1.7.7/recovery.go:99
github.com/gin-gonic/gin.(*Context).Next
	D:/goproject/pkg/mod/github.com/gin-gonic/gin@v1.7.7/context.go:168
github.com/gin-gonic/gin.LoggerWithConfig.func1
	D:/goproject/pkg/mod/github.com/gin-gonic/gin@v1.7.7/logger.go:241
github.com/gin-gonic/gin.(*Context).Next
	D:/goproject/pkg/mod/github.com/gin-gonic/gin@v1.7.7/context.go:168
github.com/gin-gonic/gin.(*Engine).handleHTTPRequest
	D:/goproject/pkg/mod/github.com/gin-gonic/gin@v1.7.7/gin.go:555
github.com/gin-gonic/gin.(*Engine).ServeHTTP
	D:/goproject/pkg/mod/github.com/gin-gonic/gin@v1.7.7/gin.go:511
net/http.serverHandler.ServeHTTP
	C:/Program Files/Go/src/net/http/server.go:2878
net/http.(*conn).serve
	C:/Program Files/Go/src/net/http/server.go:1929
2022-06-29T15:35:00.177+0800	[31mERROR[0m	controller/new.go:118	insert data error: ErrConfigType
github.com/GoAdminGroup/go-admin/plugins/admin/controller.(*Handler).NewForm
	F:/go-admin/admin/go-admin@v1.2.23/plugins/admin/controller/new.go:118
github.com/GoAdminGroup/go-admin/context.(*Context).Next
	F:/go-admin/admin/go-admin@v1.2.23/context/context.go:101
github.com/GoAdminGroup/go-admin/plugins/admin/modules/guard.(*Guard).NewForm
	F:/go-admin/admin/go-admin@v1.2.23/plugins/admin/modules/guard/new.go:121
github.com/GoAdminGroup/go-admin/context.(*Context).Next
	F:/go-admin/admin/go-admin@v1.2.23/context/context.go:101
github.com/GoAdminGroup/go-admin/plugins/admin/modules/guard.(*Guard).CheckPrefix
	F:/go-admin/admin/go-admin@v1.2.23/plugins/admin/modules/guard/guard.go:51
github.com/GoAdminGroup/go-admin/context.(*Context).Next
	F:/go-admin/admin/go-admin@v1.2.23/context/context.go:101
github.com/GoAdminGroup/go-admin/modules/auth.(*Invoker).Middleware.func1
	F:/go-admin/admin/go-admin@v1.2.23/modules/auth/middleware.go:132
github.com/GoAdminGroup/go-admin/context.(*Context).Next
	F:/go-admin/admin/go-admin@v1.2.23/context/context.go:101
github.com/GoAdminGroup/go-admin/plugins/admin.(*Admin).globalErrorHandler
	F:/go-admin/admin/go-admin@v1.2.23/plugins/admin/router.go:106
github.com/GoAdminGroup/go-admin/context.(*Context).Next
	F:/go-admin/admin/go-admin@v1.2.23/context/context.go:101
github.com/GoAdminGroup/go-admin/adapter/gin.(*Gin).AddHandler.func1
	F:/go-admin/admin/go-admin@v1.2.23/adapter/gin/gin.go:91
github.com/gin-gonic/gin.(*Context).Next
	D:/goproject/pkg/mod/github.com/gin-gonic/gin@v1.7.7/context.go:168
github.com/gin-gonic/gin.CustomRecoveryWithWriter.func1
	D:/goproject/pkg/mod/github.com/gin-gonic/gin@v1.7.7/recovery.go:99
github.com/gin-gonic/gin.(*Context).Next
	D:/goproject/pkg/mod/github.com/gin-gonic/gin@v1.7.7/context.go:168
github.com/gin-gonic/gin.LoggerWithConfig.func1
	D:/goproject/pkg/mod/github.com/gin-gonic/gin@v1.7.7/logger.go:241
github.com/gin-gonic/gin.(*Context).Next
	D:/goproject/pkg/mod/github.com/gin-gonic/gin@v1.7.7/context.go:168
github.com/gin-gonic/gin.(*Engine).handleHTTPRequest
	D:/goproject/pkg/mod/github.com/gin-gonic/gin@v1.7.7/gin.go:555
github.com/gin-gonic/gin.(*Engine).ServeHTTP
	D:/goproject/pkg/mod/github.com/gin-gonic/gin@v1.7.7/gin.go:511
net/http.serverHandler.ServeHTTP
	C:/Program Files/Go/src/net/http/server.go:2878
net/http.(*conn).serve
	C:/Program Files/Go/src/net/http/server.go:1929
2022-06-29T15:36:34.942+0800	[31mERROR[0m	controller/new.go:118	insert data error: ErrConfigType
github.com/GoAdminGroup/go-admin/plugins/admin/controller.(*Handler).NewForm
	F:/go-admin/admin/go-admin@v1.2.23/plugins/admin/controller/new.go:118
github.com/GoAdminGroup/go-admin/context.(*Context).Next
	F:/go-admin/admin/go-admin@v1.2.23/context/context.go:101
github.com/GoAdminGroup/go-admin/plugins/admin/modules/guard.(*Guard).NewForm
	F:/go-admin/admin/go-admin@v1.2.23/plugins/admin/modules/guard/new.go:121
github.com/GoAdminGroup/go-admin/context.(*Context).Next
	F:/go-admin/admin/go-admin@v1.2.23/context/context.go:101
github.com/GoAdminGroup/go-admin/plugins/admin/modules/guard.(*Guard).CheckPrefix
	F:/go-admin/admin/go-admin@v1.2.23/plugins/admin/modules/guard/guard.go:51
github.com/GoAdminGroup/go-admin/context.(*Context).Next
	F:/go-admin/admin/go-admin@v1.2.23/context/context.go:101
github.com/GoAdminGroup/go-admin/modules/auth.(*Invoker).Middleware.func1
	F:/go-admin/admin/go-admin@v1.2.23/modules/auth/middleware.go:132
github.com/GoAdminGroup/go-admin/context.(*Context).Next
	F:/go-admin/admin/go-admin@v1.2.23/context/context.go:101
github.com/GoAdminGroup/go-admin/plugins/admin.(*Admin).globalErrorHandler
	F:/go-admin/admin/go-admin@v1.2.23/plugins/admin/router.go:106
github.com/GoAdminGroup/go-admin/context.(*Context).Next
	F:/go-admin/admin/go-admin@v1.2.23/context/context.go:101
github.com/GoAdminGroup/go-admin/adapter/gin.(*Gin).AddHandler.func1
	F:/go-admin/admin/go-admin@v1.2.23/adapter/gin/gin.go:91
github.com/gin-gonic/gin.(*Context).Next
	D:/goproject/pkg/mod/github.com/gin-gonic/gin@v1.7.7/context.go:168
github.com/gin-gonic/gin.CustomRecoveryWithWriter.func1
	D:/goproject/pkg/mod/github.com/gin-gonic/gin@v1.7.7/recovery.go:99
github.com/gin-gonic/gin.(*Context).Next
	D:/goproject/pkg/mod/github.com/gin-gonic/gin@v1.7.7/context.go:168
github.com/gin-gonic/gin.LoggerWithConfig.func1
	D:/goproject/pkg/mod/github.com/gin-gonic/gin@v1.7.7/logger.go:241
github.com/gin-gonic/gin.(*Context).Next
	D:/goproject/pkg/mod/github.com/gin-gonic/gin@v1.7.7/context.go:168
github.com/gin-gonic/gin.(*Engine).handleHTTPRequest
	D:/goproject/pkg/mod/github.com/gin-gonic/gin@v1.7.7/gin.go:555
github.com/gin-gonic/gin.(*Engine).ServeHTTP
	D:/goproject/pkg/mod/github.com/gin-gonic/gin@v1.7.7/gin.go:511
net/http.serverHandler.ServeHTTP
	C:/Program Files/Go/src/net/http/server.go:2878
net/http.(*conn).serve
	C:/Program Files/Go/src/net/http/server.go:1929
2022-06-29T15:37:58.057+0800	[31mERROR[0m	controller/new.go:118	insert data error: ErrConfigType
github.com/GoAdminGroup/go-admin/plugins/admin/controller.(*Handler).NewForm
	F:/go-admin/admin/go-admin@v1.2.23/plugins/admin/controller/new.go:118
github.com/GoAdminGroup/go-admin/context.(*Context).Next
	F:/go-admin/admin/go-admin@v1.2.23/context/context.go:101
github.com/GoAdminGroup/go-admin/plugins/admin/modules/guard.(*Guard).NewForm
	F:/go-admin/admin/go-admin@v1.2.23/plugins/admin/modules/guard/new.go:121
github.com/GoAdminGroup/go-admin/context.(*Context).Next
	F:/go-admin/admin/go-admin@v1.2.23/context/context.go:101
github.com/GoAdminGroup/go-admin/plugins/admin/modules/guard.(*Guard).CheckPrefix
	F:/go-admin/admin/go-admin@v1.2.23/plugins/admin/modules/guard/guard.go:51
github.com/GoAdminGroup/go-admin/context.(*Context).Next
	F:/go-admin/admin/go-admin@v1.2.23/context/context.go:101
github.com/GoAdminGroup/go-admin/modules/auth.(*Invoker).Middleware.func1
	F:/go-admin/admin/go-admin@v1.2.23/modules/auth/middleware.go:132
github.com/GoAdminGroup/go-admin/context.(*Context).Next
	F:/go-admin/admin/go-admin@v1.2.23/context/context.go:101
github.com/GoAdminGroup/go-admin/plugins/admin.(*Admin).globalErrorHandler
	F:/go-admin/admin/go-admin@v1.2.23/plugins/admin/router.go:106
github.com/GoAdminGroup/go-admin/context.(*Context).Next
	F:/go-admin/admin/go-admin@v1.2.23/context/context.go:101
github.com/GoAdminGroup/go-admin/adapter/gin.(*Gin).AddHandler.func1
	F:/go-admin/admin/go-admin@v1.2.23/adapter/gin/gin.go:91
github.com/gin-gonic/gin.(*Context).Next
	D:/goproject/pkg/mod/github.com/gin-gonic/gin@v1.7.7/context.go:168
github.com/gin-gonic/gin.CustomRecoveryWithWriter.func1
	D:/goproject/pkg/mod/github.com/gin-gonic/gin@v1.7.7/recovery.go:99
github.com/gin-gonic/gin.(*Context).Next
	D:/goproject/pkg/mod/github.com/gin-gonic/gin@v1.7.7/context.go:168
github.com/gin-gonic/gin.LoggerWithConfig.func1
	D:/goproject/pkg/mod/github.com/gin-gonic/gin@v1.7.7/logger.go:241
github.com/gin-gonic/gin.(*Context).Next
	D:/goproject/pkg/mod/github.com/gin-gonic/gin@v1.7.7/context.go:168
github.com/gin-gonic/gin.(*Engine).handleHTTPRequest
	D:/goproject/pkg/mod/github.com/gin-gonic/gin@v1.7.7/gin.go:555
github.com/gin-gonic/gin.(*Engine).ServeHTTP
	D:/goproject/pkg/mod/github.com/gin-gonic/gin@v1.7.7/gin.go:511
net/http.serverHandler.ServeHTTP
	C:/Program Files/Go/src/net/http/server.go:2878
net/http.(*conn).serve
	C:/Program Files/Go/src/net/http/server.go:1929
2022-06-29T16:05:27.726+0800	[31mERROR[0m	controller/new.go:118	insert data error: ErrConfigType
github.com/GoAdminGroup/go-admin/plugins/admin/controller.(*Handler).NewForm
	F:/go-admin/admin/go-admin@v1.2.23/plugins/admin/controller/new.go:118
github.com/GoAdminGroup/go-admin/context.(*Context).Next
	F:/go-admin/admin/go-admin@v1.2.23/context/context.go:101
github.com/GoAdminGroup/go-admin/plugins/admin/modules/guard.(*Guard).NewForm
	F:/go-admin/admin/go-admin@v1.2.23/plugins/admin/modules/guard/new.go:121
github.com/GoAdminGroup/go-admin/context.(*Context).Next
	F:/go-admin/admin/go-admin@v1.2.23/context/context.go:101
github.com/GoAdminGroup/go-admin/plugins/admin/modules/guard.(*Guard).CheckPrefix
	F:/go-admin/admin/go-admin@v1.2.23/plugins/admin/modules/guard/guard.go:51
github.com/GoAdminGroup/go-admin/context.(*Context).Next
	F:/go-admin/admin/go-admin@v1.2.23/context/context.go:101
github.com/GoAdminGroup/go-admin/modules/auth.(*Invoker).Middleware.func1
	F:/go-admin/admin/go-admin@v1.2.23/modules/auth/middleware.go:132
github.com/GoAdminGroup/go-admin/context.(*Context).Next
	F:/go-admin/admin/go-admin@v1.2.23/context/context.go:101
github.com/GoAdminGroup/go-admin/plugins/admin.(*Admin).globalErrorHandler
	F:/go-admin/admin/go-admin@v1.2.23/plugins/admin/router.go:106
github.com/GoAdminGroup/go-admin/context.(*Context).Next
	F:/go-admin/admin/go-admin@v1.2.23/context/context.go:101
github.com/GoAdminGroup/go-admin/adapter/gin.(*Gin).AddHandler.func1
	F:/go-admin/admin/go-admin@v1.2.23/adapter/gin/gin.go:91
github.com/gin-gonic/gin.(*Context).Next
	D:/goproject/pkg/mod/github.com/gin-gonic/gin@v1.7.7/context.go:168
github.com/gin-gonic/gin.CustomRecoveryWithWriter.func1
	D:/goproject/pkg/mod/github.com/gin-gonic/gin@v1.7.7/recovery.go:99
github.com/gin-gonic/gin.(*Context).Next
	D:/goproject/pkg/mod/github.com/gin-gonic/gin@v1.7.7/context.go:168
github.com/gin-gonic/gin.LoggerWithConfig.func1
	D:/goproject/pkg/mod/github.com/gin-gonic/gin@v1.7.7/logger.go:241
github.com/gin-gonic/gin.(*Context).Next
	D:/goproject/pkg/mod/github.com/gin-gonic/gin@v1.7.7/context.go:168
github.com/gin-gonic/gin.(*Engine).handleHTTPRequest
	D:/goproject/pkg/mod/github.com/gin-gonic/gin@v1.7.7/gin.go:555
github.com/gin-gonic/gin.(*Engine).ServeHTTP
	D:/goproject/pkg/mod/github.com/gin-gonic/gin@v1.7.7/gin.go:511
net/http.serverHandler.ServeHTTP
	C:/Program Files/Go/src/net/http/server.go:2878
net/http.(*conn).serve
	C:/Program Files/Go/src/net/http/server.go:1929
2022-06-30T11:48:59.784+0800	[31mERROR[0m	controller/new.go:118	insert data error: 404 page not found

github.com/GoAdminGroup/go-admin/plugins/admin/controller.(*Handler).NewForm
	F:/go-admin/admin/go-admin@v1.2.23/plugins/admin/controller/new.go:118
github.com/GoAdminGroup/go-admin/context.(*Context).Next
	F:/go-admin/admin/go-admin@v1.2.23/context/context.go:101
github.com/GoAdminGroup/go-admin/plugins/admin/modules/guard.(*Guard).NewForm
	F:/go-admin/admin/go-admin@v1.2.23/plugins/admin/modules/guard/new.go:121
github.com/GoAdminGroup/go-admin/context.(*Context).Next
	F:/go-admin/admin/go-admin@v1.2.23/context/context.go:101
github.com/GoAdminGroup/go-admin/plugins/admin/modules/guard.(*Guard).CheckPrefix
	F:/go-admin/admin/go-admin@v1.2.23/plugins/admin/modules/guard/guard.go:51
github.com/GoAdminGroup/go-admin/context.(*Context).Next
	F:/go-admin/admin/go-admin@v1.2.23/context/context.go:101
github.com/GoAdminGroup/go-admin/modules/auth.(*Invoker).Middleware.func1
	F:/go-admin/admin/go-admin@v1.2.23/modules/auth/middleware.go:132
github.com/GoAdminGroup/go-admin/context.(*Context).Next
	F:/go-admin/admin/go-admin@v1.2.23/context/context.go:101
github.com/GoAdminGroup/go-admin/plugins/admin.(*Admin).globalErrorHandler
	F:/go-admin/admin/go-admin@v1.2.23/plugins/admin/router.go:106
github.com/GoAdminGroup/go-admin/context.(*Context).Next
	F:/go-admin/admin/go-admin@v1.2.23/context/context.go:101
github.com/GoAdminGroup/go-admin/adapter/gin.(*Gin).AddHandler.func1
	F:/go-admin/admin/go-admin@v1.2.23/adapter/gin/gin.go:91
github.com/gin-gonic/gin.(*Context).Next
	D:/goproject/pkg/mod/github.com/gin-gonic/gin@v1.7.7/context.go:168
github.com/gin-gonic/gin.CustomRecoveryWithWriter.func1
	D:/goproject/pkg/mod/github.com/gin-gonic/gin@v1.7.7/recovery.go:99
github.com/gin-gonic/gin.(*Context).Next
	D:/goproject/pkg/mod/github.com/gin-gonic/gin@v1.7.7/context.go:168
github.com/gin-gonic/gin.LoggerWithConfig.func1
	D:/goproject/pkg/mod/github.com/gin-gonic/gin@v1.7.7/logger.go:241
github.com/gin-gonic/gin.(*Context).Next
	D:/goproject/pkg/mod/github.com/gin-gonic/gin@v1.7.7/context.go:168
github.com/gin-gonic/gin.(*Engine).handleHTTPRequest
	D:/goproject/pkg/mod/github.com/gin-gonic/gin@v1.7.7/gin.go:555
github.com/gin-gonic/gin.(*Engine).ServeHTTP
	D:/goproject/pkg/mod/github.com/gin-gonic/gin@v1.7.7/gin.go:511
net/http.serverHandler.ServeHTTP
	C:/Program Files/Go/src/net/http/server.go:2878
net/http.(*conn).serve
	C:/Program Files/Go/src/net/http/server.go:1929
2022-06-30T11:52:46.464+0800	[31mERROR[0m	controller/new.go:118	insert data error: Query args `gsIds` is invalid.
github.com/GoAdminGroup/go-admin/plugins/admin/controller.(*Handler).NewForm
	F:/go-admin/admin/go-admin@v1.2.23/plugins/admin/controller/new.go:118
github.com/GoAdminGroup/go-admin/context.(*Context).Next
	F:/go-admin/admin/go-admin@v1.2.23/context/context.go:101
github.com/GoAdminGroup/go-admin/plugins/admin/modules/guard.(*Guard).NewForm
	F:/go-admin/admin/go-admin@v1.2.23/plugins/admin/modules/guard/new.go:121
github.com/GoAdminGroup/go-admin/context.(*Context).Next
	F:/go-admin/admin/go-admin@v1.2.23/context/context.go:101
github.com/GoAdminGroup/go-admin/plugins/admin/modules/guard.(*Guard).CheckPrefix
	F:/go-admin/admin/go-admin@v1.2.23/plugins/admin/modules/guard/guard.go:51
github.com/GoAdminGroup/go-admin/context.(*Context).Next
	F:/go-admin/admin/go-admin@v1.2.23/context/context.go:101
github.com/GoAdminGroup/go-admin/modules/auth.(*Invoker).Middleware.func1
	F:/go-admin/admin/go-admin@v1.2.23/modules/auth/middleware.go:132
github.com/GoAdminGroup/go-admin/context.(*Context).Next
	F:/go-admin/admin/go-admin@v1.2.23/context/context.go:101
github.com/GoAdminGroup/go-admin/plugins/admin.(*Admin).globalErrorHandler
	F:/go-admin/admin/go-admin@v1.2.23/plugins/admin/router.go:106
github.com/GoAdminGroup/go-admin/context.(*Context).Next
	F:/go-admin/admin/go-admin@v1.2.23/context/context.go:101
github.com/GoAdminGroup/go-admin/adapter/gin.(*Gin).AddHandler.func1
	F:/go-admin/admin/go-admin@v1.2.23/adapter/gin/gin.go:91
github.com/gin-gonic/gin.(*Context).Next
	D:/goproject/pkg/mod/github.com/gin-gonic/gin@v1.7.7/context.go:168
github.com/gin-gonic/gin.CustomRecoveryWithWriter.func1
	D:/goproject/pkg/mod/github.com/gin-gonic/gin@v1.7.7/recovery.go:99
github.com/gin-gonic/gin.(*Context).Next
	D:/goproject/pkg/mod/github.com/gin-gonic/gin@v1.7.7/context.go:168
github.com/gin-gonic/gin.LoggerWithConfig.func1
	D:/goproject/pkg/mod/github.com/gin-gonic/gin@v1.7.7/logger.go:241
github.com/gin-gonic/gin.(*Context).Next
	D:/goproject/pkg/mod/github.com/gin-gonic/gin@v1.7.7/context.go:168
github.com/gin-gonic/gin.(*Engine).handleHTTPRequest
	D:/goproject/pkg/mod/github.com/gin-gonic/gin@v1.7.7/gin.go:555
github.com/gin-gonic/gin.(*Engine).ServeHTTP
	D:/goproject/pkg/mod/github.com/gin-gonic/gin@v1.7.7/gin.go:511
net/http.serverHandler.ServeHTTP
	C:/Program Files/Go/src/net/http/server.go:2878
net/http.(*conn).serve
	C:/Program Files/Go/src/net/http/server.go:1929
2022-06-30T11:57:28.431+0800	[31mERROR[0m	controller/new.go:118	insert data error: Get "https://192.168.0.48:10002/Admin/PushExtraConfig.html?gsIds=%5B28%2C31%2C32%2C34%2C35%2C36%2C41%2C2%2C8%2C9%2C18%2C37%2C40%2C4%2C3%2C5%2C6%2C29%2C38%2C39%2C43%2C1%2C33%2C7%5D#anchor": EOF
github.com/GoAdminGroup/go-admin/plugins/admin/controller.(*Handler).NewForm
	F:/go-admin/admin/go-admin@v1.2.23/plugins/admin/controller/new.go:118
github.com/GoAdminGroup/go-admin/context.(*Context).Next
	F:/go-admin/admin/go-admin@v1.2.23/context/context.go:101
github.com/GoAdminGroup/go-admin/plugins/admin/modules/guard.(*Guard).NewForm
	F:/go-admin/admin/go-admin@v1.2.23/plugins/admin/modules/guard/new.go:121
github.com/GoAdminGroup/go-admin/context.(*Context).Next
	F:/go-admin/admin/go-admin@v1.2.23/context/context.go:101
github.com/GoAdminGroup/go-admin/plugins/admin/modules/guard.(*Guard).CheckPrefix
	F:/go-admin/admin/go-admin@v1.2.23/plugins/admin/modules/guard/guard.go:51
github.com/GoAdminGroup/go-admin/context.(*Context).Next
	F:/go-admin/admin/go-admin@v1.2.23/context/context.go:101
github.com/GoAdminGroup/go-admin/modules/auth.(*Invoker).Middleware.func1
	F:/go-admin/admin/go-admin@v1.2.23/modules/auth/middleware.go:132
github.com/GoAdminGroup/go-admin/context.(*Context).Next
	F:/go-admin/admin/go-admin@v1.2.23/context/context.go:101
github.com/GoAdminGroup/go-admin/plugins/admin.(*Admin).globalErrorHandler
	F:/go-admin/admin/go-admin@v1.2.23/plugins/admin/router.go:106
github.com/GoAdminGroup/go-admin/context.(*Context).Next
	F:/go-admin/admin/go-admin@v1.2.23/context/context.go:101
github.com/GoAdminGroup/go-admin/adapter/gin.(*Gin).AddHandler.func1
	F:/go-admin/admin/go-admin@v1.2.23/adapter/gin/gin.go:91
github.com/gin-gonic/gin.(*Context).Next
	D:/goproject/pkg/mod/github.com/gin-gonic/gin@v1.7.7/context.go:168
github.com/gin-gonic/gin.CustomRecoveryWithWriter.func1
	D:/goproject/pkg/mod/github.com/gin-gonic/gin@v1.7.7/recovery.go:99
github.com/gin-gonic/gin.(*Context).Next
	D:/goproject/pkg/mod/github.com/gin-gonic/gin@v1.7.7/context.go:168
github.com/gin-gonic/gin.LoggerWithConfig.func1
	D:/goproject/pkg/mod/github.com/gin-gonic/gin@v1.7.7/logger.go:241
github.com/gin-gonic/gin.(*Context).Next
	D:/goproject/pkg/mod/github.com/gin-gonic/gin@v1.7.7/context.go:168
github.com/gin-gonic/gin.(*Engine).handleHTTPRequest
	D:/goproject/pkg/mod/github.com/gin-gonic/gin@v1.7.7/gin.go:555
github.com/gin-gonic/gin.(*Engine).ServeHTTP
	D:/goproject/pkg/mod/github.com/gin-gonic/gin@v1.7.7/gin.go:511
net/http.serverHandler.ServeHTTP
	C:/Program Files/Go/src/net/http/server.go:2878
net/http.(*conn).serve
	C:/Program Files/Go/src/net/http/server.go:1929
2022-06-30T12:00:02.890+0800	[31mERROR[0m	controller/new.go:118	insert data error: Get "https://192.168.0.48:10002/Admin/PushExtraConfig.html?gsIds=%5B8%2C34%2C43%2C1%2C2%2C33%2C37%2C6%2C31%2C18%2C28%2C29%2C36%2C40%2C4%2C5%2C9%2C32%2C35%2C38%2C39%2C41%2C3%2C7%5D#anchor": EOF
github.com/GoAdminGroup/go-admin/plugins/admin/controller.(*Handler).NewForm
	F:/go-admin/admin/go-admin@v1.2.23/plugins/admin/controller/new.go:118
github.com/GoAdminGroup/go-admin/context.(*Context).Next
	F:/go-admin/admin/go-admin@v1.2.23/context/context.go:101
github.com/GoAdminGroup/go-admin/plugins/admin/modules/guard.(*Guard).NewForm
	F:/go-admin/admin/go-admin@v1.2.23/plugins/admin/modules/guard/new.go:121
github.com/GoAdminGroup/go-admin/context.(*Context).Next
	F:/go-admin/admin/go-admin@v1.2.23/context/context.go:101
github.com/GoAdminGroup/go-admin/plugins/admin/modules/guard.(*Guard).CheckPrefix
	F:/go-admin/admin/go-admin@v1.2.23/plugins/admin/modules/guard/guard.go:51
github.com/GoAdminGroup/go-admin/context.(*Context).Next
	F:/go-admin/admin/go-admin@v1.2.23/context/context.go:101
github.com/GoAdminGroup/go-admin/modules/auth.(*Invoker).Middleware.func1
	F:/go-admin/admin/go-admin@v1.2.23/modules/auth/middleware.go:132
github.com/GoAdminGroup/go-admin/context.(*Context).Next
	F:/go-admin/admin/go-admin@v1.2.23/context/context.go:101
github.com/GoAdminGroup/go-admin/plugins/admin.(*Admin).globalErrorHandler
	F:/go-admin/admin/go-admin@v1.2.23/plugins/admin/router.go:106
github.com/GoAdminGroup/go-admin/context.(*Context).Next
	F:/go-admin/admin/go-admin@v1.2.23/context/context.go:101
github.com/GoAdminGroup/go-admin/adapter/gin.(*Gin).AddHandler.func1
	F:/go-admin/admin/go-admin@v1.2.23/adapter/gin/gin.go:91
github.com/gin-gonic/gin.(*Context).Next
	D:/goproject/pkg/mod/github.com/gin-gonic/gin@v1.7.7/context.go:168
github.com/gin-gonic/gin.CustomRecoveryWithWriter.func1
	D:/goproject/pkg/mod/github.com/gin-gonic/gin@v1.7.7/recovery.go:99
github.com/gin-gonic/gin.(*Context).Next
	D:/goproject/pkg/mod/github.com/gin-gonic/gin@v1.7.7/context.go:168
github.com/gin-gonic/gin.LoggerWithConfig.func1
	D:/goproject/pkg/mod/github.com/gin-gonic/gin@v1.7.7/logger.go:241
github.com/gin-gonic/gin.(*Context).Next
	D:/goproject/pkg/mod/github.com/gin-gonic/gin@v1.7.7/context.go:168
github.com/gin-gonic/gin.(*Engine).handleHTTPRequest
	D:/goproject/pkg/mod/github.com/gin-gonic/gin@v1.7.7/gin.go:555
github.com/gin-gonic/gin.(*Engine).ServeHTTP
	D:/goproject/pkg/mod/github.com/gin-gonic/gin@v1.7.7/gin.go:511
net/http.serverHandler.ServeHTTP
	C:/Program Files/Go/src/net/http/server.go:2878
net/http.(*conn).serve
	C:/Program Files/Go/src/net/http/server.go:1929
2022-06-30T13:44:45.197+0800	[31mERROR[0m	controller/new.go:118	insert data error: Query failed, LoadTableFromDB(t_exp_cfg) -> Error 1064: You have an error in your SQL syntax; check the manual that corresponds to your MySQL server version for the right syntax to use near '' at line 1
github.com/GoAdminGroup/go-admin/plugins/admin/controller.(*Handler).NewForm
	F:/go-admin/admin/go-admin@v1.2.23/plugins/admin/controller/new.go:118
github.com/GoAdminGroup/go-admin/context.(*Context).Next
	F:/go-admin/admin/go-admin@v1.2.23/context/context.go:101
github.com/GoAdminGroup/go-admin/plugins/admin/modules/guard.(*Guard).NewForm
	F:/go-admin/admin/go-admin@v1.2.23/plugins/admin/modules/guard/new.go:121
github.com/GoAdminGroup/go-admin/context.(*Context).Next
	F:/go-admin/admin/go-admin@v1.2.23/context/context.go:101
github.com/GoAdminGroup/go-admin/plugins/admin/modules/guard.(*Guard).CheckPrefix
	F:/go-admin/admin/go-admin@v1.2.23/plugins/admin/modules/guard/guard.go:51
github.com/GoAdminGroup/go-admin/context.(*Context).Next
	F:/go-admin/admin/go-admin@v1.2.23/context/context.go:101
github.com/GoAdminGroup/go-admin/modules/auth.(*Invoker).Middleware.func1
	F:/go-admin/admin/go-admin@v1.2.23/modules/auth/middleware.go:132
github.com/GoAdminGroup/go-admin/context.(*Context).Next
	F:/go-admin/admin/go-admin@v1.2.23/context/context.go:101
github.com/GoAdminGroup/go-admin/plugins/admin.(*Admin).globalErrorHandler
	F:/go-admin/admin/go-admin@v1.2.23/plugins/admin/router.go:106
github.com/GoAdminGroup/go-admin/context.(*Context).Next
	F:/go-admin/admin/go-admin@v1.2.23/context/context.go:101
github.com/GoAdminGroup/go-admin/adapter/gin.(*Gin).AddHandler.func1
	F:/go-admin/admin/go-admin@v1.2.23/adapter/gin/gin.go:91
github.com/gin-gonic/gin.(*Context).Next
	D:/goproject/pkg/mod/github.com/gin-gonic/gin@v1.7.7/context.go:168
github.com/gin-gonic/gin.CustomRecoveryWithWriter.func1
	D:/goproject/pkg/mod/github.com/gin-gonic/gin@v1.7.7/recovery.go:99
github.com/gin-gonic/gin.(*Context).Next
	D:/goproject/pkg/mod/github.com/gin-gonic/gin@v1.7.7/context.go:168
github.com/gin-gonic/gin.LoggerWithConfig.func1
	D:/goproject/pkg/mod/github.com/gin-gonic/gin@v1.7.7/logger.go:241
github.com/gin-gonic/gin.(*Context).Next
	D:/goproject/pkg/mod/github.com/gin-gonic/gin@v1.7.7/context.go:168
github.com/gin-gonic/gin.(*Engine).handleHTTPRequest
	D:/goproject/pkg/mod/github.com/gin-gonic/gin@v1.7.7/gin.go:555
github.com/gin-gonic/gin.(*Engine).ServeHTTP
	D:/goproject/pkg/mod/github.com/gin-gonic/gin@v1.7.7/gin.go:511
net/http.serverHandler.ServeHTTP
	C:/Program Files/Go/src/net/http/server.go:2878
net/http.(*conn).serve
	C:/Program Files/Go/src/net/http/server.go:1929
2022-06-30T13:46:00.543+0800	[31mERROR[0m	controller/new.go:118	insert data error: Query failed, LoadTableFromDB(t_exp_cfg) -> Error 1064: You have an error in your SQL syntax; check the manual that corresponds to your MySQL server version for the right syntax to use near '' at line 1
github.com/GoAdminGroup/go-admin/plugins/admin/controller.(*Handler).NewForm
	F:/go-admin/admin/go-admin@v1.2.23/plugins/admin/controller/new.go:118
github.com/GoAdminGroup/go-admin/context.(*Context).Next
	F:/go-admin/admin/go-admin@v1.2.23/context/context.go:101
github.com/GoAdminGroup/go-admin/plugins/admin/modules/guard.(*Guard).NewForm
	F:/go-admin/admin/go-admin@v1.2.23/plugins/admin/modules/guard/new.go:121
github.com/GoAdminGroup/go-admin/context.(*Context).Next
	F:/go-admin/admin/go-admin@v1.2.23/context/context.go:101
github.com/GoAdminGroup/go-admin/plugins/admin/modules/guard.(*Guard).CheckPrefix
	F:/go-admin/admin/go-admin@v1.2.23/plugins/admin/modules/guard/guard.go:51
github.com/GoAdminGroup/go-admin/context.(*Context).Next
	F:/go-admin/admin/go-admin@v1.2.23/context/context.go:101
github.com/GoAdminGroup/go-admin/modules/auth.(*Invoker).Middleware.func1
	F:/go-admin/admin/go-admin@v1.2.23/modules/auth/middleware.go:132
github.com/GoAdminGroup/go-admin/context.(*Context).Next
	F:/go-admin/admin/go-admin@v1.2.23/context/context.go:101
github.com/GoAdminGroup/go-admin/plugins/admin.(*Admin).globalErrorHandler
	F:/go-admin/admin/go-admin@v1.2.23/plugins/admin/router.go:106
github.com/GoAdminGroup/go-admin/context.(*Context).Next
	F:/go-admin/admin/go-admin@v1.2.23/context/context.go:101
github.com/GoAdminGroup/go-admin/adapter/gin.(*Gin).AddHandler.func1
	F:/go-admin/admin/go-admin@v1.2.23/adapter/gin/gin.go:91
github.com/gin-gonic/gin.(*Context).Next
	D:/goproject/pkg/mod/github.com/gin-gonic/gin@v1.7.7/context.go:168
github.com/gin-gonic/gin.CustomRecoveryWithWriter.func1
	D:/goproject/pkg/mod/github.com/gin-gonic/gin@v1.7.7/recovery.go:99
github.com/gin-gonic/gin.(*Context).Next
	D:/goproject/pkg/mod/github.com/gin-gonic/gin@v1.7.7/context.go:168
github.com/gin-gonic/gin.LoggerWithConfig.func1
	D:/goproject/pkg/mod/github.com/gin-gonic/gin@v1.7.7/logger.go:241
github.com/gin-gonic/gin.(*Context).Next
	D:/goproject/pkg/mod/github.com/gin-gonic/gin@v1.7.7/context.go:168
github.com/gin-gonic/gin.(*Engine).handleHTTPRequest
	D:/goproject/pkg/mod/github.com/gin-gonic/gin@v1.7.7/gin.go:555
github.com/gin-gonic/gin.(*Engine).ServeHTTP
	D:/goproject/pkg/mod/github.com/gin-gonic/gin@v1.7.7/gin.go:511
net/http.serverHandler.ServeHTTP
	C:/Program Files/Go/src/net/http/server.go:2878
net/http.(*conn).serve
	C:/Program Files/Go/src/net/http/server.go:1929
2022-06-30T13:46:19.402+0800	[31mERROR[0m	controller/new.go:118	insert data error: Query failed, LoadTableFromDB(t_exp_cfg) -> Error 1064: You have an error in your SQL syntax; check the manual that corresponds to your MySQL server version for the right syntax to use near '' at line 1
github.com/GoAdminGroup/go-admin/plugins/admin/controller.(*Handler).NewForm
	F:/go-admin/admin/go-admin@v1.2.23/plugins/admin/controller/new.go:118
github.com/GoAdminGroup/go-admin/context.(*Context).Next
	F:/go-admin/admin/go-admin@v1.2.23/context/context.go:101
github.com/GoAdminGroup/go-admin/plugins/admin/modules/guard.(*Guard).NewForm
	F:/go-admin/admin/go-admin@v1.2.23/plugins/admin/modules/guard/new.go:121
github.com/GoAdminGroup/go-admin/context.(*Context).Next
	F:/go-admin/admin/go-admin@v1.2.23/context/context.go:101
github.com/GoAdminGroup/go-admin/plugins/admin/modules/guard.(*Guard).CheckPrefix
	F:/go-admin/admin/go-admin@v1.2.23/plugins/admin/modules/guard/guard.go:51
github.com/GoAdminGroup/go-admin/context.(*Context).Next
	F:/go-admin/admin/go-admin@v1.2.23/context/context.go:101
github.com/GoAdminGroup/go-admin/modules/auth.(*Invoker).Middleware.func1
	F:/go-admin/admin/go-admin@v1.2.23/modules/auth/middleware.go:132
github.com/GoAdminGroup/go-admin/context.(*Context).Next
	F:/go-admin/admin/go-admin@v1.2.23/context/context.go:101
github.com/GoAdminGroup/go-admin/plugins/admin.(*Admin).globalErrorHandler
	F:/go-admin/admin/go-admin@v1.2.23/plugins/admin/router.go:106
github.com/GoAdminGroup/go-admin/context.(*Context).Next
	F:/go-admin/admin/go-admin@v1.2.23/context/context.go:101
github.com/GoAdminGroup/go-admin/adapter/gin.(*Gin).AddHandler.func1
	F:/go-admin/admin/go-admin@v1.2.23/adapter/gin/gin.go:91
github.com/gin-gonic/gin.(*Context).Next
	D:/goproject/pkg/mod/github.com/gin-gonic/gin@v1.7.7/context.go:168
github.com/gin-gonic/gin.CustomRecoveryWithWriter.func1
	D:/goproject/pkg/mod/github.com/gin-gonic/gin@v1.7.7/recovery.go:99
github.com/gin-gonic/gin.(*Context).Next
	D:/goproject/pkg/mod/github.com/gin-gonic/gin@v1.7.7/context.go:168
github.com/gin-gonic/gin.LoggerWithConfig.func1
	D:/goproject/pkg/mod/github.com/gin-gonic/gin@v1.7.7/logger.go:241
github.com/gin-gonic/gin.(*Context).Next
	D:/goproject/pkg/mod/github.com/gin-gonic/gin@v1.7.7/context.go:168
github.com/gin-gonic/gin.(*Engine).handleHTTPRequest
	D:/goproject/pkg/mod/github.com/gin-gonic/gin@v1.7.7/gin.go:555
github.com/gin-gonic/gin.(*Engine).ServeHTTP
	D:/goproject/pkg/mod/github.com/gin-gonic/gin@v1.7.7/gin.go:511
net/http.serverHandler.ServeHTTP
	C:/Program Files/Go/src/net/http/server.go:2878
net/http.(*conn).serve
	C:/Program Files/Go/src/net/http/server.go:1929
2022-06-30T13:46:45.836+0800	[31mERROR[0m	controller/new.go:118	insert data error: Query args `gsIds` is invalid.
github.com/GoAdminGroup/go-admin/plugins/admin/controller.(*Handler).NewForm
	F:/go-admin/admin/go-admin@v1.2.23/plugins/admin/controller/new.go:118
github.com/GoAdminGroup/go-admin/context.(*Context).Next
	F:/go-admin/admin/go-admin@v1.2.23/context/context.go:101
github.com/GoAdminGroup/go-admin/plugins/admin/modules/guard.(*Guard).NewForm
	F:/go-admin/admin/go-admin@v1.2.23/plugins/admin/modules/guard/new.go:121
github.com/GoAdminGroup/go-admin/context.(*Context).Next
	F:/go-admin/admin/go-admin@v1.2.23/context/context.go:101
github.com/GoAdminGroup/go-admin/plugins/admin/modules/guard.(*Guard).CheckPrefix
	F:/go-admin/admin/go-admin@v1.2.23/plugins/admin/modules/guard/guard.go:51
github.com/GoAdminGroup/go-admin/context.(*Context).Next
	F:/go-admin/admin/go-admin@v1.2.23/context/context.go:101
github.com/GoAdminGroup/go-admin/modules/auth.(*Invoker).Middleware.func1
	F:/go-admin/admin/go-admin@v1.2.23/modules/auth/middleware.go:132
github.com/GoAdminGroup/go-admin/context.(*Context).Next
	F:/go-admin/admin/go-admin@v1.2.23/context/context.go:101
github.com/GoAdminGroup/go-admin/plugins/admin.(*Admin).globalErrorHandler
	F:/go-admin/admin/go-admin@v1.2.23/plugins/admin/router.go:106
github.com/GoAdminGroup/go-admin/context.(*Context).Next
	F:/go-admin/admin/go-admin@v1.2.23/context/context.go:101
github.com/GoAdminGroup/go-admin/adapter/gin.(*Gin).AddHandler.func1
	F:/go-admin/admin/go-admin@v1.2.23/adapter/gin/gin.go:91
github.com/gin-gonic/gin.(*Context).Next
	D:/goproject/pkg/mod/github.com/gin-gonic/gin@v1.7.7/context.go:168
github.com/gin-gonic/gin.CustomRecoveryWithWriter.func1
	D:/goproject/pkg/mod/github.com/gin-gonic/gin@v1.7.7/recovery.go:99
github.com/gin-gonic/gin.(*Context).Next
	D:/goproject/pkg/mod/github.com/gin-gonic/gin@v1.7.7/context.go:168
github.com/gin-gonic/gin.LoggerWithConfig.func1
	D:/goproject/pkg/mod/github.com/gin-gonic/gin@v1.7.7/logger.go:241
github.com/gin-gonic/gin.(*Context).Next
	D:/goproject/pkg/mod/github.com/gin-gonic/gin@v1.7.7/context.go:168
github.com/gin-gonic/gin.(*Engine).handleHTTPRequest
	D:/goproject/pkg/mod/github.com/gin-gonic/gin@v1.7.7/gin.go:555
github.com/gin-gonic/gin.(*Engine).ServeHTTP
	D:/goproject/pkg/mod/github.com/gin-gonic/gin@v1.7.7/gin.go:511
net/http.serverHandler.ServeHTTP
	C:/Program Files/Go/src/net/http/server.go:2878
net/http.(*conn).serve
	C:/Program Files/Go/src/net/http/server.go:1929
2022-06-30T13:50:42.989+0800	[31mERROR[0m	controller/new.go:118	insert data error: Get "https://192.168.0.48:10002/Admin/PushExtraConfig.html?gsIds=%5B33%2C34%2C37%2C43%2C8%2C3%2C28%2C36%2C38%2C41%2C2%2C7%2C18%2C35%2C39%2C40%2C6%2C4%2C5%2C9%2C29%2C31%2C32%2C1%5D#anchor": EOF
github.com/GoAdminGroup/go-admin/plugins/admin/controller.(*Handler).NewForm
	F:/go-admin/admin/go-admin@v1.2.23/plugins/admin/controller/new.go:118
github.com/GoAdminGroup/go-admin/context.(*Context).Next
	F:/go-admin/admin/go-admin@v1.2.23/context/context.go:101
github.com/GoAdminGroup/go-admin/plugins/admin/modules/guard.(*Guard).NewForm
	F:/go-admin/admin/go-admin@v1.2.23/plugins/admin/modules/guard/new.go:121
github.com/GoAdminGroup/go-admin/context.(*Context).Next
	F:/go-admin/admin/go-admin@v1.2.23/context/context.go:101
github.com/GoAdminGroup/go-admin/plugins/admin/modules/guard.(*Guard).CheckPrefix
	F:/go-admin/admin/go-admin@v1.2.23/plugins/admin/modules/guard/guard.go:51
github.com/GoAdminGroup/go-admin/context.(*Context).Next
	F:/go-admin/admin/go-admin@v1.2.23/context/context.go:101
github.com/GoAdminGroup/go-admin/modules/auth.(*Invoker).Middleware.func1
	F:/go-admin/admin/go-admin@v1.2.23/modules/auth/middleware.go:132
github.com/GoAdminGroup/go-admin/context.(*Context).Next
	F:/go-admin/admin/go-admin@v1.2.23/context/context.go:101
github.com/GoAdminGroup/go-admin/plugins/admin.(*Admin).globalErrorHandler
	F:/go-admin/admin/go-admin@v1.2.23/plugins/admin/router.go:106
github.com/GoAdminGroup/go-admin/context.(*Context).Next
	F:/go-admin/admin/go-admin@v1.2.23/context/context.go:101
github.com/GoAdminGroup/go-admin/adapter/gin.(*Gin).AddHandler.func1
	F:/go-admin/admin/go-admin@v1.2.23/adapter/gin/gin.go:91
github.com/gin-gonic/gin.(*Context).Next
	D:/goproject/pkg/mod/github.com/gin-gonic/gin@v1.7.7/context.go:168
github.com/gin-gonic/gin.CustomRecoveryWithWriter.func1
	D:/goproject/pkg/mod/github.com/gin-gonic/gin@v1.7.7/recovery.go:99
github.com/gin-gonic/gin.(*Context).Next
	D:/goproject/pkg/mod/github.com/gin-gonic/gin@v1.7.7/context.go:168
github.com/gin-gonic/gin.LoggerWithConfig.func1
	D:/goproject/pkg/mod/github.com/gin-gonic/gin@v1.7.7/logger.go:241
github.com/gin-gonic/gin.(*Context).Next
	D:/goproject/pkg/mod/github.com/gin-gonic/gin@v1.7.7/context.go:168
github.com/gin-gonic/gin.(*Engine).handleHTTPRequest
	D:/goproject/pkg/mod/github.com/gin-gonic/gin@v1.7.7/gin.go:555
github.com/gin-gonic/gin.(*Engine).ServeHTTP
	D:/goproject/pkg/mod/github.com/gin-gonic/gin@v1.7.7/gin.go:511
net/http.serverHandler.ServeHTTP
	C:/Program Files/Go/src/net/http/server.go:2878
net/http.(*conn).serve
	C:/Program Files/Go/src/net/http/server.go:1929
2022-06-30T13:54:38.361+0800	[31mERROR[0m	controller/new.go:118	insert data error: Get "https://192.168.0.48:10002/Admin/PushExtraConfig.html?gsIds=%5B3%2C38%2C39%2C43%2C2%2C4%2C5%2C9%2C34%2C36%2C40%2C6%2C8%2C29%2C32%2C33%2C41%2C1%2C7%2C18%2C28%2C31%2C35%2C37%5D#anchor": EOF
github.com/GoAdminGroup/go-admin/plugins/admin/controller.(*Handler).NewForm
	F:/go-admin/admin/go-admin@v1.2.23/plugins/admin/controller/new.go:118
github.com/GoAdminGroup/go-admin/context.(*Context).Next
	F:/go-admin/admin/go-admin@v1.2.23/context/context.go:101
github.com/GoAdminGroup/go-admin/plugins/admin/modules/guard.(*Guard).NewForm
	F:/go-admin/admin/go-admin@v1.2.23/plugins/admin/modules/guard/new.go:121
github.com/GoAdminGroup/go-admin/context.(*Context).Next
	F:/go-admin/admin/go-admin@v1.2.23/context/context.go:101
github.com/GoAdminGroup/go-admin/plugins/admin/modules/guard.(*Guard).CheckPrefix
	F:/go-admin/admin/go-admin@v1.2.23/plugins/admin/modules/guard/guard.go:51
github.com/GoAdminGroup/go-admin/context.(*Context).Next
	F:/go-admin/admin/go-admin@v1.2.23/context/context.go:101
github.com/GoAdminGroup/go-admin/modules/auth.(*Invoker).Middleware.func1
	F:/go-admin/admin/go-admin@v1.2.23/modules/auth/middleware.go:132
github.com/GoAdminGroup/go-admin/context.(*Context).Next
	F:/go-admin/admin/go-admin@v1.2.23/context/context.go:101
github.com/GoAdminGroup/go-admin/plugins/admin.(*Admin).globalErrorHandler
	F:/go-admin/admin/go-admin@v1.2.23/plugins/admin/router.go:106
github.com/GoAdminGroup/go-admin/context.(*Context).Next
	F:/go-admin/admin/go-admin@v1.2.23/context/context.go:101
github.com/GoAdminGroup/go-admin/adapter/gin.(*Gin).AddHandler.func1
	F:/go-admin/admin/go-admin@v1.2.23/adapter/gin/gin.go:91
github.com/gin-gonic/gin.(*Context).Next
	D:/goproject/pkg/mod/github.com/gin-gonic/gin@v1.7.7/context.go:168
github.com/gin-gonic/gin.CustomRecoveryWithWriter.func1
	D:/goproject/pkg/mod/github.com/gin-gonic/gin@v1.7.7/recovery.go:99
github.com/gin-gonic/gin.(*Context).Next
	D:/goproject/pkg/mod/github.com/gin-gonic/gin@v1.7.7/context.go:168
github.com/gin-gonic/gin.LoggerWithConfig.func1
	D:/goproject/pkg/mod/github.com/gin-gonic/gin@v1.7.7/logger.go:241
github.com/gin-gonic/gin.(*Context).Next
	D:/goproject/pkg/mod/github.com/gin-gonic/gin@v1.7.7/context.go:168
github.com/gin-gonic/gin.(*Engine).handleHTTPRequest
	D:/goproject/pkg/mod/github.com/gin-gonic/gin@v1.7.7/gin.go:555
github.com/gin-gonic/gin.(*Engine).ServeHTTP
	D:/goproject/pkg/mod/github.com/gin-gonic/gin@v1.7.7/gin.go:511
net/http.serverHandler.ServeHTTP
	C:/Program Files/Go/src/net/http/server.go:2878
net/http.(*conn).serve
	C:/Program Files/Go/src/net/http/server.go:1929
2022-06-30T13:55:17.129+0800	[31mERROR[0m	controller/new.go:118	insert data error: Get "https://192.168.0.48:10002/Admin/PushExtraConfig.html?gsIds=%5B36%2C40%2C6%2C9%2C28%2C32%2C33%2C1%2C5%2C8%2C31%2C41%2C39%2C43%2C3%2C7%2C34%2C35%2C38%2C2%2C4%2C18%2C29%2C37%5D#anchor": EOF
github.com/GoAdminGroup/go-admin/plugins/admin/controller.(*Handler).NewForm
	F:/go-admin/admin/go-admin@v1.2.23/plugins/admin/controller/new.go:118
github.com/GoAdminGroup/go-admin/context.(*Context).Next
	F:/go-admin/admin/go-admin@v1.2.23/context/context.go:101
github.com/GoAdminGroup/go-admin/plugins/admin/modules/guard.(*Guard).NewForm
	F:/go-admin/admin/go-admin@v1.2.23/plugins/admin/modules/guard/new.go:121
github.com/GoAdminGroup/go-admin/context.(*Context).Next
	F:/go-admin/admin/go-admin@v1.2.23/context/context.go:101
github.com/GoAdminGroup/go-admin/plugins/admin/modules/guard.(*Guard).CheckPrefix
	F:/go-admin/admin/go-admin@v1.2.23/plugins/admin/modules/guard/guard.go:51
github.com/GoAdminGroup/go-admin/context.(*Context).Next
	F:/go-admin/admin/go-admin@v1.2.23/context/context.go:101
github.com/GoAdminGroup/go-admin/modules/auth.(*Invoker).Middleware.func1
	F:/go-admin/admin/go-admin@v1.2.23/modules/auth/middleware.go:132
github.com/GoAdminGroup/go-admin/context.(*Context).Next
	F:/go-admin/admin/go-admin@v1.2.23/context/context.go:101
github.com/GoAdminGroup/go-admin/plugins/admin.(*Admin).globalErrorHandler
	F:/go-admin/admin/go-admin@v1.2.23/plugins/admin/router.go:106
github.com/GoAdminGroup/go-admin/context.(*Context).Next
	F:/go-admin/admin/go-admin@v1.2.23/context/context.go:101
github.com/GoAdminGroup/go-admin/adapter/gin.(*Gin).AddHandler.func1
	F:/go-admin/admin/go-admin@v1.2.23/adapter/gin/gin.go:91
github.com/gin-gonic/gin.(*Context).Next
	D:/goproject/pkg/mod/github.com/gin-gonic/gin@v1.7.7/context.go:168
github.com/gin-gonic/gin.CustomRecoveryWithWriter.func1
	D:/goproject/pkg/mod/github.com/gin-gonic/gin@v1.7.7/recovery.go:99
github.com/gin-gonic/gin.(*Context).Next
	D:/goproject/pkg/mod/github.com/gin-gonic/gin@v1.7.7/context.go:168
github.com/gin-gonic/gin.LoggerWithConfig.func1
	D:/goproject/pkg/mod/github.com/gin-gonic/gin@v1.7.7/logger.go:241
github.com/gin-gonic/gin.(*Context).Next
	D:/goproject/pkg/mod/github.com/gin-gonic/gin@v1.7.7/context.go:168
github.com/gin-gonic/gin.(*Engine).handleHTTPRequest
	D:/goproject/pkg/mod/github.com/gin-gonic/gin@v1.7.7/gin.go:555
github.com/gin-gonic/gin.(*Engine).ServeHTTP
	D:/goproject/pkg/mod/github.com/gin-gonic/gin@v1.7.7/gin.go:511
net/http.serverHandler.ServeHTTP
	C:/Program Files/Go/src/net/http/server.go:2878
net/http.(*conn).serve
	C:/Program Files/Go/src/net/http/server.go:1929
2022-06-30T13:56:25.695+0800	[31mERROR[0m	controller/new.go:118	insert data error: Query failed, LoadTableFromDB(t_exp_cfg) -> sql: converting argument $1 type: unsupported type []uint32, a slice of uint32Query timeout.
github.com/GoAdminGroup/go-admin/plugins/admin/controller.(*Handler).NewForm
	F:/go-admin/admin/go-admin@v1.2.23/plugins/admin/controller/new.go:118
github.com/GoAdminGroup/go-admin/context.(*Context).Next
	F:/go-admin/admin/go-admin@v1.2.23/context/context.go:101
github.com/GoAdminGroup/go-admin/plugins/admin/modules/guard.(*Guard).NewForm
	F:/go-admin/admin/go-admin@v1.2.23/plugins/admin/modules/guard/new.go:121
github.com/GoAdminGroup/go-admin/context.(*Context).Next
	F:/go-admin/admin/go-admin@v1.2.23/context/context.go:101
github.com/GoAdminGroup/go-admin/plugins/admin/modules/guard.(*Guard).CheckPrefix
	F:/go-admin/admin/go-admin@v1.2.23/plugins/admin/modules/guard/guard.go:51
github.com/GoAdminGroup/go-admin/context.(*Context).Next
	F:/go-admin/admin/go-admin@v1.2.23/context/context.go:101
github.com/GoAdminGroup/go-admin/modules/auth.(*Invoker).Middleware.func1
	F:/go-admin/admin/go-admin@v1.2.23/modules/auth/middleware.go:132
github.com/GoAdminGroup/go-admin/context.(*Context).Next
	F:/go-admin/admin/go-admin@v1.2.23/context/context.go:101
github.com/GoAdminGroup/go-admin/plugins/admin.(*Admin).globalErrorHandler
	F:/go-admin/admin/go-admin@v1.2.23/plugins/admin/router.go:106
github.com/GoAdminGroup/go-admin/context.(*Context).Next
	F:/go-admin/admin/go-admin@v1.2.23/context/context.go:101
github.com/GoAdminGroup/go-admin/adapter/gin.(*Gin).AddHandler.func1
	F:/go-admin/admin/go-admin@v1.2.23/adapter/gin/gin.go:91
github.com/gin-gonic/gin.(*Context).Next
	D:/goproject/pkg/mod/github.com/gin-gonic/gin@v1.7.7/context.go:168
github.com/gin-gonic/gin.CustomRecoveryWithWriter.func1
	D:/goproject/pkg/mod/github.com/gin-gonic/gin@v1.7.7/recovery.go:99
github.com/gin-gonic/gin.(*Context).Next
	D:/goproject/pkg/mod/github.com/gin-gonic/gin@v1.7.7/context.go:168
github.com/gin-gonic/gin.LoggerWithConfig.func1
	D:/goproject/pkg/mod/github.com/gin-gonic/gin@v1.7.7/logger.go:241
github.com/gin-gonic/gin.(*Context).Next
	D:/goproject/pkg/mod/github.com/gin-gonic/gin@v1.7.7/context.go:168
github.com/gin-gonic/gin.(*Engine).handleHTTPRequest
	D:/goproject/pkg/mod/github.com/gin-gonic/gin@v1.7.7/gin.go:555
github.com/gin-gonic/gin.(*Engine).ServeHTTP
	D:/goproject/pkg/mod/github.com/gin-gonic/gin@v1.7.7/gin.go:511
net/http.serverHandler.ServeHTTP
	C:/Program Files/Go/src/net/http/server.go:2878
net/http.(*conn).serve
	C:/Program Files/Go/src/net/http/server.go:1929
2022-06-30T14:01:01.877+0800	[31mERROR[0m	controller/new.go:118	insert data error: Query timeout.
github.com/GoAdminGroup/go-admin/plugins/admin/controller.(*Handler).NewForm
	F:/go-admin/admin/go-admin@v1.2.23/plugins/admin/controller/new.go:118
github.com/GoAdminGroup/go-admin/context.(*Context).Next
	F:/go-admin/admin/go-admin@v1.2.23/context/context.go:101
github.com/GoAdminGroup/go-admin/plugins/admin/modules/guard.(*Guard).NewForm
	F:/go-admin/admin/go-admin@v1.2.23/plugins/admin/modules/guard/new.go:121
github.com/GoAdminGroup/go-admin/context.(*Context).Next
	F:/go-admin/admin/go-admin@v1.2.23/context/context.go:101
github.com/GoAdminGroup/go-admin/plugins/admin/modules/guard.(*Guard).CheckPrefix
	F:/go-admin/admin/go-admin@v1.2.23/plugins/admin/modules/guard/guard.go:51
github.com/GoAdminGroup/go-admin/context.(*Context).Next
	F:/go-admin/admin/go-admin@v1.2.23/context/context.go:101
github.com/GoAdminGroup/go-admin/modules/auth.(*Invoker).Middleware.func1
	F:/go-admin/admin/go-admin@v1.2.23/modules/auth/middleware.go:132
github.com/GoAdminGroup/go-admin/context.(*Context).Next
	F:/go-admin/admin/go-admin@v1.2.23/context/context.go:101
github.com/GoAdminGroup/go-admin/plugins/admin.(*Admin).globalErrorHandler
	F:/go-admin/admin/go-admin@v1.2.23/plugins/admin/router.go:106
github.com/GoAdminGroup/go-admin/context.(*Context).Next
	F:/go-admin/admin/go-admin@v1.2.23/context/context.go:101
github.com/GoAdminGroup/go-admin/adapter/gin.(*Gin).AddHandler.func1
	F:/go-admin/admin/go-admin@v1.2.23/adapter/gin/gin.go:91
github.com/gin-gonic/gin.(*Context).Next
	D:/goproject/pkg/mod/github.com/gin-gonic/gin@v1.7.7/context.go:168
github.com/gin-gonic/gin.CustomRecoveryWithWriter.func1
	D:/goproject/pkg/mod/github.com/gin-gonic/gin@v1.7.7/recovery.go:99
github.com/gin-gonic/gin.(*Context).Next
	D:/goproject/pkg/mod/github.com/gin-gonic/gin@v1.7.7/context.go:168
github.com/gin-gonic/gin.LoggerWithConfig.func1
	D:/goproject/pkg/mod/github.com/gin-gonic/gin@v1.7.7/logger.go:241
github.com/gin-gonic/gin.(*Context).Next
	D:/goproject/pkg/mod/github.com/gin-gonic/gin@v1.7.7/context.go:168
github.com/gin-gonic/gin.(*Engine).handleHTTPRequest
	D:/goproject/pkg/mod/github.com/gin-gonic/gin@v1.7.7/gin.go:555
github.com/gin-gonic/gin.(*Engine).ServeHTTP
	D:/goproject/pkg/mod/github.com/gin-gonic/gin@v1.7.7/gin.go:511
net/http.serverHandler.ServeHTTP
	C:/Program Files/Go/src/net/http/server.go:2878
net/http.(*conn).serve
	C:/Program Files/Go/src/net/http/server.go:1929
2022-06-30T15:09:03.166+0800	[31mERROR[0m	controller/handler.go:31	interface conversion: interface {} is nil, not int64
github.com/GoAdminGroup/go-admin/plugins/admin/controller.(*Handler).GlobalDeferHandler
	F:/go-admin/admin/go-admin@v1.2.23/plugins/admin/controller/handler.go:31
runtime.gopanic
	C:/Program Files/Go/src/runtime/panic.go:1047
runtime.panicdottypeE
	C:/Program Files/Go/src/runtime/iface.go:261
admin/pages/AutoPages.GetTExpCfgTable.func2
	F:/go-admin/admin/pages/AutoPages/t_exp_cfg.go:48
github.com/GoAdminGroup/go-admin/template/types.FieldDisplay.ToDisplay
	F:/go-admin/admin/go-admin@v1.2.23/template/types/display.go:39
github.com/GoAdminGroup/go-admin/template/types.FieldDisplay.ToDisplayHTML
	F:/go-admin/admin/go-admin@v1.2.23/template/types/display.go:70
github.com/GoAdminGroup/go-admin/template/types.(*FormField).updateValue
	F:/go-admin/admin/go-admin@v1.2.23/template/types/form.go:285
github.com/GoAdminGroup/go-admin/template/types.(*FormField).UpdateDefaultValue
	F:/go-admin/admin/go-admin@v1.2.23/template/types/form.go:197
github.com/GoAdminGroup/go-admin/template/types.(*FormPanel).FieldsWithDefaultValue
	F:/go-admin/admin/go-admin@v1.2.23/template/types/form.go:1656
github.com/GoAdminGroup/go-admin/plugins/admin/modules/table.(*DefaultTable).GetNewFormInfo
	F:/go-admin/admin/go-admin@v1.2.23/plugins/admin/modules/table/default.go:1058
github.com/GoAdminGroup/go-admin/plugins/admin/controller.(*Handler).showNewForm
	F:/go-admin/admin/go-admin@v1.2.23/plugins/admin/controller/new.go:36
github.com/GoAdminGroup/go-admin/plugins/admin/controller.(*Handler).ShowNewForm
	F:/go-admin/admin/go-admin@v1.2.23/plugins/admin/controller/new.go:28
github.com/GoAdminGroup/go-admin/context.(*Context).Next
	F:/go-admin/admin/go-admin@v1.2.23/context/context.go:101
github.com/GoAdminGroup/go-admin/plugins/admin/modules/guard.(*Guard).ShowNewForm
	F:/go-admin/admin/go-admin@v1.2.23/plugins/admin/modules/guard/new.go:59
github.com/GoAdminGroup/go-admin/context.(*Context).Next
	F:/go-admin/admin/go-admin@v1.2.23/context/context.go:101
github.com/GoAdminGroup/go-admin/plugins/admin/modules/guard.(*Guard).CheckPrefix
	F:/go-admin/admin/go-admin@v1.2.23/plugins/admin/modules/guard/guard.go:51
github.com/GoAdminGroup/go-admin/context.(*Context).Next
	F:/go-admin/admin/go-admin@v1.2.23/context/context.go:101
github.com/GoAdminGroup/go-admin/modules/auth.(*Invoker).Middleware.func1
	F:/go-admin/admin/go-admin@v1.2.23/modules/auth/middleware.go:132
github.com/GoAdminGroup/go-admin/context.(*Context).Next
	F:/go-admin/admin/go-admin@v1.2.23/context/context.go:101
github.com/GoAdminGroup/go-admin/plugins/admin.(*Admin).globalErrorHandler
	F:/go-admin/admin/go-admin@v1.2.23/plugins/admin/router.go:106
github.com/GoAdminGroup/go-admin/context.(*Context).Next
	F:/go-admin/admin/go-admin@v1.2.23/context/context.go:101
github.com/GoAdminGroup/go-admin/adapter/gin.(*Gin).AddHandler.func1
	F:/go-admin/admin/go-admin@v1.2.23/adapter/gin/gin.go:91
github.com/gin-gonic/gin.(*Context).Next
	D:/goproject/pkg/mod/github.com/gin-gonic/gin@v1.7.7/context.go:168
github.com/gin-gonic/gin.CustomRecoveryWithWriter.func1
	D:/goproject/pkg/mod/github.com/gin-gonic/gin@v1.7.7/recovery.go:99
github.com/gin-gonic/gin.(*Context).Next
	D:/goproject/pkg/mod/github.com/gin-gonic/gin@v1.7.7/context.go:168
github.com/gin-gonic/gin.LoggerWithConfig.func1
	D:/goproject/pkg/mod/github.com/gin-gonic/gin@v1.7.7/logger.go:241
github.com/gin-gonic/gin.(*Context).Next
	D:/goproject/pkg/mod/github.com/gin-gonic/gin@v1.7.7/context.go:168
github.com/gin-gonic/gin.(*Engine).handleHTTPRequest
	D:/goproject/pkg/mod/github.com/gin-gonic/gin@v1.7.7/gin.go:555
github.com/gin-gonic/gin.(*Engine).ServeHTTP
	D:/goproject/pkg/mod/github.com/gin-gonic/gin@v1.7.7/gin.go:511
net/http.serverHandler.ServeHTTP
	C:/Program Files/Go/src/net/http/server.go:2878
net/http.(*conn).serve
	C:/Program Files/Go/src/net/http/server.go:1929
2022-06-30T15:09:03.234+0800	[31mERROR[0m	controller/handler.go:31	interface conversion: interface {} is nil, not int64
github.com/GoAdminGroup/go-admin/plugins/admin/controller.(*Handler).GlobalDeferHandler
	F:/go-admin/admin/go-admin@v1.2.23/plugins/admin/controller/handler.go:31
runtime.gopanic
	C:/Program Files/Go/src/runtime/panic.go:1047
runtime.panicdottypeE
	C:/Program Files/Go/src/runtime/iface.go:261
admin/pages/AutoPages.GetTExpCfgTable.func2
	F:/go-admin/admin/pages/AutoPages/t_exp_cfg.go:48
github.com/GoAdminGroup/go-admin/template/types.FieldDisplay.ToDisplay
	F:/go-admin/admin/go-admin@v1.2.23/template/types/display.go:39
github.com/GoAdminGroup/go-admin/template/types.FieldDisplay.ToDisplayHTML
	F:/go-admin/admin/go-admin@v1.2.23/template/types/display.go:70
github.com/GoAdminGroup/go-admin/template/types.(*FormField).updateValue
	F:/go-admin/admin/go-admin@v1.2.23/template/types/form.go:285
github.com/GoAdminGroup/go-admin/template/types.(*FormField).UpdateDefaultValue
	F:/go-admin/admin/go-admin@v1.2.23/template/types/form.go:197
github.com/GoAdminGroup/go-admin/template/types.(*FormPanel).FieldsWithDefaultValue
	F:/go-admin/admin/go-admin@v1.2.23/template/types/form.go:1656
github.com/GoAdminGroup/go-admin/plugins/admin/modules/table.(*DefaultTable).GetNewFormInfo
	F:/go-admin/admin/go-admin@v1.2.23/plugins/admin/modules/table/default.go:1058
github.com/GoAdminGroup/go-admin/plugins/admin/controller.(*Handler).showNewForm
	F:/go-admin/admin/go-admin@v1.2.23/plugins/admin/controller/new.go:36
github.com/GoAdminGroup/go-admin/plugins/admin/controller.(*Handler).ShowNewForm
	F:/go-admin/admin/go-admin@v1.2.23/plugins/admin/controller/new.go:28
github.com/GoAdminGroup/go-admin/context.(*Context).Next
	F:/go-admin/admin/go-admin@v1.2.23/context/context.go:101
github.com/GoAdminGroup/go-admin/plugins/admin/modules/guard.(*Guard).ShowNewForm
	F:/go-admin/admin/go-admin@v1.2.23/plugins/admin/modules/guard/new.go:59
github.com/GoAdminGroup/go-admin/context.(*Context).Next
	F:/go-admin/admin/go-admin@v1.2.23/context/context.go:101
github.com/GoAdminGroup/go-admin/plugins/admin/modules/guard.(*Guard).CheckPrefix
	F:/go-admin/admin/go-admin@v1.2.23/plugins/admin/modules/guard/guard.go:51
github.com/GoAdminGroup/go-admin/context.(*Context).Next
	F:/go-admin/admin/go-admin@v1.2.23/context/context.go:101
github.com/GoAdminGroup/go-admin/modules/auth.(*Invoker).Middleware.func1
	F:/go-admin/admin/go-admin@v1.2.23/modules/auth/middleware.go:132
github.com/GoAdminGroup/go-admin/context.(*Context).Next
	F:/go-admin/admin/go-admin@v1.2.23/context/context.go:101
github.com/GoAdminGroup/go-admin/plugins/admin.(*Admin).globalErrorHandler
	F:/go-admin/admin/go-admin@v1.2.23/plugins/admin/router.go:106
github.com/GoAdminGroup/go-admin/context.(*Context).Next
	F:/go-admin/admin/go-admin@v1.2.23/context/context.go:101
github.com/GoAdminGroup/go-admin/adapter/gin.(*Gin).AddHandler.func1
	F:/go-admin/admin/go-admin@v1.2.23/adapter/gin/gin.go:91
github.com/gin-gonic/gin.(*Context).Next
	D:/goproject/pkg/mod/github.com/gin-gonic/gin@v1.7.7/context.go:168
github.com/gin-gonic/gin.CustomRecoveryWithWriter.func1
	D:/goproject/pkg/mod/github.com/gin-gonic/gin@v1.7.7/recovery.go:99
github.com/gin-gonic/gin.(*Context).Next
	D:/goproject/pkg/mod/github.com/gin-gonic/gin@v1.7.7/context.go:168
github.com/gin-gonic/gin.LoggerWithConfig.func1
	D:/goproject/pkg/mod/github.com/gin-gonic/gin@v1.7.7/logger.go:241
github.com/gin-gonic/gin.(*Context).Next
	D:/goproject/pkg/mod/github.com/gin-gonic/gin@v1.7.7/context.go:168
github.com/gin-gonic/gin.(*Engine).handleHTTPRequest
	D:/goproject/pkg/mod/github.com/gin-gonic/gin@v1.7.7/gin.go:555
github.com/gin-gonic/gin.(*Engine).ServeHTTP
	D:/goproject/pkg/mod/github.com/gin-gonic/gin@v1.7.7/gin.go:511
net/http.serverHandler.ServeHTTP
	C:/Program Files/Go/src/net/http/server.go:2878
net/http.(*conn).serve
	C:/Program Files/Go/src/net/http/server.go:1929
2022-06-30T15:09:09.015+0800	[31mERROR[0m	controller/handler.go:31	interface conversion: interface {} is nil, not int64
github.com/GoAdminGroup/go-admin/plugins/admin/controller.(*Handler).GlobalDeferHandler
	F:/go-admin/admin/go-admin@v1.2.23/plugins/admin/controller/handler.go:31
runtime.gopanic
	C:/Program Files/Go/src/runtime/panic.go:1047
runtime.panicdottypeE
	C:/Program Files/Go/src/runtime/iface.go:261
admin/pages/AutoPages.GetTExpCfgTable.func2
	F:/go-admin/admin/pages/AutoPages/t_exp_cfg.go:48
github.com/GoAdminGroup/go-admin/template/types.FieldDisplay.ToDisplay
	F:/go-admin/admin/go-admin@v1.2.23/template/types/display.go:39
github.com/GoAdminGroup/go-admin/template/types.FieldDisplay.ToDisplayHTML
	F:/go-admin/admin/go-admin@v1.2.23/template/types/display.go:70
github.com/GoAdminGroup/go-admin/template/types.(*FormField).updateValue
	F:/go-admin/admin/go-admin@v1.2.23/template/types/form.go:285
github.com/GoAdminGroup/go-admin/template/types.(*FormField).UpdateDefaultValue
	F:/go-admin/admin/go-admin@v1.2.23/template/types/form.go:197
github.com/GoAdminGroup/go-admin/template/types.(*FormPanel).FieldsWithDefaultValue
	F:/go-admin/admin/go-admin@v1.2.23/template/types/form.go:1656
github.com/GoAdminGroup/go-admin/plugins/admin/modules/table.(*DefaultTable).GetNewFormInfo
	F:/go-admin/admin/go-admin@v1.2.23/plugins/admin/modules/table/default.go:1058
github.com/GoAdminGroup/go-admin/plugins/admin/controller.(*Handler).showNewForm
	F:/go-admin/admin/go-admin@v1.2.23/plugins/admin/controller/new.go:36
github.com/GoAdminGroup/go-admin/plugins/admin/controller.(*Handler).ShowNewForm
	F:/go-admin/admin/go-admin@v1.2.23/plugins/admin/controller/new.go:28
github.com/GoAdminGroup/go-admin/context.(*Context).Next
	F:/go-admin/admin/go-admin@v1.2.23/context/context.go:101
github.com/GoAdminGroup/go-admin/plugins/admin/modules/guard.(*Guard).ShowNewForm
	F:/go-admin/admin/go-admin@v1.2.23/plugins/admin/modules/guard/new.go:59
github.com/GoAdminGroup/go-admin/context.(*Context).Next
	F:/go-admin/admin/go-admin@v1.2.23/context/context.go:101
github.com/GoAdminGroup/go-admin/plugins/admin/modules/guard.(*Guard).CheckPrefix
	F:/go-admin/admin/go-admin@v1.2.23/plugins/admin/modules/guard/guard.go:51
github.com/GoAdminGroup/go-admin/context.(*Context).Next
	F:/go-admin/admin/go-admin@v1.2.23/context/context.go:101
github.com/GoAdminGroup/go-admin/modules/auth.(*Invoker).Middleware.func1
	F:/go-admin/admin/go-admin@v1.2.23/modules/auth/middleware.go:132
github.com/GoAdminGroup/go-admin/context.(*Context).Next
	F:/go-admin/admin/go-admin@v1.2.23/context/context.go:101
github.com/GoAdminGroup/go-admin/plugins/admin.(*Admin).globalErrorHandler
	F:/go-admin/admin/go-admin@v1.2.23/plugins/admin/router.go:106
github.com/GoAdminGroup/go-admin/context.(*Context).Next
	F:/go-admin/admin/go-admin@v1.2.23/context/context.go:101
github.com/GoAdminGroup/go-admin/adapter/gin.(*Gin).AddHandler.func1
	F:/go-admin/admin/go-admin@v1.2.23/adapter/gin/gin.go:91
github.com/gin-gonic/gin.(*Context).Next
	D:/goproject/pkg/mod/github.com/gin-gonic/gin@v1.7.7/context.go:168
github.com/gin-gonic/gin.CustomRecoveryWithWriter.func1
	D:/goproject/pkg/mod/github.com/gin-gonic/gin@v1.7.7/recovery.go:99
github.com/gin-gonic/gin.(*Context).Next
	D:/goproject/pkg/mod/github.com/gin-gonic/gin@v1.7.7/context.go:168
github.com/gin-gonic/gin.LoggerWithConfig.func1
	D:/goproject/pkg/mod/github.com/gin-gonic/gin@v1.7.7/logger.go:241
github.com/gin-gonic/gin.(*Context).Next
	D:/goproject/pkg/mod/github.com/gin-gonic/gin@v1.7.7/context.go:168
github.com/gin-gonic/gin.(*Engine).handleHTTPRequest
	D:/goproject/pkg/mod/github.com/gin-gonic/gin@v1.7.7/gin.go:555
github.com/gin-gonic/gin.(*Engine).ServeHTTP
	D:/goproject/pkg/mod/github.com/gin-gonic/gin@v1.7.7/gin.go:511
net/http.serverHandler.ServeHTTP
	C:/Program Files/Go/src/net/http/server.go:2878
net/http.(*conn).serve
	C:/Program Files/Go/src/net/http/server.go:1929
2022-06-30T15:09:09.067+0800	[31mERROR[0m	controller/handler.go:31	interface conversion: interface {} is nil, not int64
github.com/GoAdminGroup/go-admin/plugins/admin/controller.(*Handler).GlobalDeferHandler
	F:/go-admin/admin/go-admin@v1.2.23/plugins/admin/controller/handler.go:31
runtime.gopanic
	C:/Program Files/Go/src/runtime/panic.go:1047
runtime.panicdottypeE
	C:/Program Files/Go/src/runtime/iface.go:261
admin/pages/AutoPages.GetTExpCfgTable.func2
	F:/go-admin/admin/pages/AutoPages/t_exp_cfg.go:48
github.com/GoAdminGroup/go-admin/template/types.FieldDisplay.ToDisplay
	F:/go-admin/admin/go-admin@v1.2.23/template/types/display.go:39
github.com/GoAdminGroup/go-admin/template/types.FieldDisplay.ToDisplayHTML
	F:/go-admin/admin/go-admin@v1.2.23/template/types/display.go:70
github.com/GoAdminGroup/go-admin/template/types.(*FormField).updateValue
	F:/go-admin/admin/go-admin@v1.2.23/template/types/form.go:285
github.com/GoAdminGroup/go-admin/template/types.(*FormField).UpdateDefaultValue
	F:/go-admin/admin/go-admin@v1.2.23/template/types/form.go:197
github.com/GoAdminGroup/go-admin/template/types.(*FormPanel).FieldsWithDefaultValue
	F:/go-admin/admin/go-admin@v1.2.23/template/types/form.go:1656
github.com/GoAdminGroup/go-admin/plugins/admin/modules/table.(*DefaultTable).GetNewFormInfo
	F:/go-admin/admin/go-admin@v1.2.23/plugins/admin/modules/table/default.go:1058
github.com/GoAdminGroup/go-admin/plugins/admin/controller.(*Handler).showNewForm
	F:/go-admin/admin/go-admin@v1.2.23/plugins/admin/controller/new.go:36
github.com/GoAdminGroup/go-admin/plugins/admin/controller.(*Handler).ShowNewForm
	F:/go-admin/admin/go-admin@v1.2.23/plugins/admin/controller/new.go:28
github.com/GoAdminGroup/go-admin/context.(*Context).Next
	F:/go-admin/admin/go-admin@v1.2.23/context/context.go:101
github.com/GoAdminGroup/go-admin/plugins/admin/modules/guard.(*Guard).ShowNewForm
	F:/go-admin/admin/go-admin@v1.2.23/plugins/admin/modules/guard/new.go:59
github.com/GoAdminGroup/go-admin/context.(*Context).Next
	F:/go-admin/admin/go-admin@v1.2.23/context/context.go:101
github.com/GoAdminGroup/go-admin/plugins/admin/modules/guard.(*Guard).CheckPrefix
	F:/go-admin/admin/go-admin@v1.2.23/plugins/admin/modules/guard/guard.go:51
github.com/GoAdminGroup/go-admin/context.(*Context).Next
	F:/go-admin/admin/go-admin@v1.2.23/context/context.go:101
github.com/GoAdminGroup/go-admin/modules/auth.(*Invoker).Middleware.func1
	F:/go-admin/admin/go-admin@v1.2.23/modules/auth/middleware.go:132
github.com/GoAdminGroup/go-admin/context.(*Context).Next
	F:/go-admin/admin/go-admin@v1.2.23/context/context.go:101
github.com/GoAdminGroup/go-admin/plugins/admin.(*Admin).globalErrorHandler
	F:/go-admin/admin/go-admin@v1.2.23/plugins/admin/router.go:106
github.com/GoAdminGroup/go-admin/context.(*Context).Next
	F:/go-admin/admin/go-admin@v1.2.23/context/context.go:101
github.com/GoAdminGroup/go-admin/adapter/gin.(*Gin).AddHandler.func1
	F:/go-admin/admin/go-admin@v1.2.23/adapter/gin/gin.go:91
github.com/gin-gonic/gin.(*Context).Next
	D:/goproject/pkg/mod/github.com/gin-gonic/gin@v1.7.7/context.go:168
github.com/gin-gonic/gin.CustomRecoveryWithWriter.func1
	D:/goproject/pkg/mod/github.com/gin-gonic/gin@v1.7.7/recovery.go:99
github.com/gin-gonic/gin.(*Context).Next
	D:/goproject/pkg/mod/github.com/gin-gonic/gin@v1.7.7/context.go:168
github.com/gin-gonic/gin.LoggerWithConfig.func1
	D:/goproject/pkg/mod/github.com/gin-gonic/gin@v1.7.7/logger.go:241
github.com/gin-gonic/gin.(*Context).Next
	D:/goproject/pkg/mod/github.com/gin-gonic/gin@v1.7.7/context.go:168
github.com/gin-gonic/gin.(*Engine).handleHTTPRequest
	D:/goproject/pkg/mod/github.com/gin-gonic/gin@v1.7.7/gin.go:555
github.com/gin-gonic/gin.(*Engine).ServeHTTP
	D:/goproject/pkg/mod/github.com/gin-gonic/gin@v1.7.7/gin.go:511
net/http.serverHandler.ServeHTTP
	C:/Program Files/Go/src/net/http/server.go:2878
net/http.(*conn).serve
	C:/Program Files/Go/src/net/http/server.go:1929
2022-06-30T15:09:17.194+0800	[31mERROR[0m	controller/handler.go:31	interface conversion: interface {} is nil, not int64
github.com/GoAdminGroup/go-admin/plugins/admin/controller.(*Handler).GlobalDeferHandler
	F:/go-admin/admin/go-admin@v1.2.23/plugins/admin/controller/handler.go:31
runtime.gopanic
	C:/Program Files/Go/src/runtime/panic.go:1047
runtime.panicdottypeE
	C:/Program Files/Go/src/runtime/iface.go:261
admin/pages/AutoPages.GetTExpCfgTable.func2
	F:/go-admin/admin/pages/AutoPages/t_exp_cfg.go:48
github.com/GoAdminGroup/go-admin/template/types.FieldDisplay.ToDisplay
	F:/go-admin/admin/go-admin@v1.2.23/template/types/display.go:39
github.com/GoAdminGroup/go-admin/template/types.FieldDisplay.ToDisplayHTML
	F:/go-admin/admin/go-admin@v1.2.23/template/types/display.go:70
github.com/GoAdminGroup/go-admin/template/types.(*FormField).updateValue
	F:/go-admin/admin/go-admin@v1.2.23/template/types/form.go:285
github.com/GoAdminGroup/go-admin/template/types.(*FormField).UpdateDefaultValue
	F:/go-admin/admin/go-admin@v1.2.23/template/types/form.go:197
github.com/GoAdminGroup/go-admin/template/types.(*FormPanel).FieldsWithDefaultValue
	F:/go-admin/admin/go-admin@v1.2.23/template/types/form.go:1656
github.com/GoAdminGroup/go-admin/plugins/admin/modules/table.(*DefaultTable).GetNewFormInfo
	F:/go-admin/admin/go-admin@v1.2.23/plugins/admin/modules/table/default.go:1058
github.com/GoAdminGroup/go-admin/plugins/admin/controller.(*Handler).showNewForm
	F:/go-admin/admin/go-admin@v1.2.23/plugins/admin/controller/new.go:36
github.com/GoAdminGroup/go-admin/plugins/admin/controller.(*Handler).ShowNewForm
	F:/go-admin/admin/go-admin@v1.2.23/plugins/admin/controller/new.go:28
github.com/GoAdminGroup/go-admin/context.(*Context).Next
	F:/go-admin/admin/go-admin@v1.2.23/context/context.go:101
github.com/GoAdminGroup/go-admin/plugins/admin/modules/guard.(*Guard).ShowNewForm
	F:/go-admin/admin/go-admin@v1.2.23/plugins/admin/modules/guard/new.go:59
github.com/GoAdminGroup/go-admin/context.(*Context).Next
	F:/go-admin/admin/go-admin@v1.2.23/context/context.go:101
github.com/GoAdminGroup/go-admin/plugins/admin/modules/guard.(*Guard).CheckPrefix
	F:/go-admin/admin/go-admin@v1.2.23/plugins/admin/modules/guard/guard.go:51
github.com/GoAdminGroup/go-admin/context.(*Context).Next
	F:/go-admin/admin/go-admin@v1.2.23/context/context.go:101
github.com/GoAdminGroup/go-admin/modules/auth.(*Invoker).Middleware.func1
	F:/go-admin/admin/go-admin@v1.2.23/modules/auth/middleware.go:132
github.com/GoAdminGroup/go-admin/context.(*Context).Next
	F:/go-admin/admin/go-admin@v1.2.23/context/context.go:101
github.com/GoAdminGroup/go-admin/plugins/admin.(*Admin).globalErrorHandler
	F:/go-admin/admin/go-admin@v1.2.23/plugins/admin/router.go:106
github.com/GoAdminGroup/go-admin/context.(*Context).Next
	F:/go-admin/admin/go-admin@v1.2.23/context/context.go:101
github.com/GoAdminGroup/go-admin/adapter/gin.(*Gin).AddHandler.func1
	F:/go-admin/admin/go-admin@v1.2.23/adapter/gin/gin.go:91
github.com/gin-gonic/gin.(*Context).Next
	D:/goproject/pkg/mod/github.com/gin-gonic/gin@v1.7.7/context.go:168
github.com/gin-gonic/gin.CustomRecoveryWithWriter.func1
	D:/goproject/pkg/mod/github.com/gin-gonic/gin@v1.7.7/recovery.go:99
github.com/gin-gonic/gin.(*Context).Next
	D:/goproject/pkg/mod/github.com/gin-gonic/gin@v1.7.7/context.go:168
github.com/gin-gonic/gin.LoggerWithConfig.func1
	D:/goproject/pkg/mod/github.com/gin-gonic/gin@v1.7.7/logger.go:241
github.com/gin-gonic/gin.(*Context).Next
	D:/goproject/pkg/mod/github.com/gin-gonic/gin@v1.7.7/context.go:168
github.com/gin-gonic/gin.(*Engine).handleHTTPRequest
	D:/goproject/pkg/mod/github.com/gin-gonic/gin@v1.7.7/gin.go:555
github.com/gin-gonic/gin.(*Engine).ServeHTTP
	D:/goproject/pkg/mod/github.com/gin-gonic/gin@v1.7.7/gin.go:511
net/http.serverHandler.ServeHTTP
	C:/Program Files/Go/src/net/http/server.go:2878
net/http.(*conn).serve
	C:/Program Files/Go/src/net/http/server.go:1929
2022-07-05T14:36:49.005+0800	[31mERROR[0m	types/info.go:736	runtime error: invalid memory address or nil pointer dereference
github.com/GoAdminGroup/go-admin/template/types.Handler.Wrap.func1.1
	F:/go-admin/admin/go-admin@v1.2.23/template/types/info.go:736
runtime.gopanic
	C:/Program Files/Go/src/runtime/panic.go:1047
runtime.panicmem
	C:/Program Files/Go/src/runtime/panic.go:221
runtime.sigpanic
	C:/Program Files/Go/src/runtime/signal_windows.go:254
admin/fusion.CallToDeploy.func1
	F:/go-admin/admin/fusion/Tools.go:47
admin/fusion.CallToDeploy
	F:/go-admin/admin/fusion/Tools.go:66
admin/pages/AutoPages.GetOperationServer.func5
	F:/go-admin/admin/pages/AutoPages/operation_servers.go:188
github.com/GoAdminGroup/go-admin/template/types.Handler.Wrap.func1
	F:/go-admin/admin/go-admin@v1.2.23/template/types/info.go:746
github.com/GoAdminGroup/go-admin/plugins/admin/controller.(*Handler).OperationHandler
	F:/go-admin/admin/go-admin@v1.2.23/plugins/admin/controller/common.go:154
github.com/GoAdminGroup/go-admin/plugins/admin/controller.(*Handler).Operation
	F:/go-admin/admin/go-admin@v1.2.23/plugins/admin/controller/operation.go:15
github.com/GoAdminGroup/go-admin/context.(*Context).Next
	F:/go-admin/admin/go-admin@v1.2.23/context/context.go:101
github.com/GoAdminGroup/go-admin/modules/auth.(*Invoker).Middleware.func1
	F:/go-admin/admin/go-admin@v1.2.23/modules/auth/middleware.go:132
github.com/GoAdminGroup/go-admin/context.(*Context).Next
	F:/go-admin/admin/go-admin@v1.2.23/context/context.go:101
github.com/GoAdminGroup/go-admin/plugins/admin.(*Admin).globalErrorHandler
	F:/go-admin/admin/go-admin@v1.2.23/plugins/admin/router.go:106
github.com/GoAdminGroup/go-admin/context.(*Context).Next
	F:/go-admin/admin/go-admin@v1.2.23/context/context.go:101
github.com/GoAdminGroup/go-admin/adapter/gin.(*Gin).AddHandler.func1
	F:/go-admin/admin/go-admin@v1.2.23/adapter/gin/gin.go:91
github.com/gin-gonic/gin.(*Context).Next
	D:/goproject/pkg/mod/github.com/gin-gonic/gin@v1.7.7/context.go:168
github.com/gin-gonic/gin.CustomRecoveryWithWriter.func1
	D:/goproject/pkg/mod/github.com/gin-gonic/gin@v1.7.7/recovery.go:99
github.com/gin-gonic/gin.(*Context).Next
	D:/goproject/pkg/mod/github.com/gin-gonic/gin@v1.7.7/context.go:168
github.com/gin-gonic/gin.LoggerWithConfig.func1
	D:/goproject/pkg/mod/github.com/gin-gonic/gin@v1.7.7/logger.go:241
github.com/gin-gonic/gin.(*Context).Next
	D:/goproject/pkg/mod/github.com/gin-gonic/gin@v1.7.7/context.go:168
github.com/gin-gonic/gin.(*Engine).handleHTTPRequest
	D:/goproject/pkg/mod/github.com/gin-gonic/gin@v1.7.7/gin.go:555
github.com/gin-gonic/gin.(*Engine).ServeHTTP
	D:/goproject/pkg/mod/github.com/gin-gonic/gin@v1.7.7/gin.go:511
net/http.serverHandler.ServeHTTP
	C:/Program Files/Go/src/net/http/server.go:2878
net/http.(*conn).serve
	C:/Program Files/Go/src/net/http/server.go:1929
2022-07-05T14:36:51.725+0800	[31mERROR[0m	types/info.go:736	runtime error: invalid memory address or nil pointer dereference
github.com/GoAdminGroup/go-admin/template/types.Handler.Wrap.func1.1
	F:/go-admin/admin/go-admin@v1.2.23/template/types/info.go:736
runtime.gopanic
	C:/Program Files/Go/src/runtime/panic.go:1047
runtime.panicmem
	C:/Program Files/Go/src/runtime/panic.go:221
runtime.sigpanic
	C:/Program Files/Go/src/runtime/signal_windows.go:254
admin/fusion.CallToDeploy.func1
	F:/go-admin/admin/fusion/Tools.go:47
admin/fusion.CallToDeploy
	F:/go-admin/admin/fusion/Tools.go:66
admin/pages/AutoPages.GetOperationServer.func5
	F:/go-admin/admin/pages/AutoPages/operation_servers.go:188
github.com/GoAdminGroup/go-admin/template/types.Handler.Wrap.func1
	F:/go-admin/admin/go-admin@v1.2.23/template/types/info.go:746
github.com/GoAdminGroup/go-admin/plugins/admin/controller.(*Handler).OperationHandler
	F:/go-admin/admin/go-admin@v1.2.23/plugins/admin/controller/common.go:154
github.com/GoAdminGroup/go-admin/plugins/admin/controller.(*Handler).Operation
	F:/go-admin/admin/go-admin@v1.2.23/plugins/admin/controller/operation.go:15
github.com/GoAdminGroup/go-admin/context.(*Context).Next
	F:/go-admin/admin/go-admin@v1.2.23/context/context.go:101
github.com/GoAdminGroup/go-admin/modules/auth.(*Invoker).Middleware.func1
	F:/go-admin/admin/go-admin@v1.2.23/modules/auth/middleware.go:132
github.com/GoAdminGroup/go-admin/context.(*Context).Next
	F:/go-admin/admin/go-admin@v1.2.23/context/context.go:101
github.com/GoAdminGroup/go-admin/plugins/admin.(*Admin).globalErrorHandler
	F:/go-admin/admin/go-admin@v1.2.23/plugins/admin/router.go:106
github.com/GoAdminGroup/go-admin/context.(*Context).Next
	F:/go-admin/admin/go-admin@v1.2.23/context/context.go:101
github.com/GoAdminGroup/go-admin/adapter/gin.(*Gin).AddHandler.func1
	F:/go-admin/admin/go-admin@v1.2.23/adapter/gin/gin.go:91
github.com/gin-gonic/gin.(*Context).Next
	D:/goproject/pkg/mod/github.com/gin-gonic/gin@v1.7.7/context.go:168
github.com/gin-gonic/gin.CustomRecoveryWithWriter.func1
	D:/goproject/pkg/mod/github.com/gin-gonic/gin@v1.7.7/recovery.go:99
github.com/gin-gonic/gin.(*Context).Next
	D:/goproject/pkg/mod/github.com/gin-gonic/gin@v1.7.7/context.go:168
github.com/gin-gonic/gin.LoggerWithConfig.func1
	D:/goproject/pkg/mod/github.com/gin-gonic/gin@v1.7.7/logger.go:241
github.com/gin-gonic/gin.(*Context).Next
	D:/goproject/pkg/mod/github.com/gin-gonic/gin@v1.7.7/context.go:168
github.com/gin-gonic/gin.(*Engine).handleHTTPRequest
	D:/goproject/pkg/mod/github.com/gin-gonic/gin@v1.7.7/gin.go:555
github.com/gin-gonic/gin.(*Engine).ServeHTTP
	D:/goproject/pkg/mod/github.com/gin-gonic/gin@v1.7.7/gin.go:511
net/http.serverHandler.ServeHTTP
	C:/Program Files/Go/src/net/http/server.go:2878
net/http.(*conn).serve
	C:/Program Files/Go/src/net/http/server.go:1929
2022-07-05T14:36:55.473+0800	[31mERROR[0m	types/info.go:736	runtime error: invalid memory address or nil pointer dereference
github.com/GoAdminGroup/go-admin/template/types.Handler.Wrap.func1.1
	F:/go-admin/admin/go-admin@v1.2.23/template/types/info.go:736
runtime.gopanic
	C:/Program Files/Go/src/runtime/panic.go:1047
runtime.panicmem
	C:/Program Files/Go/src/runtime/panic.go:221
runtime.sigpanic
	C:/Program Files/Go/src/runtime/signal_windows.go:254
admin/fusion.CallToDeploy.func1
	F:/go-admin/admin/fusion/Tools.go:47
admin/fusion.CallToDeploy
	F:/go-admin/admin/fusion/Tools.go:66
admin/pages/AutoPages.GetOperationServer.func5
	F:/go-admin/admin/pages/AutoPages/operation_servers.go:188
github.com/GoAdminGroup/go-admin/template/types.Handler.Wrap.func1
	F:/go-admin/admin/go-admin@v1.2.23/template/types/info.go:746
github.com/GoAdminGroup/go-admin/plugins/admin/controller.(*Handler).OperationHandler
	F:/go-admin/admin/go-admin@v1.2.23/plugins/admin/controller/common.go:154
github.com/GoAdminGroup/go-admin/plugins/admin/controller.(*Handler).Operation
	F:/go-admin/admin/go-admin@v1.2.23/plugins/admin/controller/operation.go:15
github.com/GoAdminGroup/go-admin/context.(*Context).Next
	F:/go-admin/admin/go-admin@v1.2.23/context/context.go:101
github.com/GoAdminGroup/go-admin/modules/auth.(*Invoker).Middleware.func1
	F:/go-admin/admin/go-admin@v1.2.23/modules/auth/middleware.go:132
github.com/GoAdminGroup/go-admin/context.(*Context).Next
	F:/go-admin/admin/go-admin@v1.2.23/context/context.go:101
github.com/GoAdminGroup/go-admin/plugins/admin.(*Admin).globalErrorHandler
	F:/go-admin/admin/go-admin@v1.2.23/plugins/admin/router.go:106
github.com/GoAdminGroup/go-admin/context.(*Context).Next
	F:/go-admin/admin/go-admin@v1.2.23/context/context.go:101
github.com/GoAdminGroup/go-admin/adapter/gin.(*Gin).AddHandler.func1
	F:/go-admin/admin/go-admin@v1.2.23/adapter/gin/gin.go:91
github.com/gin-gonic/gin.(*Context).Next
	D:/goproject/pkg/mod/github.com/gin-gonic/gin@v1.7.7/context.go:168
github.com/gin-gonic/gin.CustomRecoveryWithWriter.func1
	D:/goproject/pkg/mod/github.com/gin-gonic/gin@v1.7.7/recovery.go:99
github.com/gin-gonic/gin.(*Context).Next
	D:/goproject/pkg/mod/github.com/gin-gonic/gin@v1.7.7/context.go:168
github.com/gin-gonic/gin.LoggerWithConfig.func1
	D:/goproject/pkg/mod/github.com/gin-gonic/gin@v1.7.7/logger.go:241
github.com/gin-gonic/gin.(*Context).Next
	D:/goproject/pkg/mod/github.com/gin-gonic/gin@v1.7.7/context.go:168
github.com/gin-gonic/gin.(*Engine).handleHTTPRequest
	D:/goproject/pkg/mod/github.com/gin-gonic/gin@v1.7.7/gin.go:555
github.com/gin-gonic/gin.(*Engine).ServeHTTP
	D:/goproject/pkg/mod/github.com/gin-gonic/gin@v1.7.7/gin.go:511
net/http.serverHandler.ServeHTTP
	C:/Program Files/Go/src/net/http/server.go:2878
net/http.(*conn).serve
	C:/Program Files/Go/src/net/http/server.go:1929
2022-07-05T15:25:26.946+0800	[31mERROR[0m	types/info.go:736	runtime error: invalid memory address or nil pointer dereference
github.com/GoAdminGroup/go-admin/template/types.Handler.Wrap.func1.1
	F:/go-admin/admin/go-admin@v1.2.23/template/types/info.go:736
runtime.gopanic
	C:/Program Files/Go/src/runtime/panic.go:1047
runtime.panicmem
	C:/Program Files/Go/src/runtime/panic.go:221
runtime.sigpanic
	C:/Program Files/Go/src/runtime/signal_windows.go:254
admin/fusion.CallToWeb.func1
	F:/go-admin/admin/fusion/Tools.go:47
admin/fusion.CallToWeb
	F:/go-admin/admin/fusion/Tools.go:66
admin/pages/AutoPages.GetOperationServer.func4
	F:/go-admin/admin/pages/AutoPages/operation_servers.go:97
github.com/GoAdminGroup/go-admin/template/types.Handler.Wrap.func1
	F:/go-admin/admin/go-admin@v1.2.23/template/types/info.go:746
github.com/GoAdminGroup/go-admin/plugins/admin/controller.(*Handler).OperationHandler
	F:/go-admin/admin/go-admin@v1.2.23/plugins/admin/controller/common.go:154
github.com/GoAdminGroup/go-admin/plugins/admin/controller.(*Handler).Operation
	F:/go-admin/admin/go-admin@v1.2.23/plugins/admin/controller/operation.go:15
github.com/GoAdminGroup/go-admin/context.(*Context).Next
	F:/go-admin/admin/go-admin@v1.2.23/context/context.go:101
github.com/GoAdminGroup/go-admin/modules/auth.(*Invoker).Middleware.func1
	F:/go-admin/admin/go-admin@v1.2.23/modules/auth/middleware.go:132
github.com/GoAdminGroup/go-admin/context.(*Context).Next
	F:/go-admin/admin/go-admin@v1.2.23/context/context.go:101
github.com/GoAdminGroup/go-admin/plugins/admin.(*Admin).globalErrorHandler
	F:/go-admin/admin/go-admin@v1.2.23/plugins/admin/router.go:106
github.com/GoAdminGroup/go-admin/context.(*Context).Next
	F:/go-admin/admin/go-admin@v1.2.23/context/context.go:101
github.com/GoAdminGroup/go-admin/adapter/gin.(*Gin).AddHandler.func1
	F:/go-admin/admin/go-admin@v1.2.23/adapter/gin/gin.go:91
github.com/gin-gonic/gin.(*Context).Next
	D:/goproject/pkg/mod/github.com/gin-gonic/gin@v1.7.7/context.go:168
github.com/gin-gonic/gin.CustomRecoveryWithWriter.func1
	D:/goproject/pkg/mod/github.com/gin-gonic/gin@v1.7.7/recovery.go:99
github.com/gin-gonic/gin.(*Context).Next
	D:/goproject/pkg/mod/github.com/gin-gonic/gin@v1.7.7/context.go:168
github.com/gin-gonic/gin.LoggerWithConfig.func1
	D:/goproject/pkg/mod/github.com/gin-gonic/gin@v1.7.7/logger.go:241
github.com/gin-gonic/gin.(*Context).Next
	D:/goproject/pkg/mod/github.com/gin-gonic/gin@v1.7.7/context.go:168
github.com/gin-gonic/gin.(*Engine).handleHTTPRequest
	D:/goproject/pkg/mod/github.com/gin-gonic/gin@v1.7.7/gin.go:555
github.com/gin-gonic/gin.(*Engine).ServeHTTP
	D:/goproject/pkg/mod/github.com/gin-gonic/gin@v1.7.7/gin.go:511
net/http.serverHandler.ServeHTTP
	C:/Program Files/Go/src/net/http/server.go:2878
net/http.(*conn).serve
	C:/Program Files/Go/src/net/http/server.go:1929
2022-07-06T15:41:00.411+0800	[31mERROR[0m	controller/handler.go:31	reflect: call of Swapper on ptr Value
github.com/GoAdminGroup/go-admin/plugins/admin/controller.(*Handler).GlobalDeferHandler
	F:/go-admin/admin/go-admin@v1.2.23/plugins/admin/controller/handler.go:31
runtime.gopanic
	C:/Program Files/Go/src/runtime/panic.go:1047
internal/reflectlite.Swapper
	C:/Program Files/Go/src/internal/reflectlite/swapper.go:19
sort.Slice
	C:/Program Files/Go/src/sort/slice.go:18
admin/pages/CustomPages.GetOnlineNumByMin.func2
	F:/go-admin/admin/pages/CustomPages/onlineChart.go:265
github.com/GoAdminGroup/go-admin/plugins/admin/modules/table.(*DefaultTable).GetData
	F:/go-admin/admin/go-admin@v1.2.23/plugins/admin/modules/table/default.go:144
github.com/GoAdminGroup/go-admin/plugins/admin/controller.(*Handler).showTableData
	F:/go-admin/admin/go-admin@v1.2.23/plugins/admin/controller/show.go:70
github.com/GoAdminGroup/go-admin/plugins/admin/controller.(*Handler).showTable
	F:/go-admin/admin/go-admin@v1.2.23/plugins/admin/controller/show.go:102
github.com/GoAdminGroup/go-admin/plugins/admin/controller.(*Handler).ShowInfo
	F:/go-admin/admin/go-admin@v1.2.23/plugins/admin/controller/show.go:60
github.com/GoAdminGroup/go-admin/context.(*Context).Next
	F:/go-admin/admin/go-admin@v1.2.23/context/context.go:101
github.com/GoAdminGroup/go-admin/plugins/admin/modules/guard.(*Guard).CheckPrefix
	F:/go-admin/admin/go-admin@v1.2.23/plugins/admin/modules/guard/guard.go:51
github.com/GoAdminGroup/go-admin/context.(*Context).Next
	F:/go-admin/admin/go-admin@v1.2.23/context/context.go:101
github.com/GoAdminGroup/go-admin/modules/auth.(*Invoker).Middleware.func1
	F:/go-admin/admin/go-admin@v1.2.23/modules/auth/middleware.go:132
github.com/GoAdminGroup/go-admin/context.(*Context).Next
	F:/go-admin/admin/go-admin@v1.2.23/context/context.go:101
github.com/GoAdminGroup/go-admin/plugins/admin.(*Admin).globalErrorHandler
	F:/go-admin/admin/go-admin@v1.2.23/plugins/admin/router.go:106
github.com/GoAdminGroup/go-admin/context.(*Context).Next
	F:/go-admin/admin/go-admin@v1.2.23/context/context.go:101
github.com/GoAdminGroup/go-admin/adapter/gin.(*Gin).AddHandler.func1
	F:/go-admin/admin/go-admin@v1.2.23/adapter/gin/gin.go:91
github.com/gin-gonic/gin.(*Context).Next
	D:/goproject/pkg/mod/github.com/gin-gonic/gin@v1.7.7/context.go:168
github.com/gin-gonic/gin.CustomRecoveryWithWriter.func1
	D:/goproject/pkg/mod/github.com/gin-gonic/gin@v1.7.7/recovery.go:99
github.com/gin-gonic/gin.(*Context).Next
	D:/goproject/pkg/mod/github.com/gin-gonic/gin@v1.7.7/context.go:168
github.com/gin-gonic/gin.LoggerWithConfig.func1
	D:/goproject/pkg/mod/github.com/gin-gonic/gin@v1.7.7/logger.go:241
github.com/gin-gonic/gin.(*Context).Next
	D:/goproject/pkg/mod/github.com/gin-gonic/gin@v1.7.7/context.go:168
github.com/gin-gonic/gin.(*Engine).handleHTTPRequest
	D:/goproject/pkg/mod/github.com/gin-gonic/gin@v1.7.7/gin.go:555
github.com/gin-gonic/gin.(*Engine).ServeHTTP
	D:/goproject/pkg/mod/github.com/gin-gonic/gin@v1.7.7/gin.go:511
net/http.serverHandler.ServeHTTP
	C:/Program Files/Go/src/net/http/server.go:2878
net/http.(*conn).serve
	C:/Program Files/Go/src/net/http/server.go:1929
2022-07-06T15:45:40.164+0800	[31mERROR[0m	controller/handler.go:31	reflect: call of Swapper on ptr Value
github.com/GoAdminGroup/go-admin/plugins/admin/controller.(*Handler).GlobalDeferHandler
	F:/go-admin/admin/go-admin@v1.2.23/plugins/admin/controller/handler.go:31
runtime.gopanic
	C:/Program Files/Go/src/runtime/panic.go:1047
internal/reflectlite.Swapper
	C:/Program Files/Go/src/internal/reflectlite/swapper.go:19
sort.Slice
	C:/Program Files/Go/src/sort/slice.go:18
admin/pages/CustomPages.GetOnlineNumByMin.func2
	F:/go-admin/admin/pages/CustomPages/onlineChart.go:265
github.com/GoAdminGroup/go-admin/plugins/admin/modules/table.(*DefaultTable).GetData
	F:/go-admin/admin/go-admin@v1.2.23/plugins/admin/modules/table/default.go:144
github.com/GoAdminGroup/go-admin/plugins/admin/controller.(*Handler).showTableData
	F:/go-admin/admin/go-admin@v1.2.23/plugins/admin/controller/show.go:70
github.com/GoAdminGroup/go-admin/plugins/admin/controller.(*Handler).showTable
	F:/go-admin/admin/go-admin@v1.2.23/plugins/admin/controller/show.go:102
github.com/GoAdminGroup/go-admin/plugins/admin/controller.(*Handler).ShowInfo
	F:/go-admin/admin/go-admin@v1.2.23/plugins/admin/controller/show.go:60
github.com/GoAdminGroup/go-admin/context.(*Context).Next
	F:/go-admin/admin/go-admin@v1.2.23/context/context.go:101
github.com/GoAdminGroup/go-admin/plugins/admin/modules/guard.(*Guard).CheckPrefix
	F:/go-admin/admin/go-admin@v1.2.23/plugins/admin/modules/guard/guard.go:51
github.com/GoAdminGroup/go-admin/context.(*Context).Next
	F:/go-admin/admin/go-admin@v1.2.23/context/context.go:101
github.com/GoAdminGroup/go-admin/modules/auth.(*Invoker).Middleware.func1
	F:/go-admin/admin/go-admin@v1.2.23/modules/auth/middleware.go:132
github.com/GoAdminGroup/go-admin/context.(*Context).Next
	F:/go-admin/admin/go-admin@v1.2.23/context/context.go:101
github.com/GoAdminGroup/go-admin/plugins/admin.(*Admin).globalErrorHandler
	F:/go-admin/admin/go-admin@v1.2.23/plugins/admin/router.go:106
github.com/GoAdminGroup/go-admin/context.(*Context).Next
	F:/go-admin/admin/go-admin@v1.2.23/context/context.go:101
github.com/GoAdminGroup/go-admin/adapter/gin.(*Gin).AddHandler.func1
	F:/go-admin/admin/go-admin@v1.2.23/adapter/gin/gin.go:91
github.com/gin-gonic/gin.(*Context).Next
	D:/goproject/pkg/mod/github.com/gin-gonic/gin@v1.7.7/context.go:168
github.com/gin-gonic/gin.CustomRecoveryWithWriter.func1
	D:/goproject/pkg/mod/github.com/gin-gonic/gin@v1.7.7/recovery.go:99
github.com/gin-gonic/gin.(*Context).Next
	D:/goproject/pkg/mod/github.com/gin-gonic/gin@v1.7.7/context.go:168
github.com/gin-gonic/gin.LoggerWithConfig.func1
	D:/goproject/pkg/mod/github.com/gin-gonic/gin@v1.7.7/logger.go:241
github.com/gin-gonic/gin.(*Context).Next
	D:/goproject/pkg/mod/github.com/gin-gonic/gin@v1.7.7/context.go:168
github.com/gin-gonic/gin.(*Engine).handleHTTPRequest
	D:/goproject/pkg/mod/github.com/gin-gonic/gin@v1.7.7/gin.go:555
github.com/gin-gonic/gin.(*Engine).ServeHTTP
	D:/goproject/pkg/mod/github.com/gin-gonic/gin@v1.7.7/gin.go:511
net/http.serverHandler.ServeHTTP
	C:/Program Files/Go/src/net/http/server.go:2878
net/http.(*conn).serve
	C:/Program Files/Go/src/net/http/server.go:1929
2022-07-06T15:46:21.634+0800	[31mERROR[0m	controller/handler.go:31	runtime error: index out of range [30] with length 30
github.com/GoAdminGroup/go-admin/plugins/admin/controller.(*Handler).GlobalDeferHandler
	F:/go-admin/admin/go-admin@v1.2.23/plugins/admin/controller/handler.go:31
runtime.gopanic
	C:/Program Files/Go/src/runtime/panic.go:1047
runtime.goPanicIndex
	C:/Program Files/Go/src/runtime/panic.go:90
admin/pages/CustomPages.GetOnlineNumByMin.func2
	F:/go-admin/admin/pages/CustomPages/onlineChart.go:273
github.com/GoAdminGroup/go-admin/plugins/admin/modules/table.(*DefaultTable).GetData
	F:/go-admin/admin/go-admin@v1.2.23/plugins/admin/modules/table/default.go:144
github.com/GoAdminGroup/go-admin/plugins/admin/controller.(*Handler).showTableData
	F:/go-admin/admin/go-admin@v1.2.23/plugins/admin/controller/show.go:70
github.com/GoAdminGroup/go-admin/plugins/admin/controller.(*Handler).showTable
	F:/go-admin/admin/go-admin@v1.2.23/plugins/admin/controller/show.go:102
github.com/GoAdminGroup/go-admin/plugins/admin/controller.(*Handler).ShowInfo
	F:/go-admin/admin/go-admin@v1.2.23/plugins/admin/controller/show.go:60
github.com/GoAdminGroup/go-admin/context.(*Context).Next
	F:/go-admin/admin/go-admin@v1.2.23/context/context.go:101
github.com/GoAdminGroup/go-admin/plugins/admin/modules/guard.(*Guard).CheckPrefix
	F:/go-admin/admin/go-admin@v1.2.23/plugins/admin/modules/guard/guard.go:51
github.com/GoAdminGroup/go-admin/context.(*Context).Next
	F:/go-admin/admin/go-admin@v1.2.23/context/context.go:101
github.com/GoAdminGroup/go-admin/modules/auth.(*Invoker).Middleware.func1
	F:/go-admin/admin/go-admin@v1.2.23/modules/auth/middleware.go:132
github.com/GoAdminGroup/go-admin/context.(*Context).Next
	F:/go-admin/admin/go-admin@v1.2.23/context/context.go:101
github.com/GoAdminGroup/go-admin/plugins/admin.(*Admin).globalErrorHandler
	F:/go-admin/admin/go-admin@v1.2.23/plugins/admin/router.go:106
github.com/GoAdminGroup/go-admin/context.(*Context).Next
	F:/go-admin/admin/go-admin@v1.2.23/context/context.go:101
github.com/GoAdminGroup/go-admin/adapter/gin.(*Gin).AddHandler.func1
	F:/go-admin/admin/go-admin@v1.2.23/adapter/gin/gin.go:91
github.com/gin-gonic/gin.(*Context).Next
	D:/goproject/pkg/mod/github.com/gin-gonic/gin@v1.7.7/context.go:168
github.com/gin-gonic/gin.CustomRecoveryWithWriter.func1
	D:/goproject/pkg/mod/github.com/gin-gonic/gin@v1.7.7/recovery.go:99
github.com/gin-gonic/gin.(*Context).Next
	D:/goproject/pkg/mod/github.com/gin-gonic/gin@v1.7.7/context.go:168
github.com/gin-gonic/gin.LoggerWithConfig.func1
	D:/goproject/pkg/mod/github.com/gin-gonic/gin@v1.7.7/logger.go:241
github.com/gin-gonic/gin.(*Context).Next
	D:/goproject/pkg/mod/github.com/gin-gonic/gin@v1.7.7/context.go:168
github.com/gin-gonic/gin.(*Engine).handleHTTPRequest
	D:/goproject/pkg/mod/github.com/gin-gonic/gin@v1.7.7/gin.go:555
github.com/gin-gonic/gin.(*Engine).ServeHTTP
	D:/goproject/pkg/mod/github.com/gin-gonic/gin@v1.7.7/gin.go:511
net/http.serverHandler.ServeHTTP
	C:/Program Files/Go/src/net/http/server.go:2878
net/http.(*conn).serve
	C:/Program Files/Go/src/net/http/server.go:1929
2022-07-06T16:36:30.408+0800	[31mERROR[0m	engine/engine.go:323	runtime error: invalid memory address or nil pointer dereference
github.com/GoAdminGroup/go-admin/engine.(*Engine).deferHandler.func1.1
	F:/go-admin/admin/go-admin@v1.2.23/engine/engine.go:323
runtime.gopanic
	C:/Program Files/Go/src/runtime/panic.go:1047
runtime.panicmem
	C:/Program Files/Go/src/runtime/panic.go:221
runtime.sigpanic
	C:/Program Files/Go/src/runtime/signal_windows.go:254
github.com/GoAdminGroup/go-admin/template/types.FieldDisplay.ToDisplay
	F:/go-admin/admin/go-admin@v1.2.23/template/types/display.go:39
github.com/GoAdminGroup/go-admin/plugins/admin/modules/table.(*DefaultTable).getTempModelData
	F:/go-admin/admin/go-admin@v1.2.23/plugins/admin/modules/table/default.go:356
github.com/GoAdminGroup/go-admin/plugins/admin/modules/table.(*DefaultTable).GetData
	F:/go-admin/admin/go-admin@v1.2.23/plugins/admin/modules/table/default.go:154
admin/pages/CustomPages.GetOnlinePopulationTrendChart
	F:/go-admin/admin/pages/CustomPages/onlineChart.go:52
github.com/GoAdminGroup/go-admin/engine.(*Engine).HTML.func1
	F:/go-admin/admin/go-admin@v1.2.23/engine/engine.go:522
github.com/GoAdminGroup/go-admin/context.(*Context).Next
	F:/go-admin/admin/go-admin@v1.2.23/context/context.go:101
github.com/GoAdminGroup/go-admin/modules/auth.(*Invoker).Middleware.func1
	F:/go-admin/admin/go-admin@v1.2.23/modules/auth/middleware.go:132
github.com/GoAdminGroup/go-admin/context.(*Context).Next
	F:/go-admin/admin/go-admin@v1.2.23/context/context.go:101
github.com/GoAdminGroup/go-admin/engine.(*Engine).deferHandler.func1
	F:/go-admin/admin/go-admin@v1.2.23/engine/engine.go:350
github.com/GoAdminGroup/go-admin/context.(*Context).Next
	F:/go-admin/admin/go-admin@v1.2.23/context/context.go:101
github.com/GoAdminGroup/go-admin/adapter/gin.(*Gin).AddHandler.func1
	F:/go-admin/admin/go-admin@v1.2.23/adapter/gin/gin.go:91
github.com/gin-gonic/gin.(*Context).Next
	D:/goproject/pkg/mod/github.com/gin-gonic/gin@v1.7.7/context.go:168
github.com/gin-gonic/gin.CustomRecoveryWithWriter.func1
	D:/goproject/pkg/mod/github.com/gin-gonic/gin@v1.7.7/recovery.go:99
github.com/gin-gonic/gin.(*Context).Next
	D:/goproject/pkg/mod/github.com/gin-gonic/gin@v1.7.7/context.go:168
github.com/gin-gonic/gin.LoggerWithConfig.func1
	D:/goproject/pkg/mod/github.com/gin-gonic/gin@v1.7.7/logger.go:241
github.com/gin-gonic/gin.(*Context).Next
	D:/goproject/pkg/mod/github.com/gin-gonic/gin@v1.7.7/context.go:168
github.com/gin-gonic/gin.(*Engine).handleHTTPRequest
	D:/goproject/pkg/mod/github.com/gin-gonic/gin@v1.7.7/gin.go:555
github.com/gin-gonic/gin.(*Engine).ServeHTTP
	D:/goproject/pkg/mod/github.com/gin-gonic/gin@v1.7.7/gin.go:511
net/http.serverHandler.ServeHTTP
	C:/Program Files/Go/src/net/http/server.go:2878
net/http.(*conn).serve
	C:/Program Files/Go/src/net/http/server.go:1929
2022-07-06T16:36:30.410+0800	[31mERROR[0m	engine/engine.go:324	goroutine 270 [running]:
runtime/debug.Stack()
	C:/Program Files/Go/src/runtime/debug/stack.go:24 +0x7a
github.com/GoAdminGroup/go-admin/engine.(*Engine).deferHandler.func1.1(0xc000814b00)
	F:/go-admin/admin/go-admin@v1.2.23/engine/engine.go:324 +0x496
panic({0x15c7160, 0x25255d0})
	C:/Program Files/Go/src/runtime/panic.go:1047 +0x262
github.com/GoAdminGroup/go-admin/template/types.FieldDisplay.ToDisplay({0x0, {0x0, 0x0, 0x0}}, {{0x0, 0x0}, {0x0, 0x0}, 0xc000c53890, 0x0})
	F:/go-admin/admin/go-admin@v1.2.23/template/types/display.go:39 +0x57
github.com/GoAdminGroup/go-admin/plugins/admin/modules/table.(*DefaultTable).getTempModelData(0xc0001e1ce0, 0xc000c53890, {{0x1b6b508, 0x1}, 0x1, {0x17115f8, 0x2}, 0xa, {0x0, 0x0}, ...}, ...)
	F:/go-admin/admin/go-admin@v1.2.23/plugins/admin/modules/table/default.go:356 +0x8fc
github.com/GoAdminGroup/go-admin/plugins/admin/modules/table.(*DefaultTable).GetData(_, {{0x1b6b508, 0x1}, 0x1, {0x17115f8, 0x2}, 0xa, {0x0, 0x0}, {0x259e420, ...}, ...})
	F:/go-admin/admin/go-admin@v1.2.23/plugins/admin/modules/table/default.go:154 +0xcde
admin/pages/CustomPages.GetOnlinePopulationTrendChart(0xc000814b00)
	F:/go-admin/admin/pages/CustomPages/onlineChart.go:52 +0x617
github.com/GoAdminGroup/go-admin/engine.(*Engine).HTML.func1(0xc000814b00)
	F:/go-admin/admin/go-admin@v1.2.23/engine/engine.go:522 +0x92
github.com/GoAdminGroup/go-admin/context.(*Context).Next(0xc000814b00)
	F:/go-admin/admin/go-admin@v1.2.23/context/context.go:101 +0x88
github.com/GoAdminGroup/go-admin/modules/auth.(*Invoker).Middleware.func1(0xc000814b00)
	F:/go-admin/admin/go-admin@v1.2.23/modules/auth/middleware.go:132 +0x1c6
github.com/GoAdminGroup/go-admin/context.(*Context).Next(0xc000814b00)
	F:/go-admin/admin/go-admin@v1.2.23/context/context.go:101 +0x88
github.com/GoAdminGroup/go-admin/engine.(*Engine).deferHandler.func1(0xc000814b00)
	F:/go-admin/admin/go-admin@v1.2.23/engine/engine.go:350 +0x145
github.com/GoAdminGroup/go-admin/context.(*Context).Next(0xc000814b00)
	F:/go-admin/admin/go-admin@v1.2.23/context/context.go:101 +0x88
github.com/GoAdminGroup/go-admin/adapter/gin.(*Gin).AddHandler.func1(0xc0002da200)
	F:/go-admin/admin/go-admin@v1.2.23/adapter/gin/gin.go:91 +0x112
github.com/gin-gonic/gin.(*Context).Next(0xc0002da200)
	D:/goproject/pkg/mod/github.com/gin-gonic/gin@v1.7.7/context.go:168 +0x7d
github.com/gin-gonic/gin.CustomRecoveryWithWriter.func1(0xc0002da200)
	D:/goproject/pkg/mod/github.com/gin-gonic/gin@v1.7.7/recovery.go:99 +0xc5
github.com/gin-gonic/gin.(*Context).Next(0xc0002da200)
	D:/goproject/pkg/mod/github.com/gin-gonic/gin@v1.7.7/context.go:168 +0x7d
github.com/gin-gonic/gin.LoggerWithConfig.func1(0xc0002da200)
	D:/goproject/pkg/mod/github.com/gin-gonic/gin@v1.7.7/logger.go:241 +0xf2
github.com/gin-gonic/gin.(*Context).Next(0xc0002da200)
	D:/goproject/pkg/mod/github.com/gin-gonic/gin@v1.7.7/context.go:168 +0x7d
github.com/gin-gonic/gin.(*Engine).handleHTTPRequest(0xc000505520, 0xc0002da200)
	D:/goproject/pkg/mod/github.com/gin-gonic/gin@v1.7.7/gin.go:555 +0x429
github.com/gin-gonic/gin.(*Engine).ServeHTTP(0xc000505520, {0x1b886c8, 0xc0002de000}, 0xc000a3c000)
	D:/goproject/pkg/mod/github.com/gin-gonic/gin@v1.7.7/gin.go:511 +0xbb
net/http.serverHandler.ServeHTTP({0xc0004d80e0}, {0x1b886c8, 0xc0002de000}, 0xc000a3c000)
	C:/Program Files/Go/src/net/http/server.go:2878 +0x47a
net/http.(*conn).serve(0xc0004b2dc0, {0x1b8d8a8, 0xc000762000})
	C:/Program Files/Go/src/net/http/server.go:1929 +0x18b8
created by net/http.(*Server).Serve
	C:/Program Files/Go/src/net/http/server.go:3033 +0xa38

github.com/GoAdminGroup/go-admin/engine.(*Engine).deferHandler.func1.1
	F:/go-admin/admin/go-admin@v1.2.23/engine/engine.go:324
runtime.gopanic
	C:/Program Files/Go/src/runtime/panic.go:1047
runtime.panicmem
	C:/Program Files/Go/src/runtime/panic.go:221
runtime.sigpanic
	C:/Program Files/Go/src/runtime/signal_windows.go:254
github.com/GoAdminGroup/go-admin/template/types.FieldDisplay.ToDisplay
	F:/go-admin/admin/go-admin@v1.2.23/template/types/display.go:39
github.com/GoAdminGroup/go-admin/plugins/admin/modules/table.(*DefaultTable).getTempModelData
	F:/go-admin/admin/go-admin@v1.2.23/plugins/admin/modules/table/default.go:356
github.com/GoAdminGroup/go-admin/plugins/admin/modules/table.(*DefaultTable).GetData
	F:/go-admin/admin/go-admin@v1.2.23/plugins/admin/modules/table/default.go:154
admin/pages/CustomPages.GetOnlinePopulationTrendChart
	F:/go-admin/admin/pages/CustomPages/onlineChart.go:52
github.com/GoAdminGroup/go-admin/engine.(*Engine).HTML.func1
	F:/go-admin/admin/go-admin@v1.2.23/engine/engine.go:522
github.com/GoAdminGroup/go-admin/context.(*Context).Next
	F:/go-admin/admin/go-admin@v1.2.23/context/context.go:101
github.com/GoAdminGroup/go-admin/modules/auth.(*Invoker).Middleware.func1
	F:/go-admin/admin/go-admin@v1.2.23/modules/auth/middleware.go:132
github.com/GoAdminGroup/go-admin/context.(*Context).Next
	F:/go-admin/admin/go-admin@v1.2.23/context/context.go:101
github.com/GoAdminGroup/go-admin/engine.(*Engine).deferHandler.func1
	F:/go-admin/admin/go-admin@v1.2.23/engine/engine.go:350
github.com/GoAdminGroup/go-admin/context.(*Context).Next
	F:/go-admin/admin/go-admin@v1.2.23/context/context.go:101
github.com/GoAdminGroup/go-admin/adapter/gin.(*Gin).AddHandler.func1
	F:/go-admin/admin/go-admin@v1.2.23/adapter/gin/gin.go:91
github.com/gin-gonic/gin.(*Context).Next
	D:/goproject/pkg/mod/github.com/gin-gonic/gin@v1.7.7/context.go:168
github.com/gin-gonic/gin.CustomRecoveryWithWriter.func1
	D:/goproject/pkg/mod/github.com/gin-gonic/gin@v1.7.7/recovery.go:99
github.com/gin-gonic/gin.(*Context).Next
	D:/goproject/pkg/mod/github.com/gin-gonic/gin@v1.7.7/context.go:168
github.com/gin-gonic/gin.LoggerWithConfig.func1
	D:/goproject/pkg/mod/github.com/gin-gonic/gin@v1.7.7/logger.go:241
github.com/gin-gonic/gin.(*Context).Next
	D:/goproject/pkg/mod/github.com/gin-gonic/gin@v1.7.7/context.go:168
github.com/gin-gonic/gin.(*Engine).handleHTTPRequest
	D:/goproject/pkg/mod/github.com/gin-gonic/gin@v1.7.7/gin.go:555
github.com/gin-gonic/gin.(*Engine).ServeHTTP
	D:/goproject/pkg/mod/github.com/gin-gonic/gin@v1.7.7/gin.go:511
net/http.serverHandler.ServeHTTP
	C:/Program Files/Go/src/net/http/server.go:2878
net/http.(*conn).serve
	C:/Program Files/Go/src/net/http/server.go:1929
2022-07-07T15:39:19.870+0800	[31mERROR[0m	controller/handler.go:31	Error 1064: You have an error in your SQL syntax; check the manual that corresponds to your MySQL server version for the right syntax to use near '' at line 1
github.com/GoAdminGroup/go-admin/plugins/admin/controller.(*Handler).GlobalDeferHandler
	F:/go-admin/admin/go-admin@v1.2.23/plugins/admin/controller/handler.go:31
runtime.gopanic
	C:/Program Files/Go/src/runtime/panic.go:1047
github.com/GoAdminGroup/go-admin/modules/db.CommonQuery
	F:/go-admin/admin/go-admin@v1.2.23/modules/db/performer.go:20
github.com/GoAdminGroup/go-admin/modules/db.(*Mysql).QueryWithConnection
	F:/go-admin/admin/go-admin@v1.2.23/modules/db/mysql.go:83
github.com/GoAdminGroup/go-admin/modules/db.(*SQL).ShowColumns
	F:/go-admin/admin/go-admin@v1.2.23/modules/db/statement.go:449
github.com/GoAdminGroup/go-admin/plugins/admin/modules/table.(*DefaultTable).getColumns
	F:/go-admin/admin/go-admin@v1.2.23/plugins/admin/modules/table/default.go:1137
github.com/GoAdminGroup/go-admin/plugins/admin/modules/table.(*DefaultTable).getDataFromDatabase
	F:/go-admin/admin/go-admin@v1.2.23/plugins/admin/modules/table/default.go:482
github.com/GoAdminGroup/go-admin/plugins/admin/modules/table.(*DefaultTable).GetData
	F:/go-admin/admin/go-admin@v1.2.23/plugins/admin/modules/table/default.go:148
github.com/GoAdminGroup/go-admin/plugins/admin/controller.(*Handler).showTableData
	F:/go-admin/admin/go-admin@v1.2.23/plugins/admin/controller/show.go:70
github.com/GoAdminGroup/go-admin/plugins/admin/controller.(*Handler).showTable
	F:/go-admin/admin/go-admin@v1.2.23/plugins/admin/controller/show.go:102
github.com/GoAdminGroup/go-admin/plugins/admin/controller.(*Handler).ShowInfo
	F:/go-admin/admin/go-admin@v1.2.23/plugins/admin/controller/show.go:60
github.com/GoAdminGroup/go-admin/context.(*Context).Next
	F:/go-admin/admin/go-admin@v1.2.23/context/context.go:101
github.com/GoAdminGroup/go-admin/plugins/admin/modules/guard.(*Guard).CheckPrefix
	F:/go-admin/admin/go-admin@v1.2.23/plugins/admin/modules/guard/guard.go:51
github.com/GoAdminGroup/go-admin/context.(*Context).Next
	F:/go-admin/admin/go-admin@v1.2.23/context/context.go:101
github.com/GoAdminGroup/go-admin/modules/auth.(*Invoker).Middleware.func1
	F:/go-admin/admin/go-admin@v1.2.23/modules/auth/middleware.go:132
github.com/GoAdminGroup/go-admin/context.(*Context).Next
	F:/go-admin/admin/go-admin@v1.2.23/context/context.go:101
github.com/GoAdminGroup/go-admin/plugins/admin.(*Admin).globalErrorHandler
	F:/go-admin/admin/go-admin@v1.2.23/plugins/admin/router.go:106
github.com/GoAdminGroup/go-admin/context.(*Context).Next
	F:/go-admin/admin/go-admin@v1.2.23/context/context.go:101
github.com/GoAdminGroup/go-admin/adapter/gin.(*Gin).AddHandler.func1
	F:/go-admin/admin/go-admin@v1.2.23/adapter/gin/gin.go:91
github.com/gin-gonic/gin.(*Context).Next
	D:/goproject/pkg/mod/github.com/gin-gonic/gin@v1.7.7/context.go:168
github.com/gin-gonic/gin.CustomRecoveryWithWriter.func1
	D:/goproject/pkg/mod/github.com/gin-gonic/gin@v1.7.7/recovery.go:99
github.com/gin-gonic/gin.(*Context).Next
	D:/goproject/pkg/mod/github.com/gin-gonic/gin@v1.7.7/context.go:168
github.com/gin-gonic/gin.LoggerWithConfig.func1
	D:/goproject/pkg/mod/github.com/gin-gonic/gin@v1.7.7/logger.go:241
github.com/gin-gonic/gin.(*Context).Next
	D:/goproject/pkg/mod/github.com/gin-gonic/gin@v1.7.7/context.go:168
github.com/gin-gonic/gin.(*Engine).handleHTTPRequest
	D:/goproject/pkg/mod/github.com/gin-gonic/gin@v1.7.7/gin.go:555
github.com/gin-gonic/gin.(*Engine).ServeHTTP
	D:/goproject/pkg/mod/github.com/gin-gonic/gin@v1.7.7/gin.go:511
net/http.serverHandler.ServeHTTP
	C:/Program Files/Go/src/net/http/server.go:2878
net/http.(*conn).serve
	C:/Program Files/Go/src/net/http/server.go:1929
2022-07-07T15:39:20.811+0800	[31mERROR[0m	controller/handler.go:31	Error 1064: You have an error in your SQL syntax; check the manual that corresponds to your MySQL server version for the right syntax to use near '' at line 1
github.com/GoAdminGroup/go-admin/plugins/admin/controller.(*Handler).GlobalDeferHandler
	F:/go-admin/admin/go-admin@v1.2.23/plugins/admin/controller/handler.go:31
runtime.gopanic
	C:/Program Files/Go/src/runtime/panic.go:1047
github.com/GoAdminGroup/go-admin/modules/db.CommonQuery
	F:/go-admin/admin/go-admin@v1.2.23/modules/db/performer.go:20
github.com/GoAdminGroup/go-admin/modules/db.(*Mysql).QueryWithConnection
	F:/go-admin/admin/go-admin@v1.2.23/modules/db/mysql.go:83
github.com/GoAdminGroup/go-admin/modules/db.(*SQL).ShowColumns
	F:/go-admin/admin/go-admin@v1.2.23/modules/db/statement.go:449
github.com/GoAdminGroup/go-admin/plugins/admin/modules/table.(*DefaultTable).getColumns
	F:/go-admin/admin/go-admin@v1.2.23/plugins/admin/modules/table/default.go:1137
github.com/GoAdminGroup/go-admin/plugins/admin/modules/table.(*DefaultTable).getDataFromDatabase
	F:/go-admin/admin/go-admin@v1.2.23/plugins/admin/modules/table/default.go:482
github.com/GoAdminGroup/go-admin/plugins/admin/modules/table.(*DefaultTable).GetData
	F:/go-admin/admin/go-admin@v1.2.23/plugins/admin/modules/table/default.go:148
github.com/GoAdminGroup/go-admin/plugins/admin/controller.(*Handler).showTableData
	F:/go-admin/admin/go-admin@v1.2.23/plugins/admin/controller/show.go:70
github.com/GoAdminGroup/go-admin/plugins/admin/controller.(*Handler).showTable
	F:/go-admin/admin/go-admin@v1.2.23/plugins/admin/controller/show.go:102
github.com/GoAdminGroup/go-admin/plugins/admin/controller.(*Handler).ShowInfo
	F:/go-admin/admin/go-admin@v1.2.23/plugins/admin/controller/show.go:60
github.com/GoAdminGroup/go-admin/context.(*Context).Next
	F:/go-admin/admin/go-admin@v1.2.23/context/context.go:101
github.com/GoAdminGroup/go-admin/plugins/admin/modules/guard.(*Guard).CheckPrefix
	F:/go-admin/admin/go-admin@v1.2.23/plugins/admin/modules/guard/guard.go:51
github.com/GoAdminGroup/go-admin/context.(*Context).Next
	F:/go-admin/admin/go-admin@v1.2.23/context/context.go:101
github.com/GoAdminGroup/go-admin/modules/auth.(*Invoker).Middleware.func1
	F:/go-admin/admin/go-admin@v1.2.23/modules/auth/middleware.go:132
github.com/GoAdminGroup/go-admin/context.(*Context).Next
	F:/go-admin/admin/go-admin@v1.2.23/context/context.go:101
github.com/GoAdminGroup/go-admin/plugins/admin.(*Admin).globalErrorHandler
	F:/go-admin/admin/go-admin@v1.2.23/plugins/admin/router.go:106
github.com/GoAdminGroup/go-admin/context.(*Context).Next
	F:/go-admin/admin/go-admin@v1.2.23/context/context.go:101
github.com/GoAdminGroup/go-admin/adapter/gin.(*Gin).AddHandler.func1
	F:/go-admin/admin/go-admin@v1.2.23/adapter/gin/gin.go:91
github.com/gin-gonic/gin.(*Context).Next
	D:/goproject/pkg/mod/github.com/gin-gonic/gin@v1.7.7/context.go:168
github.com/gin-gonic/gin.CustomRecoveryWithWriter.func1
	D:/goproject/pkg/mod/github.com/gin-gonic/gin@v1.7.7/recovery.go:99
github.com/gin-gonic/gin.(*Context).Next
	D:/goproject/pkg/mod/github.com/gin-gonic/gin@v1.7.7/context.go:168
github.com/gin-gonic/gin.LoggerWithConfig.func1
	D:/goproject/pkg/mod/github.com/gin-gonic/gin@v1.7.7/logger.go:241
github.com/gin-gonic/gin.(*Context).Next
	D:/goproject/pkg/mod/github.com/gin-gonic/gin@v1.7.7/context.go:168
github.com/gin-gonic/gin.(*Engine).handleHTTPRequest
	D:/goproject/pkg/mod/github.com/gin-gonic/gin@v1.7.7/gin.go:555
github.com/gin-gonic/gin.(*Engine).ServeHTTP
	D:/goproject/pkg/mod/github.com/gin-gonic/gin@v1.7.7/gin.go:511
net/http.serverHandler.ServeHTTP
	C:/Program Files/Go/src/net/http/server.go:2878
net/http.(*conn).serve
	C:/Program Files/Go/src/net/http/server.go:1929
2022-07-07T15:39:21.326+0800	[31mERROR[0m	controller/handler.go:31	Error 1064: You have an error in your SQL syntax; check the manual that corresponds to your MySQL server version for the right syntax to use near '' at line 1
github.com/GoAdminGroup/go-admin/plugins/admin/controller.(*Handler).GlobalDeferHandler
	F:/go-admin/admin/go-admin@v1.2.23/plugins/admin/controller/handler.go:31
runtime.gopanic
	C:/Program Files/Go/src/runtime/panic.go:1047
github.com/GoAdminGroup/go-admin/modules/db.CommonQuery
	F:/go-admin/admin/go-admin@v1.2.23/modules/db/performer.go:20
github.com/GoAdminGroup/go-admin/modules/db.(*Mysql).QueryWithConnection
	F:/go-admin/admin/go-admin@v1.2.23/modules/db/mysql.go:83
github.com/GoAdminGroup/go-admin/modules/db.(*SQL).ShowColumns
	F:/go-admin/admin/go-admin@v1.2.23/modules/db/statement.go:449
github.com/GoAdminGroup/go-admin/plugins/admin/modules/table.(*DefaultTable).getColumns
	F:/go-admin/admin/go-admin@v1.2.23/plugins/admin/modules/table/default.go:1137
github.com/GoAdminGroup/go-admin/plugins/admin/modules/table.(*DefaultTable).getDataFromDatabase
	F:/go-admin/admin/go-admin@v1.2.23/plugins/admin/modules/table/default.go:482
github.com/GoAdminGroup/go-admin/plugins/admin/modules/table.(*DefaultTable).GetData
	F:/go-admin/admin/go-admin@v1.2.23/plugins/admin/modules/table/default.go:148
github.com/GoAdminGroup/go-admin/plugins/admin/controller.(*Handler).showTableData
	F:/go-admin/admin/go-admin@v1.2.23/plugins/admin/controller/show.go:70
github.com/GoAdminGroup/go-admin/plugins/admin/controller.(*Handler).showTable
	F:/go-admin/admin/go-admin@v1.2.23/plugins/admin/controller/show.go:102
github.com/GoAdminGroup/go-admin/plugins/admin/controller.(*Handler).ShowInfo
	F:/go-admin/admin/go-admin@v1.2.23/plugins/admin/controller/show.go:60
github.com/GoAdminGroup/go-admin/context.(*Context).Next
	F:/go-admin/admin/go-admin@v1.2.23/context/context.go:101
github.com/GoAdminGroup/go-admin/plugins/admin/modules/guard.(*Guard).CheckPrefix
	F:/go-admin/admin/go-admin@v1.2.23/plugins/admin/modules/guard/guard.go:51
github.com/GoAdminGroup/go-admin/context.(*Context).Next
	F:/go-admin/admin/go-admin@v1.2.23/context/context.go:101
github.com/GoAdminGroup/go-admin/modules/auth.(*Invoker).Middleware.func1
	F:/go-admin/admin/go-admin@v1.2.23/modules/auth/middleware.go:132
github.com/GoAdminGroup/go-admin/context.(*Context).Next
	F:/go-admin/admin/go-admin@v1.2.23/context/context.go:101
github.com/GoAdminGroup/go-admin/plugins/admin.(*Admin).globalErrorHandler
	F:/go-admin/admin/go-admin@v1.2.23/plugins/admin/router.go:106
github.com/GoAdminGroup/go-admin/context.(*Context).Next
	F:/go-admin/admin/go-admin@v1.2.23/context/context.go:101
github.com/GoAdminGroup/go-admin/adapter/gin.(*Gin).AddHandler.func1
	F:/go-admin/admin/go-admin@v1.2.23/adapter/gin/gin.go:91
github.com/gin-gonic/gin.(*Context).Next
	D:/goproject/pkg/mod/github.com/gin-gonic/gin@v1.7.7/context.go:168
github.com/gin-gonic/gin.CustomRecoveryWithWriter.func1
	D:/goproject/pkg/mod/github.com/gin-gonic/gin@v1.7.7/recovery.go:99
github.com/gin-gonic/gin.(*Context).Next
	D:/goproject/pkg/mod/github.com/gin-gonic/gin@v1.7.7/context.go:168
github.com/gin-gonic/gin.LoggerWithConfig.func1
	D:/goproject/pkg/mod/github.com/gin-gonic/gin@v1.7.7/logger.go:241
github.com/gin-gonic/gin.(*Context).Next
	D:/goproject/pkg/mod/github.com/gin-gonic/gin@v1.7.7/context.go:168
github.com/gin-gonic/gin.(*Engine).handleHTTPRequest
	D:/goproject/pkg/mod/github.com/gin-gonic/gin@v1.7.7/gin.go:555
github.com/gin-gonic/gin.(*Engine).ServeHTTP
	D:/goproject/pkg/mod/github.com/gin-gonic/gin@v1.7.7/gin.go:511
net/http.serverHandler.ServeHTTP
	C:/Program Files/Go/src/net/http/server.go:2878
net/http.(*conn).serve
	C:/Program Files/Go/src/net/http/server.go:1929
2022-07-07T15:39:21.551+0800	[31mERROR[0m	controller/handler.go:31	Error 1064: You have an error in your SQL syntax; check the manual that corresponds to your MySQL server version for the right syntax to use near '' at line 1
github.com/GoAdminGroup/go-admin/plugins/admin/controller.(*Handler).GlobalDeferHandler
	F:/go-admin/admin/go-admin@v1.2.23/plugins/admin/controller/handler.go:31
runtime.gopanic
	C:/Program Files/Go/src/runtime/panic.go:1047
github.com/GoAdminGroup/go-admin/modules/db.CommonQuery
	F:/go-admin/admin/go-admin@v1.2.23/modules/db/performer.go:20
github.com/GoAdminGroup/go-admin/modules/db.(*Mysql).QueryWithConnection
	F:/go-admin/admin/go-admin@v1.2.23/modules/db/mysql.go:83
github.com/GoAdminGroup/go-admin/modules/db.(*SQL).ShowColumns
	F:/go-admin/admin/go-admin@v1.2.23/modules/db/statement.go:449
github.com/GoAdminGroup/go-admin/plugins/admin/modules/table.(*DefaultTable).getColumns
	F:/go-admin/admin/go-admin@v1.2.23/plugins/admin/modules/table/default.go:1137
github.com/GoAdminGroup/go-admin/plugins/admin/modules/table.(*DefaultTable).getDataFromDatabase
	F:/go-admin/admin/go-admin@v1.2.23/plugins/admin/modules/table/default.go:482
github.com/GoAdminGroup/go-admin/plugins/admin/modules/table.(*DefaultTable).GetData
	F:/go-admin/admin/go-admin@v1.2.23/plugins/admin/modules/table/default.go:148
github.com/GoAdminGroup/go-admin/plugins/admin/controller.(*Handler).showTableData
	F:/go-admin/admin/go-admin@v1.2.23/plugins/admin/controller/show.go:70
github.com/GoAdminGroup/go-admin/plugins/admin/controller.(*Handler).showTable
	F:/go-admin/admin/go-admin@v1.2.23/plugins/admin/controller/show.go:102
github.com/GoAdminGroup/go-admin/plugins/admin/controller.(*Handler).ShowInfo
	F:/go-admin/admin/go-admin@v1.2.23/plugins/admin/controller/show.go:60
github.com/GoAdminGroup/go-admin/context.(*Context).Next
	F:/go-admin/admin/go-admin@v1.2.23/context/context.go:101
github.com/GoAdminGroup/go-admin/plugins/admin/modules/guard.(*Guard).CheckPrefix
	F:/go-admin/admin/go-admin@v1.2.23/plugins/admin/modules/guard/guard.go:51
github.com/GoAdminGroup/go-admin/context.(*Context).Next
	F:/go-admin/admin/go-admin@v1.2.23/context/context.go:101
github.com/GoAdminGroup/go-admin/modules/auth.(*Invoker).Middleware.func1
	F:/go-admin/admin/go-admin@v1.2.23/modules/auth/middleware.go:132
github.com/GoAdminGroup/go-admin/context.(*Context).Next
	F:/go-admin/admin/go-admin@v1.2.23/context/context.go:101
github.com/GoAdminGroup/go-admin/plugins/admin.(*Admin).globalErrorHandler
	F:/go-admin/admin/go-admin@v1.2.23/plugins/admin/router.go:106
github.com/GoAdminGroup/go-admin/context.(*Context).Next
	F:/go-admin/admin/go-admin@v1.2.23/context/context.go:101
github.com/GoAdminGroup/go-admin/adapter/gin.(*Gin).AddHandler.func1
	F:/go-admin/admin/go-admin@v1.2.23/adapter/gin/gin.go:91
github.com/gin-gonic/gin.(*Context).Next
	D:/goproject/pkg/mod/github.com/gin-gonic/gin@v1.7.7/context.go:168
github.com/gin-gonic/gin.CustomRecoveryWithWriter.func1
	D:/goproject/pkg/mod/github.com/gin-gonic/gin@v1.7.7/recovery.go:99
github.com/gin-gonic/gin.(*Context).Next
	D:/goproject/pkg/mod/github.com/gin-gonic/gin@v1.7.7/context.go:168
github.com/gin-gonic/gin.LoggerWithConfig.func1
	D:/goproject/pkg/mod/github.com/gin-gonic/gin@v1.7.7/logger.go:241
github.com/gin-gonic/gin.(*Context).Next
	D:/goproject/pkg/mod/github.com/gin-gonic/gin@v1.7.7/context.go:168
github.com/gin-gonic/gin.(*Engine).handleHTTPRequest
	D:/goproject/pkg/mod/github.com/gin-gonic/gin@v1.7.7/gin.go:555
github.com/gin-gonic/gin.(*Engine).ServeHTTP
	D:/goproject/pkg/mod/github.com/gin-gonic/gin@v1.7.7/gin.go:511
net/http.serverHandler.ServeHTTP
	C:/Program Files/Go/src/net/http/server.go:2878
net/http.(*conn).serve
	C:/Program Files/Go/src/net/http/server.go:1929
2022-07-07T15:39:21.730+0800	[31mERROR[0m	controller/handler.go:31	Error 1064: You have an error in your SQL syntax; check the manual that corresponds to your MySQL server version for the right syntax to use near '' at line 1
github.com/GoAdminGroup/go-admin/plugins/admin/controller.(*Handler).GlobalDeferHandler
	F:/go-admin/admin/go-admin@v1.2.23/plugins/admin/controller/handler.go:31
runtime.gopanic
	C:/Program Files/Go/src/runtime/panic.go:1047
github.com/GoAdminGroup/go-admin/modules/db.CommonQuery
	F:/go-admin/admin/go-admin@v1.2.23/modules/db/performer.go:20
github.com/GoAdminGroup/go-admin/modules/db.(*Mysql).QueryWithConnection
	F:/go-admin/admin/go-admin@v1.2.23/modules/db/mysql.go:83
github.com/GoAdminGroup/go-admin/modules/db.(*SQL).ShowColumns
	F:/go-admin/admin/go-admin@v1.2.23/modules/db/statement.go:449
github.com/GoAdminGroup/go-admin/plugins/admin/modules/table.(*DefaultTable).getColumns
	F:/go-admin/admin/go-admin@v1.2.23/plugins/admin/modules/table/default.go:1137
github.com/GoAdminGroup/go-admin/plugins/admin/modules/table.(*DefaultTable).getDataFromDatabase
	F:/go-admin/admin/go-admin@v1.2.23/plugins/admin/modules/table/default.go:482
github.com/GoAdminGroup/go-admin/plugins/admin/modules/table.(*DefaultTable).GetData
	F:/go-admin/admin/go-admin@v1.2.23/plugins/admin/modules/table/default.go:148
github.com/GoAdminGroup/go-admin/plugins/admin/controller.(*Handler).showTableData
	F:/go-admin/admin/go-admin@v1.2.23/plugins/admin/controller/show.go:70
github.com/GoAdminGroup/go-admin/plugins/admin/controller.(*Handler).showTable
	F:/go-admin/admin/go-admin@v1.2.23/plugins/admin/controller/show.go:102
github.com/GoAdminGroup/go-admin/plugins/admin/controller.(*Handler).ShowInfo
	F:/go-admin/admin/go-admin@v1.2.23/plugins/admin/controller/show.go:60
github.com/GoAdminGroup/go-admin/context.(*Context).Next
	F:/go-admin/admin/go-admin@v1.2.23/context/context.go:101
github.com/GoAdminGroup/go-admin/plugins/admin/modules/guard.(*Guard).CheckPrefix
	F:/go-admin/admin/go-admin@v1.2.23/plugins/admin/modules/guard/guard.go:51
github.com/GoAdminGroup/go-admin/context.(*Context).Next
	F:/go-admin/admin/go-admin@v1.2.23/context/context.go:101
github.com/GoAdminGroup/go-admin/modules/auth.(*Invoker).Middleware.func1
	F:/go-admin/admin/go-admin@v1.2.23/modules/auth/middleware.go:132
github.com/GoAdminGroup/go-admin/context.(*Context).Next
	F:/go-admin/admin/go-admin@v1.2.23/context/context.go:101
github.com/GoAdminGroup/go-admin/plugins/admin.(*Admin).globalErrorHandler
	F:/go-admin/admin/go-admin@v1.2.23/plugins/admin/router.go:106
github.com/GoAdminGroup/go-admin/context.(*Context).Next
	F:/go-admin/admin/go-admin@v1.2.23/context/context.go:101
github.com/GoAdminGroup/go-admin/adapter/gin.(*Gin).AddHandler.func1
	F:/go-admin/admin/go-admin@v1.2.23/adapter/gin/gin.go:91
github.com/gin-gonic/gin.(*Context).Next
	D:/goproject/pkg/mod/github.com/gin-gonic/gin@v1.7.7/context.go:168
github.com/gin-gonic/gin.CustomRecoveryWithWriter.func1
	D:/goproject/pkg/mod/github.com/gin-gonic/gin@v1.7.7/recovery.go:99
github.com/gin-gonic/gin.(*Context).Next
	D:/goproject/pkg/mod/github.com/gin-gonic/gin@v1.7.7/context.go:168
github.com/gin-gonic/gin.LoggerWithConfig.func1
	D:/goproject/pkg/mod/github.com/gin-gonic/gin@v1.7.7/logger.go:241
github.com/gin-gonic/gin.(*Context).Next
	D:/goproject/pkg/mod/github.com/gin-gonic/gin@v1.7.7/context.go:168
github.com/gin-gonic/gin.(*Engine).handleHTTPRequest
	D:/goproject/pkg/mod/github.com/gin-gonic/gin@v1.7.7/gin.go:555
github.com/gin-gonic/gin.(*Engine).ServeHTTP
	D:/goproject/pkg/mod/github.com/gin-gonic/gin@v1.7.7/gin.go:511
net/http.serverHandler.ServeHTTP
	C:/Program Files/Go/src/net/http/server.go:2878
net/http.(*conn).serve
	C:/Program Files/Go/src/net/http/server.go:1929
2022-07-07T15:39:21.895+0800	[31mERROR[0m	controller/handler.go:31	Error 1064: You have an error in your SQL syntax; check the manual that corresponds to your MySQL server version for the right syntax to use near '' at line 1
github.com/GoAdminGroup/go-admin/plugins/admin/controller.(*Handler).GlobalDeferHandler
	F:/go-admin/admin/go-admin@v1.2.23/plugins/admin/controller/handler.go:31
runtime.gopanic
	C:/Program Files/Go/src/runtime/panic.go:1047
github.com/GoAdminGroup/go-admin/modules/db.CommonQuery
	F:/go-admin/admin/go-admin@v1.2.23/modules/db/performer.go:20
github.com/GoAdminGroup/go-admin/modules/db.(*Mysql).QueryWithConnection
	F:/go-admin/admin/go-admin@v1.2.23/modules/db/mysql.go:83
github.com/GoAdminGroup/go-admin/modules/db.(*SQL).ShowColumns
	F:/go-admin/admin/go-admin@v1.2.23/modules/db/statement.go:449
github.com/GoAdminGroup/go-admin/plugins/admin/modules/table.(*DefaultTable).getColumns
	F:/go-admin/admin/go-admin@v1.2.23/plugins/admin/modules/table/default.go:1137
github.com/GoAdminGroup/go-admin/plugins/admin/modules/table.(*DefaultTable).getDataFromDatabase
	F:/go-admin/admin/go-admin@v1.2.23/plugins/admin/modules/table/default.go:482
github.com/GoAdminGroup/go-admin/plugins/admin/modules/table.(*DefaultTable).GetData
	F:/go-admin/admin/go-admin@v1.2.23/plugins/admin/modules/table/default.go:148
github.com/GoAdminGroup/go-admin/plugins/admin/controller.(*Handler).showTableData
	F:/go-admin/admin/go-admin@v1.2.23/plugins/admin/controller/show.go:70
github.com/GoAdminGroup/go-admin/plugins/admin/controller.(*Handler).showTable
	F:/go-admin/admin/go-admin@v1.2.23/plugins/admin/controller/show.go:102
github.com/GoAdminGroup/go-admin/plugins/admin/controller.(*Handler).ShowInfo
	F:/go-admin/admin/go-admin@v1.2.23/plugins/admin/controller/show.go:60
github.com/GoAdminGroup/go-admin/context.(*Context).Next
	F:/go-admin/admin/go-admin@v1.2.23/context/context.go:101
github.com/GoAdminGroup/go-admin/plugins/admin/modules/guard.(*Guard).CheckPrefix
	F:/go-admin/admin/go-admin@v1.2.23/plugins/admin/modules/guard/guard.go:51
github.com/GoAdminGroup/go-admin/context.(*Context).Next
	F:/go-admin/admin/go-admin@v1.2.23/context/context.go:101
github.com/GoAdminGroup/go-admin/modules/auth.(*Invoker).Middleware.func1
	F:/go-admin/admin/go-admin@v1.2.23/modules/auth/middleware.go:132
github.com/GoAdminGroup/go-admin/context.(*Context).Next
	F:/go-admin/admin/go-admin@v1.2.23/context/context.go:101
github.com/GoAdminGroup/go-admin/plugins/admin.(*Admin).globalErrorHandler
	F:/go-admin/admin/go-admin@v1.2.23/plugins/admin/router.go:106
github.com/GoAdminGroup/go-admin/context.(*Context).Next
	F:/go-admin/admin/go-admin@v1.2.23/context/context.go:101
github.com/GoAdminGroup/go-admin/adapter/gin.(*Gin).AddHandler.func1
	F:/go-admin/admin/go-admin@v1.2.23/adapter/gin/gin.go:91
github.com/gin-gonic/gin.(*Context).Next
	D:/goproject/pkg/mod/github.com/gin-gonic/gin@v1.7.7/context.go:168
github.com/gin-gonic/gin.CustomRecoveryWithWriter.func1
	D:/goproject/pkg/mod/github.com/gin-gonic/gin@v1.7.7/recovery.go:99
github.com/gin-gonic/gin.(*Context).Next
	D:/goproject/pkg/mod/github.com/gin-gonic/gin@v1.7.7/context.go:168
github.com/gin-gonic/gin.LoggerWithConfig.func1
	D:/goproject/pkg/mod/github.com/gin-gonic/gin@v1.7.7/logger.go:241
github.com/gin-gonic/gin.(*Context).Next
	D:/goproject/pkg/mod/github.com/gin-gonic/gin@v1.7.7/context.go:168
github.com/gin-gonic/gin.(*Engine).handleHTTPRequest
	D:/goproject/pkg/mod/github.com/gin-gonic/gin@v1.7.7/gin.go:555
github.com/gin-gonic/gin.(*Engine).ServeHTTP
	D:/goproject/pkg/mod/github.com/gin-gonic/gin@v1.7.7/gin.go:511
net/http.serverHandler.ServeHTTP
	C:/Program Files/Go/src/net/http/server.go:2878
net/http.(*conn).serve
	C:/Program Files/Go/src/net/http/server.go:1929
2022-07-07T15:39:22.035+0800	[31mERROR[0m	controller/handler.go:31	Error 1064: You have an error in your SQL syntax; check the manual that corresponds to your MySQL server version for the right syntax to use near '' at line 1
github.com/GoAdminGroup/go-admin/plugins/admin/controller.(*Handler).GlobalDeferHandler
	F:/go-admin/admin/go-admin@v1.2.23/plugins/admin/controller/handler.go:31
runtime.gopanic
	C:/Program Files/Go/src/runtime/panic.go:1047
github.com/GoAdminGroup/go-admin/modules/db.CommonQuery
	F:/go-admin/admin/go-admin@v1.2.23/modules/db/performer.go:20
github.com/GoAdminGroup/go-admin/modules/db.(*Mysql).QueryWithConnection
	F:/go-admin/admin/go-admin@v1.2.23/modules/db/mysql.go:83
github.com/GoAdminGroup/go-admin/modules/db.(*SQL).ShowColumns
	F:/go-admin/admin/go-admin@v1.2.23/modules/db/statement.go:449
github.com/GoAdminGroup/go-admin/plugins/admin/modules/table.(*DefaultTable).getColumns
	F:/go-admin/admin/go-admin@v1.2.23/plugins/admin/modules/table/default.go:1137
github.com/GoAdminGroup/go-admin/plugins/admin/modules/table.(*DefaultTable).getDataFromDatabase
	F:/go-admin/admin/go-admin@v1.2.23/plugins/admin/modules/table/default.go:482
github.com/GoAdminGroup/go-admin/plugins/admin/modules/table.(*DefaultTable).GetData
	F:/go-admin/admin/go-admin@v1.2.23/plugins/admin/modules/table/default.go:148
github.com/GoAdminGroup/go-admin/plugins/admin/controller.(*Handler).showTableData
	F:/go-admin/admin/go-admin@v1.2.23/plugins/admin/controller/show.go:70
github.com/GoAdminGroup/go-admin/plugins/admin/controller.(*Handler).showTable
	F:/go-admin/admin/go-admin@v1.2.23/plugins/admin/controller/show.go:102
github.com/GoAdminGroup/go-admin/plugins/admin/controller.(*Handler).ShowInfo
	F:/go-admin/admin/go-admin@v1.2.23/plugins/admin/controller/show.go:60
github.com/GoAdminGroup/go-admin/context.(*Context).Next
	F:/go-admin/admin/go-admin@v1.2.23/context/context.go:101
github.com/GoAdminGroup/go-admin/plugins/admin/modules/guard.(*Guard).CheckPrefix
	F:/go-admin/admin/go-admin@v1.2.23/plugins/admin/modules/guard/guard.go:51
github.com/GoAdminGroup/go-admin/context.(*Context).Next
	F:/go-admin/admin/go-admin@v1.2.23/context/context.go:101
github.com/GoAdminGroup/go-admin/modules/auth.(*Invoker).Middleware.func1
	F:/go-admin/admin/go-admin@v1.2.23/modules/auth/middleware.go:132
github.com/GoAdminGroup/go-admin/context.(*Context).Next
	F:/go-admin/admin/go-admin@v1.2.23/context/context.go:101
github.com/GoAdminGroup/go-admin/plugins/admin.(*Admin).globalErrorHandler
	F:/go-admin/admin/go-admin@v1.2.23/plugins/admin/router.go:106
github.com/GoAdminGroup/go-admin/context.(*Context).Next
	F:/go-admin/admin/go-admin@v1.2.23/context/context.go:101
github.com/GoAdminGroup/go-admin/adapter/gin.(*Gin).AddHandler.func1
	F:/go-admin/admin/go-admin@v1.2.23/adapter/gin/gin.go:91
github.com/gin-gonic/gin.(*Context).Next
	D:/goproject/pkg/mod/github.com/gin-gonic/gin@v1.7.7/context.go:168
github.com/gin-gonic/gin.CustomRecoveryWithWriter.func1
	D:/goproject/pkg/mod/github.com/gin-gonic/gin@v1.7.7/recovery.go:99
github.com/gin-gonic/gin.(*Context).Next
	D:/goproject/pkg/mod/github.com/gin-gonic/gin@v1.7.7/context.go:168
github.com/gin-gonic/gin.LoggerWithConfig.func1
	D:/goproject/pkg/mod/github.com/gin-gonic/gin@v1.7.7/logger.go:241
github.com/gin-gonic/gin.(*Context).Next
	D:/goproject/pkg/mod/github.com/gin-gonic/gin@v1.7.7/context.go:168
github.com/gin-gonic/gin.(*Engine).handleHTTPRequest
	D:/goproject/pkg/mod/github.com/gin-gonic/gin@v1.7.7/gin.go:555
github.com/gin-gonic/gin.(*Engine).ServeHTTP
	D:/goproject/pkg/mod/github.com/gin-gonic/gin@v1.7.7/gin.go:511
net/http.serverHandler.ServeHTTP
	C:/Program Files/Go/src/net/http/server.go:2878
net/http.(*conn).serve
	C:/Program Files/Go/src/net/http/server.go:1929
2022-07-07T15:39:22.165+0800	[31mERROR[0m	controller/handler.go:31	Error 1064: You have an error in your SQL syntax; check the manual that corresponds to your MySQL server version for the right syntax to use near '' at line 1
github.com/GoAdminGroup/go-admin/plugins/admin/controller.(*Handler).GlobalDeferHandler
	F:/go-admin/admin/go-admin@v1.2.23/plugins/admin/controller/handler.go:31
runtime.gopanic
	C:/Program Files/Go/src/runtime/panic.go:1047
github.com/GoAdminGroup/go-admin/modules/db.CommonQuery
	F:/go-admin/admin/go-admin@v1.2.23/modules/db/performer.go:20
github.com/GoAdminGroup/go-admin/modules/db.(*Mysql).QueryWithConnection
	F:/go-admin/admin/go-admin@v1.2.23/modules/db/mysql.go:83
github.com/GoAdminGroup/go-admin/modules/db.(*SQL).ShowColumns
	F:/go-admin/admin/go-admin@v1.2.23/modules/db/statement.go:449
github.com/GoAdminGroup/go-admin/plugins/admin/modules/table.(*DefaultTable).getColumns
	F:/go-admin/admin/go-admin@v1.2.23/plugins/admin/modules/table/default.go:1137
github.com/GoAdminGroup/go-admin/plugins/admin/modules/table.(*DefaultTable).getDataFromDatabase
	F:/go-admin/admin/go-admin@v1.2.23/plugins/admin/modules/table/default.go:482
github.com/GoAdminGroup/go-admin/plugins/admin/modules/table.(*DefaultTable).GetData
	F:/go-admin/admin/go-admin@v1.2.23/plugins/admin/modules/table/default.go:148
github.com/GoAdminGroup/go-admin/plugins/admin/controller.(*Handler).showTableData
	F:/go-admin/admin/go-admin@v1.2.23/plugins/admin/controller/show.go:70
github.com/GoAdminGroup/go-admin/plugins/admin/controller.(*Handler).showTable
	F:/go-admin/admin/go-admin@v1.2.23/plugins/admin/controller/show.go:102
github.com/GoAdminGroup/go-admin/plugins/admin/controller.(*Handler).ShowInfo
	F:/go-admin/admin/go-admin@v1.2.23/plugins/admin/controller/show.go:60
github.com/GoAdminGroup/go-admin/context.(*Context).Next
	F:/go-admin/admin/go-admin@v1.2.23/context/context.go:101
github.com/GoAdminGroup/go-admin/plugins/admin/modules/guard.(*Guard).CheckPrefix
	F:/go-admin/admin/go-admin@v1.2.23/plugins/admin/modules/guard/guard.go:51
github.com/GoAdminGroup/go-admin/context.(*Context).Next
	F:/go-admin/admin/go-admin@v1.2.23/context/context.go:101
github.com/GoAdminGroup/go-admin/modules/auth.(*Invoker).Middleware.func1
	F:/go-admin/admin/go-admin@v1.2.23/modules/auth/middleware.go:132
github.com/GoAdminGroup/go-admin/context.(*Context).Next
	F:/go-admin/admin/go-admin@v1.2.23/context/context.go:101
github.com/GoAdminGroup/go-admin/plugins/admin.(*Admin).globalErrorHandler
	F:/go-admin/admin/go-admin@v1.2.23/plugins/admin/router.go:106
github.com/GoAdminGroup/go-admin/context.(*Context).Next
	F:/go-admin/admin/go-admin@v1.2.23/context/context.go:101
github.com/GoAdminGroup/go-admin/adapter/gin.(*Gin).AddHandler.func1
	F:/go-admin/admin/go-admin@v1.2.23/adapter/gin/gin.go:91
github.com/gin-gonic/gin.(*Context).Next
	D:/goproject/pkg/mod/github.com/gin-gonic/gin@v1.7.7/context.go:168
github.com/gin-gonic/gin.CustomRecoveryWithWriter.func1
	D:/goproject/pkg/mod/github.com/gin-gonic/gin@v1.7.7/recovery.go:99
github.com/gin-gonic/gin.(*Context).Next
	D:/goproject/pkg/mod/github.com/gin-gonic/gin@v1.7.7/context.go:168
github.com/gin-gonic/gin.LoggerWithConfig.func1
	D:/goproject/pkg/mod/github.com/gin-gonic/gin@v1.7.7/logger.go:241
github.com/gin-gonic/gin.(*Context).Next
	D:/goproject/pkg/mod/github.com/gin-gonic/gin@v1.7.7/context.go:168
github.com/gin-gonic/gin.(*Engine).handleHTTPRequest
	D:/goproject/pkg/mod/github.com/gin-gonic/gin@v1.7.7/gin.go:555
github.com/gin-gonic/gin.(*Engine).ServeHTTP
	D:/goproject/pkg/mod/github.com/gin-gonic/gin@v1.7.7/gin.go:511
net/http.serverHandler.ServeHTTP
	C:/Program Files/Go/src/net/http/server.go:2878
net/http.(*conn).serve
	C:/Program Files/Go/src/net/http/server.go:1929
2022-07-07T15:39:22.309+0800	[31mERROR[0m	controller/handler.go:31	Error 1064: You have an error in your SQL syntax; check the manual that corresponds to your MySQL server version for the right syntax to use near '' at line 1
github.com/GoAdminGroup/go-admin/plugins/admin/controller.(*Handler).GlobalDeferHandler
	F:/go-admin/admin/go-admin@v1.2.23/plugins/admin/controller/handler.go:31
runtime.gopanic
	C:/Program Files/Go/src/runtime/panic.go:1047
github.com/GoAdminGroup/go-admin/modules/db.CommonQuery
	F:/go-admin/admin/go-admin@v1.2.23/modules/db/performer.go:20
github.com/GoAdminGroup/go-admin/modules/db.(*Mysql).QueryWithConnection
	F:/go-admin/admin/go-admin@v1.2.23/modules/db/mysql.go:83
github.com/GoAdminGroup/go-admin/modules/db.(*SQL).ShowColumns
	F:/go-admin/admin/go-admin@v1.2.23/modules/db/statement.go:449
github.com/GoAdminGroup/go-admin/plugins/admin/modules/table.(*DefaultTable).getColumns
	F:/go-admin/admin/go-admin@v1.2.23/plugins/admin/modules/table/default.go:1137
github.com/GoAdminGroup/go-admin/plugins/admin/modules/table.(*DefaultTable).getDataFromDatabase
	F:/go-admin/admin/go-admin@v1.2.23/plugins/admin/modules/table/default.go:482
github.com/GoAdminGroup/go-admin/plugins/admin/modules/table.(*DefaultTable).GetData
	F:/go-admin/admin/go-admin@v1.2.23/plugins/admin/modules/table/default.go:148
github.com/GoAdminGroup/go-admin/plugins/admin/controller.(*Handler).showTableData
	F:/go-admin/admin/go-admin@v1.2.23/plugins/admin/controller/show.go:70
github.com/GoAdminGroup/go-admin/plugins/admin/controller.(*Handler).showTable
	F:/go-admin/admin/go-admin@v1.2.23/plugins/admin/controller/show.go:102
github.com/GoAdminGroup/go-admin/plugins/admin/controller.(*Handler).ShowInfo
	F:/go-admin/admin/go-admin@v1.2.23/plugins/admin/controller/show.go:60
github.com/GoAdminGroup/go-admin/context.(*Context).Next
	F:/go-admin/admin/go-admin@v1.2.23/context/context.go:101
github.com/GoAdminGroup/go-admin/plugins/admin/modules/guard.(*Guard).CheckPrefix
	F:/go-admin/admin/go-admin@v1.2.23/plugins/admin/modules/guard/guard.go:51
github.com/GoAdminGroup/go-admin/context.(*Context).Next
	F:/go-admin/admin/go-admin@v1.2.23/context/context.go:101
github.com/GoAdminGroup/go-admin/modules/auth.(*Invoker).Middleware.func1
	F:/go-admin/admin/go-admin@v1.2.23/modules/auth/middleware.go:132
github.com/GoAdminGroup/go-admin/context.(*Context).Next
	F:/go-admin/admin/go-admin@v1.2.23/context/context.go:101
github.com/GoAdminGroup/go-admin/plugins/admin.(*Admin).globalErrorHandler
	F:/go-admin/admin/go-admin@v1.2.23/plugins/admin/router.go:106
github.com/GoAdminGroup/go-admin/context.(*Context).Next
	F:/go-admin/admin/go-admin@v1.2.23/context/context.go:101
github.com/GoAdminGroup/go-admin/adapter/gin.(*Gin).AddHandler.func1
	F:/go-admin/admin/go-admin@v1.2.23/adapter/gin/gin.go:91
github.com/gin-gonic/gin.(*Context).Next
	D:/goproject/pkg/mod/github.com/gin-gonic/gin@v1.7.7/context.go:168
github.com/gin-gonic/gin.CustomRecoveryWithWriter.func1
	D:/goproject/pkg/mod/github.com/gin-gonic/gin@v1.7.7/recovery.go:99
github.com/gin-gonic/gin.(*Context).Next
	D:/goproject/pkg/mod/github.com/gin-gonic/gin@v1.7.7/context.go:168
github.com/gin-gonic/gin.LoggerWithConfig.func1
	D:/goproject/pkg/mod/github.com/gin-gonic/gin@v1.7.7/logger.go:241
github.com/gin-gonic/gin.(*Context).Next
	D:/goproject/pkg/mod/github.com/gin-gonic/gin@v1.7.7/context.go:168
github.com/gin-gonic/gin.(*Engine).handleHTTPRequest
	D:/goproject/pkg/mod/github.com/gin-gonic/gin@v1.7.7/gin.go:555
github.com/gin-gonic/gin.(*Engine).ServeHTTP
	D:/goproject/pkg/mod/github.com/gin-gonic/gin@v1.7.7/gin.go:511
net/http.serverHandler.ServeHTTP
	C:/Program Files/Go/src/net/http/server.go:2878
net/http.(*conn).serve
	C:/Program Files/Go/src/net/http/server.go:1929
2022-07-07T15:43:17.568+0800	[31mERROR[0m	controller/handler.go:31	runtime error: index out of range [0] with length 0
github.com/GoAdminGroup/go-admin/plugins/admin/controller.(*Handler).GlobalDeferHandler
	F:/go-admin/admin/go-admin@v1.2.23/plugins/admin/controller/handler.go:31
runtime.gopanic
	C:/Program Files/Go/src/runtime/panic.go:1047
runtime.goPanicIndex
	C:/Program Files/Go/src/runtime/panic.go:90
admin/pages/AutoPages.GetOperationServer.func3
	F:/go-admin/admin/pages/AutoPages/operation_servers.go:84
github.com/GoAdminGroup/go-admin/plugins/admin/modules/table.(*DefaultTable).GetDataWithId
	F:/go-admin/admin/go-admin@v1.2.23/plugins/admin/modules/table/default.go:642
github.com/GoAdminGroup/go-admin/plugins/admin/controller.(*Handler).showForm
	F:/go-admin/admin/go-admin@v1.2.23/plugins/admin/controller/edit.go:61
github.com/GoAdminGroup/go-admin/plugins/admin/controller.(*Handler).ShowForm
	F:/go-admin/admin/go-admin@v1.2.23/plugins/admin/controller/edit.go:31
github.com/GoAdminGroup/go-admin/context.(*Context).Next
	F:/go-admin/admin/go-admin@v1.2.23/context/context.go:101
github.com/GoAdminGroup/go-admin/plugins/admin/modules/guard.(*Guard).ShowForm
	F:/go-admin/admin/go-admin@v1.2.23/plugins/admin/modules/guard/edit.go:72
github.com/GoAdminGroup/go-admin/context.(*Context).Next
	F:/go-admin/admin/go-admin@v1.2.23/context/context.go:101
github.com/GoAdminGroup/go-admin/plugins/admin/modules/guard.(*Guard).CheckPrefix
	F:/go-admin/admin/go-admin@v1.2.23/plugins/admin/modules/guard/guard.go:51
github.com/GoAdminGroup/go-admin/context.(*Context).Next
	F:/go-admin/admin/go-admin@v1.2.23/context/context.go:101
github.com/GoAdminGroup/go-admin/modules/auth.(*Invoker).Middleware.func1
	F:/go-admin/admin/go-admin@v1.2.23/modules/auth/middleware.go:132
github.com/GoAdminGroup/go-admin/context.(*Context).Next
	F:/go-admin/admin/go-admin@v1.2.23/context/context.go:101
github.com/GoAdminGroup/go-admin/plugins/admin.(*Admin).globalErrorHandler
	F:/go-admin/admin/go-admin@v1.2.23/plugins/admin/router.go:106
github.com/GoAdminGroup/go-admin/context.(*Context).Next
	F:/go-admin/admin/go-admin@v1.2.23/context/context.go:101
github.com/GoAdminGroup/go-admin/adapter/gin.(*Gin).AddHandler.func1
	F:/go-admin/admin/go-admin@v1.2.23/adapter/gin/gin.go:91
github.com/gin-gonic/gin.(*Context).Next
	D:/goproject/pkg/mod/github.com/gin-gonic/gin@v1.7.7/context.go:168
github.com/gin-gonic/gin.CustomRecoveryWithWriter.func1
	D:/goproject/pkg/mod/github.com/gin-gonic/gin@v1.7.7/recovery.go:99
github.com/gin-gonic/gin.(*Context).Next
	D:/goproject/pkg/mod/github.com/gin-gonic/gin@v1.7.7/context.go:168
github.com/gin-gonic/gin.LoggerWithConfig.func1
	D:/goproject/pkg/mod/github.com/gin-gonic/gin@v1.7.7/logger.go:241
github.com/gin-gonic/gin.(*Context).Next
	D:/goproject/pkg/mod/github.com/gin-gonic/gin@v1.7.7/context.go:168
github.com/gin-gonic/gin.(*Engine).handleHTTPRequest
	D:/goproject/pkg/mod/github.com/gin-gonic/gin@v1.7.7/gin.go:555
github.com/gin-gonic/gin.(*Engine).ServeHTTP
	D:/goproject/pkg/mod/github.com/gin-gonic/gin@v1.7.7/gin.go:511
net/http.serverHandler.ServeHTTP
	C:/Program Files/Go/src/net/http/server.go:2878
net/http.(*conn).serve
	C:/Program Files/Go/src/net/http/server.go:1929
2022-07-07T15:43:20.015+0800	[31mERROR[0m	controller/handler.go:31	runtime error: index out of range [0] with length 0
github.com/GoAdminGroup/go-admin/plugins/admin/controller.(*Handler).GlobalDeferHandler
	F:/go-admin/admin/go-admin@v1.2.23/plugins/admin/controller/handler.go:31
runtime.gopanic
	C:/Program Files/Go/src/runtime/panic.go:1047
runtime.goPanicIndex
	C:/Program Files/Go/src/runtime/panic.go:90
admin/pages/AutoPages.GetOperationServer.func3
	F:/go-admin/admin/pages/AutoPages/operation_servers.go:84
github.com/GoAdminGroup/go-admin/plugins/admin/modules/table.(*DefaultTable).GetData
	F:/go-admin/admin/go-admin@v1.2.23/plugins/admin/modules/table/default.go:144
github.com/GoAdminGroup/go-admin/plugins/admin/controller.(*Handler).showTableData
	F:/go-admin/admin/go-admin@v1.2.23/plugins/admin/controller/show.go:70
github.com/GoAdminGroup/go-admin/plugins/admin/controller.(*Handler).showTable
	F:/go-admin/admin/go-admin@v1.2.23/plugins/admin/controller/show.go:102
github.com/GoAdminGroup/go-admin/plugins/admin/controller.(*Handler).ShowInfo
	F:/go-admin/admin/go-admin@v1.2.23/plugins/admin/controller/show.go:60
github.com/GoAdminGroup/go-admin/context.(*Context).Next
	F:/go-admin/admin/go-admin@v1.2.23/context/context.go:101
github.com/GoAdminGroup/go-admin/plugins/admin/modules/guard.(*Guard).CheckPrefix
	F:/go-admin/admin/go-admin@v1.2.23/plugins/admin/modules/guard/guard.go:51
github.com/GoAdminGroup/go-admin/context.(*Context).Next
	F:/go-admin/admin/go-admin@v1.2.23/context/context.go:101
github.com/GoAdminGroup/go-admin/modules/auth.(*Invoker).Middleware.func1
	F:/go-admin/admin/go-admin@v1.2.23/modules/auth/middleware.go:132
github.com/GoAdminGroup/go-admin/context.(*Context).Next
	F:/go-admin/admin/go-admin@v1.2.23/context/context.go:101
github.com/GoAdminGroup/go-admin/plugins/admin.(*Admin).globalErrorHandler
	F:/go-admin/admin/go-admin@v1.2.23/plugins/admin/router.go:106
github.com/GoAdminGroup/go-admin/context.(*Context).Next
	F:/go-admin/admin/go-admin@v1.2.23/context/context.go:101
github.com/GoAdminGroup/go-admin/adapter/gin.(*Gin).AddHandler.func1
	F:/go-admin/admin/go-admin@v1.2.23/adapter/gin/gin.go:91
github.com/gin-gonic/gin.(*Context).Next
	D:/goproject/pkg/mod/github.com/gin-gonic/gin@v1.7.7/context.go:168
github.com/gin-gonic/gin.CustomRecoveryWithWriter.func1
	D:/goproject/pkg/mod/github.com/gin-gonic/gin@v1.7.7/recovery.go:99
github.com/gin-gonic/gin.(*Context).Next
	D:/goproject/pkg/mod/github.com/gin-gonic/gin@v1.7.7/context.go:168
github.com/gin-gonic/gin.LoggerWithConfig.func1
	D:/goproject/pkg/mod/github.com/gin-gonic/gin@v1.7.7/logger.go:241
github.com/gin-gonic/gin.(*Context).Next
	D:/goproject/pkg/mod/github.com/gin-gonic/gin@v1.7.7/context.go:168
github.com/gin-gonic/gin.(*Engine).handleHTTPRequest
	D:/goproject/pkg/mod/github.com/gin-gonic/gin@v1.7.7/gin.go:555
github.com/gin-gonic/gin.(*Engine).ServeHTTP
	D:/goproject/pkg/mod/github.com/gin-gonic/gin@v1.7.7/gin.go:511
net/http.serverHandler.ServeHTTP
	C:/Program Files/Go/src/net/http/server.go:2878
net/http.(*conn).serve
	C:/Program Files/Go/src/net/http/server.go:1929
2022-07-07T15:43:21.653+0800	[31mERROR[0m	controller/handler.go:31	runtime error: index out of range [0] with length 0
github.com/GoAdminGroup/go-admin/plugins/admin/controller.(*Handler).GlobalDeferHandler
	F:/go-admin/admin/go-admin@v1.2.23/plugins/admin/controller/handler.go:31
runtime.gopanic
	C:/Program Files/Go/src/runtime/panic.go:1047
runtime.goPanicIndex
	C:/Program Files/Go/src/runtime/panic.go:90
admin/pages/AutoPages.GetOperationServer.func3
	F:/go-admin/admin/pages/AutoPages/operation_servers.go:84
github.com/GoAdminGroup/go-admin/plugins/admin/modules/table.(*DefaultTable).GetData
	F:/go-admin/admin/go-admin@v1.2.23/plugins/admin/modules/table/default.go:144
github.com/GoAdminGroup/go-admin/plugins/admin/controller.(*Handler).showTableData
	F:/go-admin/admin/go-admin@v1.2.23/plugins/admin/controller/show.go:70
github.com/GoAdminGroup/go-admin/plugins/admin/controller.(*Handler).showTable
	F:/go-admin/admin/go-admin@v1.2.23/plugins/admin/controller/show.go:102
github.com/GoAdminGroup/go-admin/plugins/admin/controller.(*Handler).ShowInfo
	F:/go-admin/admin/go-admin@v1.2.23/plugins/admin/controller/show.go:60
github.com/GoAdminGroup/go-admin/context.(*Context).Next
	F:/go-admin/admin/go-admin@v1.2.23/context/context.go:101
github.com/GoAdminGroup/go-admin/plugins/admin/modules/guard.(*Guard).CheckPrefix
	F:/go-admin/admin/go-admin@v1.2.23/plugins/admin/modules/guard/guard.go:51
github.com/GoAdminGroup/go-admin/context.(*Context).Next
	F:/go-admin/admin/go-admin@v1.2.23/context/context.go:101
github.com/GoAdminGroup/go-admin/modules/auth.(*Invoker).Middleware.func1
	F:/go-admin/admin/go-admin@v1.2.23/modules/auth/middleware.go:132
github.com/GoAdminGroup/go-admin/context.(*Context).Next
	F:/go-admin/admin/go-admin@v1.2.23/context/context.go:101
github.com/GoAdminGroup/go-admin/plugins/admin.(*Admin).globalErrorHandler
	F:/go-admin/admin/go-admin@v1.2.23/plugins/admin/router.go:106
github.com/GoAdminGroup/go-admin/context.(*Context).Next
	F:/go-admin/admin/go-admin@v1.2.23/context/context.go:101
github.com/GoAdminGroup/go-admin/adapter/gin.(*Gin).AddHandler.func1
	F:/go-admin/admin/go-admin@v1.2.23/adapter/gin/gin.go:91
github.com/gin-gonic/gin.(*Context).Next
	D:/goproject/pkg/mod/github.com/gin-gonic/gin@v1.7.7/context.go:168
github.com/gin-gonic/gin.CustomRecoveryWithWriter.func1
	D:/goproject/pkg/mod/github.com/gin-gonic/gin@v1.7.7/recovery.go:99
github.com/gin-gonic/gin.(*Context).Next
	D:/goproject/pkg/mod/github.com/gin-gonic/gin@v1.7.7/context.go:168
github.com/gin-gonic/gin.LoggerWithConfig.func1
	D:/goproject/pkg/mod/github.com/gin-gonic/gin@v1.7.7/logger.go:241
github.com/gin-gonic/gin.(*Context).Next
	D:/goproject/pkg/mod/github.com/gin-gonic/gin@v1.7.7/context.go:168
github.com/gin-gonic/gin.(*Engine).handleHTTPRequest
	D:/goproject/pkg/mod/github.com/gin-gonic/gin@v1.7.7/gin.go:555
github.com/gin-gonic/gin.(*Engine).ServeHTTP
	D:/goproject/pkg/mod/github.com/gin-gonic/gin@v1.7.7/gin.go:511
net/http.serverHandler.ServeHTTP
	C:/Program Files/Go/src/net/http/server.go:2878
net/http.(*conn).serve
	C:/Program Files/Go/src/net/http/server.go:1929
2022-07-07T15:45:55.228+0800	[31mERROR[0m	controller/handler.go:31	runtime error: slice bounds out of range [20:1]
github.com/GoAdminGroup/go-admin/plugins/admin/controller.(*Handler).GlobalDeferHandler
	F:/go-admin/admin/go-admin@v1.2.23/plugins/admin/controller/handler.go:31
runtime.gopanic
	C:/Program Files/Go/src/runtime/panic.go:1047
runtime.goPanicSliceB
	C:/Program Files/Go/src/runtime/panic.go:118
admin/pages/AutoPages.GetOperationServer.func3
	F:/go-admin/admin/pages/AutoPages/operation_servers.go:92
github.com/GoAdminGroup/go-admin/plugins/admin/modules/table.(*DefaultTable).GetDataWithId
	F:/go-admin/admin/go-admin@v1.2.23/plugins/admin/modules/table/default.go:642
github.com/GoAdminGroup/go-admin/plugins/admin/controller.(*Handler).showForm
	F:/go-admin/admin/go-admin@v1.2.23/plugins/admin/controller/edit.go:61
github.com/GoAdminGroup/go-admin/plugins/admin/controller.(*Handler).ShowForm
	F:/go-admin/admin/go-admin@v1.2.23/plugins/admin/controller/edit.go:31
github.com/GoAdminGroup/go-admin/context.(*Context).Next
	F:/go-admin/admin/go-admin@v1.2.23/context/context.go:101
github.com/GoAdminGroup/go-admin/plugins/admin/modules/guard.(*Guard).ShowForm
	F:/go-admin/admin/go-admin@v1.2.23/plugins/admin/modules/guard/edit.go:72
github.com/GoAdminGroup/go-admin/context.(*Context).Next
	F:/go-admin/admin/go-admin@v1.2.23/context/context.go:101
github.com/GoAdminGroup/go-admin/plugins/admin/modules/guard.(*Guard).CheckPrefix
	F:/go-admin/admin/go-admin@v1.2.23/plugins/admin/modules/guard/guard.go:51
github.com/GoAdminGroup/go-admin/context.(*Context).Next
	F:/go-admin/admin/go-admin@v1.2.23/context/context.go:101
github.com/GoAdminGroup/go-admin/modules/auth.(*Invoker).Middleware.func1
	F:/go-admin/admin/go-admin@v1.2.23/modules/auth/middleware.go:132
github.com/GoAdminGroup/go-admin/context.(*Context).Next
	F:/go-admin/admin/go-admin@v1.2.23/context/context.go:101
github.com/GoAdminGroup/go-admin/plugins/admin.(*Admin).globalErrorHandler
	F:/go-admin/admin/go-admin@v1.2.23/plugins/admin/router.go:106
github.com/GoAdminGroup/go-admin/context.(*Context).Next
	F:/go-admin/admin/go-admin@v1.2.23/context/context.go:101
github.com/GoAdminGroup/go-admin/adapter/gin.(*Gin).AddHandler.func1
	F:/go-admin/admin/go-admin@v1.2.23/adapter/gin/gin.go:91
github.com/gin-gonic/gin.(*Context).Next
	D:/goproject/pkg/mod/github.com/gin-gonic/gin@v1.7.7/context.go:168
github.com/gin-gonic/gin.CustomRecoveryWithWriter.func1
	D:/goproject/pkg/mod/github.com/gin-gonic/gin@v1.7.7/recovery.go:99
github.com/gin-gonic/gin.(*Context).Next
	D:/goproject/pkg/mod/github.com/gin-gonic/gin@v1.7.7/context.go:168
github.com/gin-gonic/gin.LoggerWithConfig.func1
	D:/goproject/pkg/mod/github.com/gin-gonic/gin@v1.7.7/logger.go:241
github.com/gin-gonic/gin.(*Context).Next
	D:/goproject/pkg/mod/github.com/gin-gonic/gin@v1.7.7/context.go:168
github.com/gin-gonic/gin.(*Engine).handleHTTPRequest
	D:/goproject/pkg/mod/github.com/gin-gonic/gin@v1.7.7/gin.go:555
github.com/gin-gonic/gin.(*Engine).ServeHTTP
	D:/goproject/pkg/mod/github.com/gin-gonic/gin@v1.7.7/gin.go:511
net/http.serverHandler.ServeHTTP
	C:/Program Files/Go/src/net/http/server.go:2878
net/http.(*conn).serve
	C:/Program Files/Go/src/net/http/server.go:1929
2022-07-07T15:45:55.302+0800	[31mERROR[0m	controller/handler.go:31	runtime error: slice bounds out of range [20:1]
github.com/GoAdminGroup/go-admin/plugins/admin/controller.(*Handler).GlobalDeferHandler
	F:/go-admin/admin/go-admin@v1.2.23/plugins/admin/controller/handler.go:31
runtime.gopanic
	C:/Program Files/Go/src/runtime/panic.go:1047
runtime.goPanicSliceB
	C:/Program Files/Go/src/runtime/panic.go:118
admin/pages/AutoPages.GetOperationServer.func3
	F:/go-admin/admin/pages/AutoPages/operation_servers.go:92
github.com/GoAdminGroup/go-admin/plugins/admin/modules/table.(*DefaultTable).GetDataWithId
	F:/go-admin/admin/go-admin@v1.2.23/plugins/admin/modules/table/default.go:642
github.com/GoAdminGroup/go-admin/plugins/admin/controller.(*Handler).showForm
	F:/go-admin/admin/go-admin@v1.2.23/plugins/admin/controller/edit.go:61
github.com/GoAdminGroup/go-admin/plugins/admin/controller.(*Handler).ShowForm
	F:/go-admin/admin/go-admin@v1.2.23/plugins/admin/controller/edit.go:31
github.com/GoAdminGroup/go-admin/context.(*Context).Next
	F:/go-admin/admin/go-admin@v1.2.23/context/context.go:101
github.com/GoAdminGroup/go-admin/plugins/admin/modules/guard.(*Guard).ShowForm
	F:/go-admin/admin/go-admin@v1.2.23/plugins/admin/modules/guard/edit.go:72
github.com/GoAdminGroup/go-admin/context.(*Context).Next
	F:/go-admin/admin/go-admin@v1.2.23/context/context.go:101
github.com/GoAdminGroup/go-admin/plugins/admin/modules/guard.(*Guard).CheckPrefix
	F:/go-admin/admin/go-admin@v1.2.23/plugins/admin/modules/guard/guard.go:51
github.com/GoAdminGroup/go-admin/context.(*Context).Next
	F:/go-admin/admin/go-admin@v1.2.23/context/context.go:101
github.com/GoAdminGroup/go-admin/modules/auth.(*Invoker).Middleware.func1
	F:/go-admin/admin/go-admin@v1.2.23/modules/auth/middleware.go:132
github.com/GoAdminGroup/go-admin/context.(*Context).Next
	F:/go-admin/admin/go-admin@v1.2.23/context/context.go:101
github.com/GoAdminGroup/go-admin/plugins/admin.(*Admin).globalErrorHandler
	F:/go-admin/admin/go-admin@v1.2.23/plugins/admin/router.go:106
github.com/GoAdminGroup/go-admin/context.(*Context).Next
	F:/go-admin/admin/go-admin@v1.2.23/context/context.go:101
github.com/GoAdminGroup/go-admin/adapter/gin.(*Gin).AddHandler.func1
	F:/go-admin/admin/go-admin@v1.2.23/adapter/gin/gin.go:91
github.com/gin-gonic/gin.(*Context).Next
	D:/goproject/pkg/mod/github.com/gin-gonic/gin@v1.7.7/context.go:168
github.com/gin-gonic/gin.CustomRecoveryWithWriter.func1
	D:/goproject/pkg/mod/github.com/gin-gonic/gin@v1.7.7/recovery.go:99
github.com/gin-gonic/gin.(*Context).Next
	D:/goproject/pkg/mod/github.com/gin-gonic/gin@v1.7.7/context.go:168
github.com/gin-gonic/gin.LoggerWithConfig.func1
	D:/goproject/pkg/mod/github.com/gin-gonic/gin@v1.7.7/logger.go:241
github.com/gin-gonic/gin.(*Context).Next
	D:/goproject/pkg/mod/github.com/gin-gonic/gin@v1.7.7/context.go:168
github.com/gin-gonic/gin.(*Engine).handleHTTPRequest
	D:/goproject/pkg/mod/github.com/gin-gonic/gin@v1.7.7/gin.go:555
github.com/gin-gonic/gin.(*Engine).ServeHTTP
	D:/goproject/pkg/mod/github.com/gin-gonic/gin@v1.7.7/gin.go:511
net/http.serverHandler.ServeHTTP
	C:/Program Files/Go/src/net/http/server.go:2878
net/http.(*conn).serve
	C:/Program Files/Go/src/net/http/server.go:1929
2022-07-07T15:46:37.083+0800	[31mERROR[0m	controller/handler.go:31	runtime error: slice bounds out of range [20:1]
github.com/GoAdminGroup/go-admin/plugins/admin/controller.(*Handler).GlobalDeferHandler
	F:/go-admin/admin/go-admin@v1.2.23/plugins/admin/controller/handler.go:31
runtime.gopanic
	C:/Program Files/Go/src/runtime/panic.go:1047
runtime.goPanicSliceB
	C:/Program Files/Go/src/runtime/panic.go:118
admin/pages/AutoPages.GetOperationServer.func3
	F:/go-admin/admin/pages/AutoPages/operation_servers.go:92
github.com/GoAdminGroup/go-admin/plugins/admin/modules/table.(*DefaultTable).GetDataWithId
	F:/go-admin/admin/go-admin@v1.2.23/plugins/admin/modules/table/default.go:642
github.com/GoAdminGroup/go-admin/plugins/admin/controller.(*Handler).showForm
	F:/go-admin/admin/go-admin@v1.2.23/plugins/admin/controller/edit.go:61
github.com/GoAdminGroup/go-admin/plugins/admin/controller.(*Handler).ShowForm
	F:/go-admin/admin/go-admin@v1.2.23/plugins/admin/controller/edit.go:31
github.com/GoAdminGroup/go-admin/context.(*Context).Next
	F:/go-admin/admin/go-admin@v1.2.23/context/context.go:101
github.com/GoAdminGroup/go-admin/plugins/admin/modules/guard.(*Guard).ShowForm
	F:/go-admin/admin/go-admin@v1.2.23/plugins/admin/modules/guard/edit.go:72
github.com/GoAdminGroup/go-admin/context.(*Context).Next
	F:/go-admin/admin/go-admin@v1.2.23/context/context.go:101
github.com/GoAdminGroup/go-admin/plugins/admin/modules/guard.(*Guard).CheckPrefix
	F:/go-admin/admin/go-admin@v1.2.23/plugins/admin/modules/guard/guard.go:51
github.com/GoAdminGroup/go-admin/context.(*Context).Next
	F:/go-admin/admin/go-admin@v1.2.23/context/context.go:101
github.com/GoAdminGroup/go-admin/modules/auth.(*Invoker).Middleware.func1
	F:/go-admin/admin/go-admin@v1.2.23/modules/auth/middleware.go:132
github.com/GoAdminGroup/go-admin/context.(*Context).Next
	F:/go-admin/admin/go-admin@v1.2.23/context/context.go:101
github.com/GoAdminGroup/go-admin/plugins/admin.(*Admin).globalErrorHandler
	F:/go-admin/admin/go-admin@v1.2.23/plugins/admin/router.go:106
github.com/GoAdminGroup/go-admin/context.(*Context).Next
	F:/go-admin/admin/go-admin@v1.2.23/context/context.go:101
github.com/GoAdminGroup/go-admin/adapter/gin.(*Gin).AddHandler.func1
	F:/go-admin/admin/go-admin@v1.2.23/adapter/gin/gin.go:91
github.com/gin-gonic/gin.(*Context).Next
	D:/goproject/pkg/mod/github.com/gin-gonic/gin@v1.7.7/context.go:168
github.com/gin-gonic/gin.CustomRecoveryWithWriter.func1
	D:/goproject/pkg/mod/github.com/gin-gonic/gin@v1.7.7/recovery.go:99
github.com/gin-gonic/gin.(*Context).Next
	D:/goproject/pkg/mod/github.com/gin-gonic/gin@v1.7.7/context.go:168
github.com/gin-gonic/gin.LoggerWithConfig.func1
	D:/goproject/pkg/mod/github.com/gin-gonic/gin@v1.7.7/logger.go:241
github.com/gin-gonic/gin.(*Context).Next
	D:/goproject/pkg/mod/github.com/gin-gonic/gin@v1.7.7/context.go:168
github.com/gin-gonic/gin.(*Engine).handleHTTPRequest
	D:/goproject/pkg/mod/github.com/gin-gonic/gin@v1.7.7/gin.go:555
github.com/gin-gonic/gin.(*Engine).ServeHTTP
	D:/goproject/pkg/mod/github.com/gin-gonic/gin@v1.7.7/gin.go:511
net/http.serverHandler.ServeHTTP
	C:/Program Files/Go/src/net/http/server.go:2878
net/http.(*conn).serve
	C:/Program Files/Go/src/net/http/server.go:1929
2022-07-07T15:46:37.157+0800	[31mERROR[0m	controller/handler.go:31	runtime error: slice bounds out of range [20:1]
github.com/GoAdminGroup/go-admin/plugins/admin/controller.(*Handler).GlobalDeferHandler
	F:/go-admin/admin/go-admin@v1.2.23/plugins/admin/controller/handler.go:31
runtime.gopanic
	C:/Program Files/Go/src/runtime/panic.go:1047
runtime.goPanicSliceB
	C:/Program Files/Go/src/runtime/panic.go:118
admin/pages/AutoPages.GetOperationServer.func3
	F:/go-admin/admin/pages/AutoPages/operation_servers.go:92
github.com/GoAdminGroup/go-admin/plugins/admin/modules/table.(*DefaultTable).GetDataWithId
	F:/go-admin/admin/go-admin@v1.2.23/plugins/admin/modules/table/default.go:642
github.com/GoAdminGroup/go-admin/plugins/admin/controller.(*Handler).showForm
	F:/go-admin/admin/go-admin@v1.2.23/plugins/admin/controller/edit.go:61
github.com/GoAdminGroup/go-admin/plugins/admin/controller.(*Handler).ShowForm
	F:/go-admin/admin/go-admin@v1.2.23/plugins/admin/controller/edit.go:31
github.com/GoAdminGroup/go-admin/context.(*Context).Next
	F:/go-admin/admin/go-admin@v1.2.23/context/context.go:101
github.com/GoAdminGroup/go-admin/plugins/admin/modules/guard.(*Guard).ShowForm
	F:/go-admin/admin/go-admin@v1.2.23/plugins/admin/modules/guard/edit.go:72
github.com/GoAdminGroup/go-admin/context.(*Context).Next
	F:/go-admin/admin/go-admin@v1.2.23/context/context.go:101
github.com/GoAdminGroup/go-admin/plugins/admin/modules/guard.(*Guard).CheckPrefix
	F:/go-admin/admin/go-admin@v1.2.23/plugins/admin/modules/guard/guard.go:51
github.com/GoAdminGroup/go-admin/context.(*Context).Next
	F:/go-admin/admin/go-admin@v1.2.23/context/context.go:101
github.com/GoAdminGroup/go-admin/modules/auth.(*Invoker).Middleware.func1
	F:/go-admin/admin/go-admin@v1.2.23/modules/auth/middleware.go:132
github.com/GoAdminGroup/go-admin/context.(*Context).Next
	F:/go-admin/admin/go-admin@v1.2.23/context/context.go:101
github.com/GoAdminGroup/go-admin/plugins/admin.(*Admin).globalErrorHandler
	F:/go-admin/admin/go-admin@v1.2.23/plugins/admin/router.go:106
github.com/GoAdminGroup/go-admin/context.(*Context).Next
	F:/go-admin/admin/go-admin@v1.2.23/context/context.go:101
github.com/GoAdminGroup/go-admin/adapter/gin.(*Gin).AddHandler.func1
	F:/go-admin/admin/go-admin@v1.2.23/adapter/gin/gin.go:91
github.com/gin-gonic/gin.(*Context).Next
	D:/goproject/pkg/mod/github.com/gin-gonic/gin@v1.7.7/context.go:168
github.com/gin-gonic/gin.CustomRecoveryWithWriter.func1
	D:/goproject/pkg/mod/github.com/gin-gonic/gin@v1.7.7/recovery.go:99
github.com/gin-gonic/gin.(*Context).Next
	D:/goproject/pkg/mod/github.com/gin-gonic/gin@v1.7.7/context.go:168
github.com/gin-gonic/gin.LoggerWithConfig.func1
	D:/goproject/pkg/mod/github.com/gin-gonic/gin@v1.7.7/logger.go:241
github.com/gin-gonic/gin.(*Context).Next
	D:/goproject/pkg/mod/github.com/gin-gonic/gin@v1.7.7/context.go:168
github.com/gin-gonic/gin.(*Engine).handleHTTPRequest
	D:/goproject/pkg/mod/github.com/gin-gonic/gin@v1.7.7/gin.go:555
github.com/gin-gonic/gin.(*Engine).ServeHTTP
	D:/goproject/pkg/mod/github.com/gin-gonic/gin@v1.7.7/gin.go:511
net/http.serverHandler.ServeHTTP
	C:/Program Files/Go/src/net/http/server.go:2878
net/http.(*conn).serve
	C:/Program Files/Go/src/net/http/server.go:1929
2022-07-07T15:46:40.867+0800	[31mERROR[0m	controller/handler.go:31	runtime error: slice bounds out of range [20:1]
github.com/GoAdminGroup/go-admin/plugins/admin/controller.(*Handler).GlobalDeferHandler
	F:/go-admin/admin/go-admin@v1.2.23/plugins/admin/controller/handler.go:31
runtime.gopanic
	C:/Program Files/Go/src/runtime/panic.go:1047
runtime.goPanicSliceB
	C:/Program Files/Go/src/runtime/panic.go:118
admin/pages/AutoPages.GetOperationServer.func3
	F:/go-admin/admin/pages/AutoPages/operation_servers.go:92
github.com/GoAdminGroup/go-admin/plugins/admin/modules/table.(*DefaultTable).GetDataWithId
	F:/go-admin/admin/go-admin@v1.2.23/plugins/admin/modules/table/default.go:642
github.com/GoAdminGroup/go-admin/plugins/admin/controller.(*Handler).showForm
	F:/go-admin/admin/go-admin@v1.2.23/plugins/admin/controller/edit.go:61
github.com/GoAdminGroup/go-admin/plugins/admin/controller.(*Handler).ShowForm
	F:/go-admin/admin/go-admin@v1.2.23/plugins/admin/controller/edit.go:31
github.com/GoAdminGroup/go-admin/context.(*Context).Next
	F:/go-admin/admin/go-admin@v1.2.23/context/context.go:101
github.com/GoAdminGroup/go-admin/plugins/admin/modules/guard.(*Guard).ShowForm
	F:/go-admin/admin/go-admin@v1.2.23/plugins/admin/modules/guard/edit.go:72
github.com/GoAdminGroup/go-admin/context.(*Context).Next
	F:/go-admin/admin/go-admin@v1.2.23/context/context.go:101
github.com/GoAdminGroup/go-admin/plugins/admin/modules/guard.(*Guard).CheckPrefix
	F:/go-admin/admin/go-admin@v1.2.23/plugins/admin/modules/guard/guard.go:51
github.com/GoAdminGroup/go-admin/context.(*Context).Next
	F:/go-admin/admin/go-admin@v1.2.23/context/context.go:101
github.com/GoAdminGroup/go-admin/modules/auth.(*Invoker).Middleware.func1
	F:/go-admin/admin/go-admin@v1.2.23/modules/auth/middleware.go:132
github.com/GoAdminGroup/go-admin/context.(*Context).Next
	F:/go-admin/admin/go-admin@v1.2.23/context/context.go:101
github.com/GoAdminGroup/go-admin/plugins/admin.(*Admin).globalErrorHandler
	F:/go-admin/admin/go-admin@v1.2.23/plugins/admin/router.go:106
github.com/GoAdminGroup/go-admin/context.(*Context).Next
	F:/go-admin/admin/go-admin@v1.2.23/context/context.go:101
github.com/GoAdminGroup/go-admin/adapter/gin.(*Gin).AddHandler.func1
	F:/go-admin/admin/go-admin@v1.2.23/adapter/gin/gin.go:91
github.com/gin-gonic/gin.(*Context).Next
	D:/goproject/pkg/mod/github.com/gin-gonic/gin@v1.7.7/context.go:168
github.com/gin-gonic/gin.CustomRecoveryWithWriter.func1
	D:/goproject/pkg/mod/github.com/gin-gonic/gin@v1.7.7/recovery.go:99
github.com/gin-gonic/gin.(*Context).Next
	D:/goproject/pkg/mod/github.com/gin-gonic/gin@v1.7.7/context.go:168
github.com/gin-gonic/gin.LoggerWithConfig.func1
	D:/goproject/pkg/mod/github.com/gin-gonic/gin@v1.7.7/logger.go:241
github.com/gin-gonic/gin.(*Context).Next
	D:/goproject/pkg/mod/github.com/gin-gonic/gin@v1.7.7/context.go:168
github.com/gin-gonic/gin.(*Engine).handleHTTPRequest
	D:/goproject/pkg/mod/github.com/gin-gonic/gin@v1.7.7/gin.go:555
github.com/gin-gonic/gin.(*Engine).ServeHTTP
	D:/goproject/pkg/mod/github.com/gin-gonic/gin@v1.7.7/gin.go:511
net/http.serverHandler.ServeHTTP
	C:/Program Files/Go/src/net/http/server.go:2878
net/http.(*conn).serve
	C:/Program Files/Go/src/net/http/server.go:1929
2022-07-07T15:46:40.942+0800	[31mERROR[0m	controller/handler.go:31	runtime error: slice bounds out of range [20:1]
github.com/GoAdminGroup/go-admin/plugins/admin/controller.(*Handler).GlobalDeferHandler
	F:/go-admin/admin/go-admin@v1.2.23/plugins/admin/controller/handler.go:31
runtime.gopanic
	C:/Program Files/Go/src/runtime/panic.go:1047
runtime.goPanicSliceB
	C:/Program Files/Go/src/runtime/panic.go:118
admin/pages/AutoPages.GetOperationServer.func3
	F:/go-admin/admin/pages/AutoPages/operation_servers.go:92
github.com/GoAdminGroup/go-admin/plugins/admin/modules/table.(*DefaultTable).GetDataWithId
	F:/go-admin/admin/go-admin@v1.2.23/plugins/admin/modules/table/default.go:642
github.com/GoAdminGroup/go-admin/plugins/admin/controller.(*Handler).showForm
	F:/go-admin/admin/go-admin@v1.2.23/plugins/admin/controller/edit.go:61
github.com/GoAdminGroup/go-admin/plugins/admin/controller.(*Handler).ShowForm
	F:/go-admin/admin/go-admin@v1.2.23/plugins/admin/controller/edit.go:31
github.com/GoAdminGroup/go-admin/context.(*Context).Next
	F:/go-admin/admin/go-admin@v1.2.23/context/context.go:101
github.com/GoAdminGroup/go-admin/plugins/admin/modules/guard.(*Guard).ShowForm
	F:/go-admin/admin/go-admin@v1.2.23/plugins/admin/modules/guard/edit.go:72
github.com/GoAdminGroup/go-admin/context.(*Context).Next
	F:/go-admin/admin/go-admin@v1.2.23/context/context.go:101
github.com/GoAdminGroup/go-admin/plugins/admin/modules/guard.(*Guard).CheckPrefix
	F:/go-admin/admin/go-admin@v1.2.23/plugins/admin/modules/guard/guard.go:51
github.com/GoAdminGroup/go-admin/context.(*Context).Next
	F:/go-admin/admin/go-admin@v1.2.23/context/context.go:101
github.com/GoAdminGroup/go-admin/modules/auth.(*Invoker).Middleware.func1
	F:/go-admin/admin/go-admin@v1.2.23/modules/auth/middleware.go:132
github.com/GoAdminGroup/go-admin/context.(*Context).Next
	F:/go-admin/admin/go-admin@v1.2.23/context/context.go:101
github.com/GoAdminGroup/go-admin/plugins/admin.(*Admin).globalErrorHandler
	F:/go-admin/admin/go-admin@v1.2.23/plugins/admin/router.go:106
github.com/GoAdminGroup/go-admin/context.(*Context).Next
	F:/go-admin/admin/go-admin@v1.2.23/context/context.go:101
github.com/GoAdminGroup/go-admin/adapter/gin.(*Gin).AddHandler.func1
	F:/go-admin/admin/go-admin@v1.2.23/adapter/gin/gin.go:91
github.com/gin-gonic/gin.(*Context).Next
	D:/goproject/pkg/mod/github.com/gin-gonic/gin@v1.7.7/context.go:168
github.com/gin-gonic/gin.CustomRecoveryWithWriter.func1
	D:/goproject/pkg/mod/github.com/gin-gonic/gin@v1.7.7/recovery.go:99
github.com/gin-gonic/gin.(*Context).Next
	D:/goproject/pkg/mod/github.com/gin-gonic/gin@v1.7.7/context.go:168
github.com/gin-gonic/gin.LoggerWithConfig.func1
	D:/goproject/pkg/mod/github.com/gin-gonic/gin@v1.7.7/logger.go:241
github.com/gin-gonic/gin.(*Context).Next
	D:/goproject/pkg/mod/github.com/gin-gonic/gin@v1.7.7/context.go:168
github.com/gin-gonic/gin.(*Engine).handleHTTPRequest
	D:/goproject/pkg/mod/github.com/gin-gonic/gin@v1.7.7/gin.go:555
github.com/gin-gonic/gin.(*Engine).ServeHTTP
	D:/goproject/pkg/mod/github.com/gin-gonic/gin@v1.7.7/gin.go:511
net/http.serverHandler.ServeHTTP
	C:/Program Files/Go/src/net/http/server.go:2878
net/http.(*conn).serve
	C:/Program Files/Go/src/net/http/server.go:1929
2022-07-09T12:13:39.731+0800	[31mERROR[0m	engine/engine.go:323	runtime error: invalid memory address or nil pointer dereference
github.com/GoAdminGroup/go-admin/engine.(*Engine).deferHandler.func1.1
	F:/go-admin/admin/go-admin@v1.2.23/engine/engine.go:323
runtime.gopanic
	C:/Program Files/Go/src/runtime/panic.go:1047
runtime.panicmem
	C:/Program Files/Go/src/runtime/panic.go:221
runtime.sigpanic
	C:/Program Files/Go/src/runtime/signal_windows.go:254
github.com/GoAdminGroup/go-admin/modules/db.WithDriver
	F:/go-admin/admin/go-admin@v1.2.23/modules/db/statement.go:74
github.com/GoAdminGroup/go-admin/modules/menu.GetGlobalMenu
	F:/go-admin/admin/go-admin@v1.2.23/modules/menu/menu.go:184
github.com/GoAdminGroup/go-admin/plugins/admin/modules/response.Alert
	F:/go-admin/admin/go-admin@v1.2.23/plugins/admin/modules/response/response.go:68
admin/pages/AutoPages.HotfixServer
	F:/go-admin/admin/pages/AutoPages/operation_servers.go:855
github.com/GoAdminGroup/go-admin/context.(*Context).Next
	F:/go-admin/admin/go-admin@v1.2.23/context/context.go:101
github.com/GoAdminGroup/go-admin/modules/auth.(*Invoker).Middleware.func1
	F:/go-admin/admin/go-admin@v1.2.23/modules/auth/middleware.go:132
github.com/GoAdminGroup/go-admin/context.(*Context).Next
	F:/go-admin/admin/go-admin@v1.2.23/context/context.go:101
github.com/GoAdminGroup/go-admin/engine.(*Engine).deferHandler.func1
	F:/go-admin/admin/go-admin@v1.2.23/engine/engine.go:350
github.com/GoAdminGroup/go-admin/context.(*Context).Next
	F:/go-admin/admin/go-admin@v1.2.23/context/context.go:101
github.com/GoAdminGroup/go-admin/adapter/gin.(*Gin).AddHandler.func1
	F:/go-admin/admin/go-admin@v1.2.23/adapter/gin/gin.go:91
github.com/gin-gonic/gin.(*Context).Next
	D:/goproject/pkg/mod/github.com/gin-gonic/gin@v1.7.7/context.go:168
github.com/gin-gonic/gin.CustomRecoveryWithWriter.func1
	D:/goproject/pkg/mod/github.com/gin-gonic/gin@v1.7.7/recovery.go:99
github.com/gin-gonic/gin.(*Context).Next
	D:/goproject/pkg/mod/github.com/gin-gonic/gin@v1.7.7/context.go:168
github.com/gin-gonic/gin.LoggerWithConfig.func1
	D:/goproject/pkg/mod/github.com/gin-gonic/gin@v1.7.7/logger.go:241
github.com/gin-gonic/gin.(*Context).Next
	D:/goproject/pkg/mod/github.com/gin-gonic/gin@v1.7.7/context.go:168
github.com/gin-gonic/gin.(*Engine).handleHTTPRequest
	D:/goproject/pkg/mod/github.com/gin-gonic/gin@v1.7.7/gin.go:555
github.com/gin-gonic/gin.(*Engine).ServeHTTP
	D:/goproject/pkg/mod/github.com/gin-gonic/gin@v1.7.7/gin.go:511
net/http.serverHandler.ServeHTTP
	C:/Program Files/Go/src/net/http/server.go:2878
net/http.(*conn).serve
	C:/Program Files/Go/src/net/http/server.go:1929
2022-07-09T12:13:39.733+0800	[31mERROR[0m	engine/engine.go:324	goroutine 287 [running]:
runtime/debug.Stack()
	C:/Program Files/Go/src/runtime/debug/stack.go:24 +0x7a
github.com/GoAdminGroup/go-admin/engine.(*Engine).deferHandler.func1.1(0xc0003a2200)
	F:/go-admin/admin/go-admin@v1.2.23/engine/engine.go:324 +0x496
panic({0x15be340, 0x251e5f0})
	C:/Program Files/Go/src/runtime/panic.go:1047 +0x262
github.com/GoAdminGroup/go-admin/modules/db.WithDriver({0x0, 0x0})
	F:/go-admin/admin/go-admin@v1.2.23/modules/db/statement.go:74 +0x6f
github.com/GoAdminGroup/go-admin/modules/menu.GetGlobalMenu({{{0xc0009f23c0, 0xd}, {0x1ba0da0, 0xc0007c4da0}, 0x0}, 0x1, {0xc0007804e0, 0x5}, {0xc0007804a9, 0x5}, ...}, ...)
	F:/go-admin/admin/go-admin@v1.2.23/modules/menu/menu.go:184 +0x1ca
github.com/GoAdminGroup/go-admin/plugins/admin/modules/response.Alert(0xc0003a2200, {0x16d66e7, 0x12}, {0x16ca2ee, 0xc}, {0x16d66e7, 0x12}, {0x0, 0x0}, 0x0, ...)
	F:/go-admin/admin/go-admin@v1.2.23/plugins/admin/modules/response/response.go:68 +0x2ec
admin/pages/AutoPages.HotfixServer(0xc0003a2200)
	F:/go-admin/admin/pages/AutoPages/operation_servers.go:855 +0x265
github.com/GoAdminGroup/go-admin/context.(*Context).Next(0xc0003a2200)
	F:/go-admin/admin/go-admin@v1.2.23/context/context.go:101 +0x88
github.com/GoAdminGroup/go-admin/modules/auth.(*Invoker).Middleware.func1(0xc0003a2200)
	F:/go-admin/admin/go-admin@v1.2.23/modules/auth/middleware.go:132 +0x1c6
github.com/GoAdminGroup/go-admin/context.(*Context).Next(0xc0003a2200)
	F:/go-admin/admin/go-admin@v1.2.23/context/context.go:101 +0x88
github.com/GoAdminGroup/go-admin/engine.(*Engine).deferHandler.func1(0xc0003a2200)
	F:/go-admin/admin/go-admin@v1.2.23/engine/engine.go:350 +0x145
github.com/GoAdminGroup/go-admin/context.(*Context).Next(0xc0003a2200)
	F:/go-admin/admin/go-admin@v1.2.23/context/context.go:101 +0x88
github.com/GoAdminGroup/go-admin/adapter/gin.(*Gin).AddHandler.func1(0xc000986000)
	F:/go-admin/admin/go-admin@v1.2.23/adapter/gin/gin.go:91 +0x112
github.com/gin-gonic/gin.(*Context).Next(0xc000986000)
	D:/goproject/pkg/mod/github.com/gin-gonic/gin@v1.7.7/context.go:168 +0x7d
github.com/gin-gonic/gin.CustomRecoveryWithWriter.func1(0xc000986000)
	D:/goproject/pkg/mod/github.com/gin-gonic/gin@v1.7.7/recovery.go:99 +0xc5
github.com/gin-gonic/gin.(*Context).Next(0xc000986000)
	D:/goproject/pkg/mod/github.com/gin-gonic/gin@v1.7.7/context.go:168 +0x7d
github.com/gin-gonic/gin.LoggerWithConfig.func1(0xc000986000)
	D:/goproject/pkg/mod/github.com/gin-gonic/gin@v1.7.7/logger.go:241 +0xf2
github.com/gin-gonic/gin.(*Context).Next(0xc000986000)
	D:/goproject/pkg/mod/github.com/gin-gonic/gin@v1.7.7/context.go:168 +0x7d
github.com/gin-gonic/gin.(*Engine).handleHTTPRequest(0xc000604680, 0xc000986000)
	D:/goproject/pkg/mod/github.com/gin-gonic/gin@v1.7.7/gin.go:555 +0x429
github.com/gin-gonic/gin.(*Engine).ServeHTTP(0xc000604680, {0x1b80da8, 0xc0007c8380}, 0xc0001d0100)
	D:/goproject/pkg/mod/github.com/gin-gonic/gin@v1.7.7/gin.go:511 +0xbb
net/http.serverHandler.ServeHTTP({0xc0007c80e0}, {0x1b80da8, 0xc0007c8380}, 0xc0001d0100)
	C:/Program Files/Go/src/net/http/server.go:2878 +0x47a
net/http.(*conn).serve(0xc00045de00, {0x1b85f88, 0xc000156040})
	C:/Program Files/Go/src/net/http/server.go:1929 +0x18b8
created by net/http.(*Server).Serve
	C:/Program Files/Go/src/net/http/server.go:3033 +0xa38

github.com/GoAdminGroup/go-admin/engine.(*Engine).deferHandler.func1.1
	F:/go-admin/admin/go-admin@v1.2.23/engine/engine.go:324
runtime.gopanic
	C:/Program Files/Go/src/runtime/panic.go:1047
runtime.panicmem
	C:/Program Files/Go/src/runtime/panic.go:221
runtime.sigpanic
	C:/Program Files/Go/src/runtime/signal_windows.go:254
github.com/GoAdminGroup/go-admin/modules/db.WithDriver
	F:/go-admin/admin/go-admin@v1.2.23/modules/db/statement.go:74
github.com/GoAdminGroup/go-admin/modules/menu.GetGlobalMenu
	F:/go-admin/admin/go-admin@v1.2.23/modules/menu/menu.go:184
github.com/GoAdminGroup/go-admin/plugins/admin/modules/response.Alert
	F:/go-admin/admin/go-admin@v1.2.23/plugins/admin/modules/response/response.go:68
admin/pages/AutoPages.HotfixServer
	F:/go-admin/admin/pages/AutoPages/operation_servers.go:855
github.com/GoAdminGroup/go-admin/context.(*Context).Next
	F:/go-admin/admin/go-admin@v1.2.23/context/context.go:101
github.com/GoAdminGroup/go-admin/modules/auth.(*Invoker).Middleware.func1
	F:/go-admin/admin/go-admin@v1.2.23/modules/auth/middleware.go:132
github.com/GoAdminGroup/go-admin/context.(*Context).Next
	F:/go-admin/admin/go-admin@v1.2.23/context/context.go:101
github.com/GoAdminGroup/go-admin/engine.(*Engine).deferHandler.func1
	F:/go-admin/admin/go-admin@v1.2.23/engine/engine.go:350
github.com/GoAdminGroup/go-admin/context.(*Context).Next
	F:/go-admin/admin/go-admin@v1.2.23/context/context.go:101
github.com/GoAdminGroup/go-admin/adapter/gin.(*Gin).AddHandler.func1
	F:/go-admin/admin/go-admin@v1.2.23/adapter/gin/gin.go:91
github.com/gin-gonic/gin.(*Context).Next
	D:/goproject/pkg/mod/github.com/gin-gonic/gin@v1.7.7/context.go:168
github.com/gin-gonic/gin.CustomRecoveryWithWriter.func1
	D:/goproject/pkg/mod/github.com/gin-gonic/gin@v1.7.7/recovery.go:99
github.com/gin-gonic/gin.(*Context).Next
	D:/goproject/pkg/mod/github.com/gin-gonic/gin@v1.7.7/context.go:168
github.com/gin-gonic/gin.LoggerWithConfig.func1
	D:/goproject/pkg/mod/github.com/gin-gonic/gin@v1.7.7/logger.go:241
github.com/gin-gonic/gin.(*Context).Next
	D:/goproject/pkg/mod/github.com/gin-gonic/gin@v1.7.7/context.go:168
github.com/gin-gonic/gin.(*Engine).handleHTTPRequest
	D:/goproject/pkg/mod/github.com/gin-gonic/gin@v1.7.7/gin.go:555
github.com/gin-gonic/gin.(*Engine).ServeHTTP
	D:/goproject/pkg/mod/github.com/gin-gonic/gin@v1.7.7/gin.go:511
net/http.serverHandler.ServeHTTP
	C:/Program Files/Go/src/net/http/server.go:2878
net/http.(*conn).serve
	C:/Program Files/Go/src/net/http/server.go:1929
2022-07-20T18:43:12.232+0800	[31mERROR[0m	controller/handler.go:31	runtime error: invalid memory address or nil pointer dereference
github.com/GoAdminGroup/go-admin/plugins/admin/controller.(*Handler).GlobalDeferHandler
	F:/go-admin/admin/go-admin@v1.2.23/plugins/admin/controller/handler.go:31
runtime.gopanic
	C:/Program Files/Go/src/runtime/panic.go:1047
runtime.panicmem
	C:/Program Files/Go/src/runtime/panic.go:221
runtime.sigpanic
	C:/Program Files/Go/src/runtime/signal_windows.go:254
gorm.io/gorm.(*DB).getInstance
	D:/goproject/pkg/mod/gorm.io/gorm@v1.23.1/gorm.go:363
gorm.io/gorm.(*DB).Table
	D:/goproject/pkg/mod/gorm.io/gorm@v1.23.1/chainable_api.go:48
admin/fusion.parsePersonalShop
	F:/go-admin/admin/fusion/Tools.go:1210
admin/fusion.ParseFlowParams4FlowType
	F:/go-admin/admin/fusion/Tools.go:1075
admin/pages/AutoPages.GetLogPlayerMoneysTable.func3
	F:/go-admin/admin/pages/AutoPages/log_player_moneys.go:100
github.com/GoAdminGroup/go-admin/template/types.FieldDisplay.ToDisplay
	F:/go-admin/admin/go-admin@v1.2.23/template/types/display.go:39
github.com/GoAdminGroup/go-admin/plugins/admin/modules/table.(*DefaultTable).getTempModelData
	F:/go-admin/admin/go-admin@v1.2.23/plugins/admin/modules/table/default.go:308
github.com/GoAdminGroup/go-admin/plugins/admin/modules/table.(*DefaultTable).GetData
	F:/go-admin/admin/go-admin@v1.2.23/plugins/admin/modules/table/default.go:154
github.com/GoAdminGroup/go-admin/plugins/admin/controller.(*Handler).showTableData
	F:/go-admin/admin/go-admin@v1.2.23/plugins/admin/controller/show.go:70
github.com/GoAdminGroup/go-admin/plugins/admin/controller.(*Handler).showTable
	F:/go-admin/admin/go-admin@v1.2.23/plugins/admin/controller/show.go:102
github.com/GoAdminGroup/go-admin/plugins/admin/controller.(*Handler).ShowInfo
	F:/go-admin/admin/go-admin@v1.2.23/plugins/admin/controller/show.go:60
github.com/GoAdminGroup/go-admin/context.(*Context).Next
	F:/go-admin/admin/go-admin@v1.2.23/context/context.go:101
github.com/GoAdminGroup/go-admin/plugins/admin/modules/guard.(*Guard).CheckPrefix
	F:/go-admin/admin/go-admin@v1.2.23/plugins/admin/modules/guard/guard.go:51
github.com/GoAdminGroup/go-admin/context.(*Context).Next
	F:/go-admin/admin/go-admin@v1.2.23/context/context.go:101
github.com/GoAdminGroup/go-admin/modules/auth.(*Invoker).Middleware.func1
	F:/go-admin/admin/go-admin@v1.2.23/modules/auth/middleware.go:132
github.com/GoAdminGroup/go-admin/context.(*Context).Next
	F:/go-admin/admin/go-admin@v1.2.23/context/context.go:101
github.com/GoAdminGroup/go-admin/plugins/admin.(*Admin).globalErrorHandler
	F:/go-admin/admin/go-admin@v1.2.23/plugins/admin/router.go:106
github.com/GoAdminGroup/go-admin/context.(*Context).Next
	F:/go-admin/admin/go-admin@v1.2.23/context/context.go:101
github.com/GoAdminGroup/go-admin/adapter/gin.(*Gin).AddHandler.func1
	F:/go-admin/admin/go-admin@v1.2.23/adapter/gin/gin.go:91
github.com/gin-gonic/gin.(*Context).Next
	D:/goproject/pkg/mod/github.com/gin-gonic/gin@v1.7.7/context.go:168
github.com/gin-gonic/gin.CustomRecoveryWithWriter.func1
	D:/goproject/pkg/mod/github.com/gin-gonic/gin@v1.7.7/recovery.go:99
github.com/gin-gonic/gin.(*Context).Next
	D:/goproject/pkg/mod/github.com/gin-gonic/gin@v1.7.7/context.go:168
github.com/gin-gonic/gin.LoggerWithConfig.func1
	D:/goproject/pkg/mod/github.com/gin-gonic/gin@v1.7.7/logger.go:241
github.com/gin-gonic/gin.(*Context).Next
	D:/goproject/pkg/mod/github.com/gin-gonic/gin@v1.7.7/context.go:168
github.com/gin-gonic/gin.(*Engine).handleHTTPRequest
	D:/goproject/pkg/mod/github.com/gin-gonic/gin@v1.7.7/gin.go:555
github.com/gin-gonic/gin.(*Engine).ServeHTTP
	D:/goproject/pkg/mod/github.com/gin-gonic/gin@v1.7.7/gin.go:511
net/http.serverHandler.ServeHTTP
	C:/Program Files/Go/src/net/http/server.go:2878
net/http.(*conn).serve
	C:/Program Files/Go/src/net/http/server.go:1929
2022-07-20T18:47:31.875+0800	[31mERROR[0m	controller/handler.go:31	runtime error: invalid memory address or nil pointer dereference
github.com/GoAdminGroup/go-admin/plugins/admin/controller.(*Handler).GlobalDeferHandler
	F:/go-admin/admin/go-admin@v1.2.23/plugins/admin/controller/handler.go:31
runtime.gopanic
	C:/Program Files/Go/src/runtime/panic.go:1047
runtime.panicmem
	C:/Program Files/Go/src/runtime/panic.go:221
runtime.sigpanic
	C:/Program Files/Go/src/runtime/signal_windows.go:254
gorm.io/gorm.(*DB).getInstance
	D:/goproject/pkg/mod/gorm.io/gorm@v1.23.1/gorm.go:363
gorm.io/gorm.(*DB).Table
	D:/goproject/pkg/mod/gorm.io/gorm@v1.23.1/chainable_api.go:48
admin/fusion.parsePersonalShop
	F:/go-admin/admin/fusion/Tools.go:1210
admin/fusion.ParseFlowParams4FlowType
	F:/go-admin/admin/fusion/Tools.go:1075
admin/pages/AutoPages.GetLogPlayerMoneysTable.func3
	F:/go-admin/admin/pages/AutoPages/log_player_moneys.go:99
github.com/GoAdminGroup/go-admin/template/types.FieldDisplay.ToDisplay
	F:/go-admin/admin/go-admin@v1.2.23/template/types/display.go:39
github.com/GoAdminGroup/go-admin/plugins/admin/modules/table.(*DefaultTable).getTempModelData
	F:/go-admin/admin/go-admin@v1.2.23/plugins/admin/modules/table/default.go:308
github.com/GoAdminGroup/go-admin/plugins/admin/modules/table.(*DefaultTable).GetData
	F:/go-admin/admin/go-admin@v1.2.23/plugins/admin/modules/table/default.go:154
github.com/GoAdminGroup/go-admin/plugins/admin/controller.(*Handler).showTableData
	F:/go-admin/admin/go-admin@v1.2.23/plugins/admin/controller/show.go:70
github.com/GoAdminGroup/go-admin/plugins/admin/controller.(*Handler).showTable
	F:/go-admin/admin/go-admin@v1.2.23/plugins/admin/controller/show.go:102
github.com/GoAdminGroup/go-admin/plugins/admin/controller.(*Handler).ShowInfo
	F:/go-admin/admin/go-admin@v1.2.23/plugins/admin/controller/show.go:60
github.com/GoAdminGroup/go-admin/context.(*Context).Next
	F:/go-admin/admin/go-admin@v1.2.23/context/context.go:101
github.com/GoAdminGroup/go-admin/plugins/admin/modules/guard.(*Guard).CheckPrefix
	F:/go-admin/admin/go-admin@v1.2.23/plugins/admin/modules/guard/guard.go:51
github.com/GoAdminGroup/go-admin/context.(*Context).Next
	F:/go-admin/admin/go-admin@v1.2.23/context/context.go:101
github.com/GoAdminGroup/go-admin/modules/auth.(*Invoker).Middleware.func1
	F:/go-admin/admin/go-admin@v1.2.23/modules/auth/middleware.go:132
github.com/GoAdminGroup/go-admin/context.(*Context).Next
	F:/go-admin/admin/go-admin@v1.2.23/context/context.go:101
github.com/GoAdminGroup/go-admin/plugins/admin.(*Admin).globalErrorHandler
	F:/go-admin/admin/go-admin@v1.2.23/plugins/admin/router.go:106
github.com/GoAdminGroup/go-admin/context.(*Context).Next
	F:/go-admin/admin/go-admin@v1.2.23/context/context.go:101
github.com/GoAdminGroup/go-admin/adapter/gin.(*Gin).AddHandler.func1
	F:/go-admin/admin/go-admin@v1.2.23/adapter/gin/gin.go:91
github.com/gin-gonic/gin.(*Context).Next
	D:/goproject/pkg/mod/github.com/gin-gonic/gin@v1.7.7/context.go:168
github.com/gin-gonic/gin.CustomRecoveryWithWriter.func1
	D:/goproject/pkg/mod/github.com/gin-gonic/gin@v1.7.7/recovery.go:99
github.com/gin-gonic/gin.(*Context).Next
	D:/goproject/pkg/mod/github.com/gin-gonic/gin@v1.7.7/context.go:168
github.com/gin-gonic/gin.LoggerWithConfig.func1
	D:/goproject/pkg/mod/github.com/gin-gonic/gin@v1.7.7/logger.go:241
github.com/gin-gonic/gin.(*Context).Next
	D:/goproject/pkg/mod/github.com/gin-gonic/gin@v1.7.7/context.go:168
github.com/gin-gonic/gin.(*Engine).handleHTTPRequest
	D:/goproject/pkg/mod/github.com/gin-gonic/gin@v1.7.7/gin.go:555
github.com/gin-gonic/gin.(*Engine).ServeHTTP
	D:/goproject/pkg/mod/github.com/gin-gonic/gin@v1.7.7/gin.go:511
net/http.serverHandler.ServeHTTP
	C:/Program Files/Go/src/net/http/server.go:2878
net/http.(*conn).serve
	C:/Program Files/Go/src/net/http/server.go:1929
2022-07-26T18:30:38.138+0800	[31mERROR[0m	controller/handler.go:31	runtime error: index out of range [2] with length 2
github.com/GoAdminGroup/go-admin/plugins/admin/controller.(*Handler).GlobalDeferHandler
	F:/go-admin/admin/go-admin@v1.2.23/plugins/admin/controller/handler.go:31
runtime.gopanic
	C:/Program Files/Go/src/runtime/panic.go:1047
runtime.goPanicIndex
	C:/Program Files/Go/src/runtime/panic.go:90
admin/fusion.parseLoot
	F:/go-admin/admin/fusion/Tools.go:1141
admin/fusion.ParseFlowParams4FlowType
	F:/go-admin/admin/fusion/Tools.go:1054
admin/pages/AutoPages.GetLogPlayerItemsTable.func2
	F:/go-admin/admin/pages/AutoPages/log_player_items.go:93
github.com/GoAdminGroup/go-admin/template/types.FieldDisplay.ToDisplay
	F:/go-admin/admin/go-admin@v1.2.23/template/types/display.go:39
github.com/GoAdminGroup/go-admin/plugins/admin/modules/table.(*DefaultTable).getTempModelData
	F:/go-admin/admin/go-admin@v1.2.23/plugins/admin/modules/table/default.go:308
github.com/GoAdminGroup/go-admin/plugins/admin/modules/table.(*DefaultTable).GetData
	F:/go-admin/admin/go-admin@v1.2.23/plugins/admin/modules/table/default.go:154
github.com/GoAdminGroup/go-admin/plugins/admin/controller.(*Handler).showTableData
	F:/go-admin/admin/go-admin@v1.2.23/plugins/admin/controller/show.go:70
github.com/GoAdminGroup/go-admin/plugins/admin/controller.(*Handler).showTable
	F:/go-admin/admin/go-admin@v1.2.23/plugins/admin/controller/show.go:102
github.com/GoAdminGroup/go-admin/plugins/admin/controller.(*Handler).ShowInfo
	F:/go-admin/admin/go-admin@v1.2.23/plugins/admin/controller/show.go:60
github.com/GoAdminGroup/go-admin/context.(*Context).Next
	F:/go-admin/admin/go-admin@v1.2.23/context/context.go:101
github.com/GoAdminGroup/go-admin/plugins/admin/modules/guard.(*Guard).CheckPrefix
	F:/go-admin/admin/go-admin@v1.2.23/plugins/admin/modules/guard/guard.go:51
github.com/GoAdminGroup/go-admin/context.(*Context).Next
	F:/go-admin/admin/go-admin@v1.2.23/context/context.go:101
github.com/GoAdminGroup/go-admin/modules/auth.(*Invoker).Middleware.func1
	F:/go-admin/admin/go-admin@v1.2.23/modules/auth/middleware.go:132
github.com/GoAdminGroup/go-admin/context.(*Context).Next
	F:/go-admin/admin/go-admin@v1.2.23/context/context.go:101
github.com/GoAdminGroup/go-admin/plugins/admin.(*Admin).globalErrorHandler
	F:/go-admin/admin/go-admin@v1.2.23/plugins/admin/router.go:106
github.com/GoAdminGroup/go-admin/context.(*Context).Next
	F:/go-admin/admin/go-admin@v1.2.23/context/context.go:101
github.com/GoAdminGroup/go-admin/adapter/gin.(*Gin).AddHandler.func1
	F:/go-admin/admin/go-admin@v1.2.23/adapter/gin/gin.go:91
github.com/gin-gonic/gin.(*Context).Next
	D:/goproject/pkg/mod/github.com/gin-gonic/gin@v1.7.7/context.go:168
github.com/gin-gonic/gin.CustomRecoveryWithWriter.func1
	D:/goproject/pkg/mod/github.com/gin-gonic/gin@v1.7.7/recovery.go:99
github.com/gin-gonic/gin.(*Context).Next
	D:/goproject/pkg/mod/github.com/gin-gonic/gin@v1.7.7/context.go:168
github.com/gin-gonic/gin.LoggerWithConfig.func1
	D:/goproject/pkg/mod/github.com/gin-gonic/gin@v1.7.7/logger.go:241
github.com/gin-gonic/gin.(*Context).Next
	D:/goproject/pkg/mod/github.com/gin-gonic/gin@v1.7.7/context.go:168
github.com/gin-gonic/gin.(*Engine).handleHTTPRequest
	D:/goproject/pkg/mod/github.com/gin-gonic/gin@v1.7.7/gin.go:555
github.com/gin-gonic/gin.(*Engine).ServeHTTP
	D:/goproject/pkg/mod/github.com/gin-gonic/gin@v1.7.7/gin.go:511
net/http.serverHandler.ServeHTTP
	C:/Program Files/Go/src/net/http/server.go:2878
net/http.(*conn).serve
	C:/Program Files/Go/src/net/http/server.go:1929
2022-07-26T18:33:52.883+0800	[31mERROR[0m	controller/handler.go:31	runtime error: index out of range [2] with length 2
github.com/GoAdminGroup/go-admin/plugins/admin/controller.(*Handler).GlobalDeferHandler
	F:/go-admin/admin/go-admin@v1.2.23/plugins/admin/controller/handler.go:31
runtime.gopanic
	C:/Program Files/Go/src/runtime/panic.go:1047
runtime.goPanicIndex
	C:/Program Files/Go/src/runtime/panic.go:90
admin/fusion.parseLoot
	F:/go-admin/admin/fusion/Tools.go:1142
admin/fusion.ParseFlowParams4FlowType
	F:/go-admin/admin/fusion/Tools.go:1054
admin/pages/AutoPages.GetLogPlayerItemsTable.func2
	F:/go-admin/admin/pages/AutoPages/log_player_items.go:93
github.com/GoAdminGroup/go-admin/template/types.FieldDisplay.ToDisplay
	F:/go-admin/admin/go-admin@v1.2.23/template/types/display.go:39
github.com/GoAdminGroup/go-admin/plugins/admin/modules/table.(*DefaultTable).getTempModelData
	F:/go-admin/admin/go-admin@v1.2.23/plugins/admin/modules/table/default.go:308
github.com/GoAdminGroup/go-admin/plugins/admin/modules/table.(*DefaultTable).GetData
	F:/go-admin/admin/go-admin@v1.2.23/plugins/admin/modules/table/default.go:154
github.com/GoAdminGroup/go-admin/plugins/admin/controller.(*Handler).showTableData
	F:/go-admin/admin/go-admin@v1.2.23/plugins/admin/controller/show.go:70
github.com/GoAdminGroup/go-admin/plugins/admin/controller.(*Handler).showTable
	F:/go-admin/admin/go-admin@v1.2.23/plugins/admin/controller/show.go:102
github.com/GoAdminGroup/go-admin/plugins/admin/controller.(*Handler).ShowInfo
	F:/go-admin/admin/go-admin@v1.2.23/plugins/admin/controller/show.go:60
github.com/GoAdminGroup/go-admin/context.(*Context).Next
	F:/go-admin/admin/go-admin@v1.2.23/context/context.go:101
github.com/GoAdminGroup/go-admin/plugins/admin/modules/guard.(*Guard).CheckPrefix
	F:/go-admin/admin/go-admin@v1.2.23/plugins/admin/modules/guard/guard.go:51
github.com/GoAdminGroup/go-admin/context.(*Context).Next
	F:/go-admin/admin/go-admin@v1.2.23/context/context.go:101
github.com/GoAdminGroup/go-admin/modules/auth.(*Invoker).Middleware.func1
	F:/go-admin/admin/go-admin@v1.2.23/modules/auth/middleware.go:132
github.com/GoAdminGroup/go-admin/context.(*Context).Next
	F:/go-admin/admin/go-admin@v1.2.23/context/context.go:101
github.com/GoAdminGroup/go-admin/plugins/admin.(*Admin).globalErrorHandler
	F:/go-admin/admin/go-admin@v1.2.23/plugins/admin/router.go:106
github.com/GoAdminGroup/go-admin/context.(*Context).Next
	F:/go-admin/admin/go-admin@v1.2.23/context/context.go:101
github.com/GoAdminGroup/go-admin/adapter/gin.(*Gin).AddHandler.func1
	F:/go-admin/admin/go-admin@v1.2.23/adapter/gin/gin.go:91
github.com/gin-gonic/gin.(*Context).Next
	D:/goproject/pkg/mod/github.com/gin-gonic/gin@v1.7.7/context.go:168
github.com/gin-gonic/gin.CustomRecoveryWithWriter.func1
	D:/goproject/pkg/mod/github.com/gin-gonic/gin@v1.7.7/recovery.go:99
github.com/gin-gonic/gin.(*Context).Next
	D:/goproject/pkg/mod/github.com/gin-gonic/gin@v1.7.7/context.go:168
github.com/gin-gonic/gin.LoggerWithConfig.func1
	D:/goproject/pkg/mod/github.com/gin-gonic/gin@v1.7.7/logger.go:241
github.com/gin-gonic/gin.(*Context).Next
	D:/goproject/pkg/mod/github.com/gin-gonic/gin@v1.7.7/context.go:168
github.com/gin-gonic/gin.(*Engine).handleHTTPRequest
	D:/goproject/pkg/mod/github.com/gin-gonic/gin@v1.7.7/gin.go:555
github.com/gin-gonic/gin.(*Engine).ServeHTTP
	D:/goproject/pkg/mod/github.com/gin-gonic/gin@v1.7.7/gin.go:511
net/http.serverHandler.ServeHTTP
	C:/Program Files/Go/src/net/http/server.go:2878
net/http.(*conn).serve
	C:/Program Files/Go/src/net/http/server.go:1929
2022-07-26T18:34:13.819+0800	[31mERROR[0m	controller/handler.go:31	runtime error: index out of range [2] with length 2
github.com/GoAdminGroup/go-admin/plugins/admin/controller.(*Handler).GlobalDeferHandler
	F:/go-admin/admin/go-admin@v1.2.23/plugins/admin/controller/handler.go:31
runtime.gopanic
	C:/Program Files/Go/src/runtime/panic.go:1047
runtime.goPanicIndex
	C:/Program Files/Go/src/runtime/panic.go:90
admin/fusion.parseLoot
	F:/go-admin/admin/fusion/Tools.go:1142
admin/fusion.ParseFlowParams4FlowType
	F:/go-admin/admin/fusion/Tools.go:1054
admin/pages/AutoPages.GetLogPlayerItemsTable.func2
	F:/go-admin/admin/pages/AutoPages/log_player_items.go:93
github.com/GoAdminGroup/go-admin/template/types.FieldDisplay.ToDisplay
	F:/go-admin/admin/go-admin@v1.2.23/template/types/display.go:39
github.com/GoAdminGroup/go-admin/plugins/admin/modules/table.(*DefaultTable).getTempModelData
	F:/go-admin/admin/go-admin@v1.2.23/plugins/admin/modules/table/default.go:308
github.com/GoAdminGroup/go-admin/plugins/admin/modules/table.(*DefaultTable).GetData
	F:/go-admin/admin/go-admin@v1.2.23/plugins/admin/modules/table/default.go:154
github.com/GoAdminGroup/go-admin/plugins/admin/controller.(*Handler).showTableData
	F:/go-admin/admin/go-admin@v1.2.23/plugins/admin/controller/show.go:70
github.com/GoAdminGroup/go-admin/plugins/admin/controller.(*Handler).showTable
	F:/go-admin/admin/go-admin@v1.2.23/plugins/admin/controller/show.go:102
github.com/GoAdminGroup/go-admin/plugins/admin/controller.(*Handler).ShowInfo
	F:/go-admin/admin/go-admin@v1.2.23/plugins/admin/controller/show.go:60
github.com/GoAdminGroup/go-admin/context.(*Context).Next
	F:/go-admin/admin/go-admin@v1.2.23/context/context.go:101
github.com/GoAdminGroup/go-admin/plugins/admin/modules/guard.(*Guard).CheckPrefix
	F:/go-admin/admin/go-admin@v1.2.23/plugins/admin/modules/guard/guard.go:51
github.com/GoAdminGroup/go-admin/context.(*Context).Next
	F:/go-admin/admin/go-admin@v1.2.23/context/context.go:101
github.com/GoAdminGroup/go-admin/modules/auth.(*Invoker).Middleware.func1
	F:/go-admin/admin/go-admin@v1.2.23/modules/auth/middleware.go:132
github.com/GoAdminGroup/go-admin/context.(*Context).Next
	F:/go-admin/admin/go-admin@v1.2.23/context/context.go:101
github.com/GoAdminGroup/go-admin/plugins/admin.(*Admin).globalErrorHandler
	F:/go-admin/admin/go-admin@v1.2.23/plugins/admin/router.go:106
github.com/GoAdminGroup/go-admin/context.(*Context).Next
	F:/go-admin/admin/go-admin@v1.2.23/context/context.go:101
github.com/GoAdminGroup/go-admin/adapter/gin.(*Gin).AddHandler.func1
	F:/go-admin/admin/go-admin@v1.2.23/adapter/gin/gin.go:91
github.com/gin-gonic/gin.(*Context).Next
	D:/goproject/pkg/mod/github.com/gin-gonic/gin@v1.7.7/context.go:168
github.com/gin-gonic/gin.CustomRecoveryWithWriter.func1
	D:/goproject/pkg/mod/github.com/gin-gonic/gin@v1.7.7/recovery.go:99
github.com/gin-gonic/gin.(*Context).Next
	D:/goproject/pkg/mod/github.com/gin-gonic/gin@v1.7.7/context.go:168
github.com/gin-gonic/gin.LoggerWithConfig.func1
	D:/goproject/pkg/mod/github.com/gin-gonic/gin@v1.7.7/logger.go:241
github.com/gin-gonic/gin.(*Context).Next
	D:/goproject/pkg/mod/github.com/gin-gonic/gin@v1.7.7/context.go:168
github.com/gin-gonic/gin.(*Engine).handleHTTPRequest
	D:/goproject/pkg/mod/github.com/gin-gonic/gin@v1.7.7/gin.go:555
github.com/gin-gonic/gin.(*Engine).ServeHTTP
	D:/goproject/pkg/mod/github.com/gin-gonic/gin@v1.7.7/gin.go:511
net/http.serverHandler.ServeHTTP
	C:/Program Files/Go/src/net/http/server.go:2878
net/http.(*conn).serve
	C:/Program Files/Go/src/net/http/server.go:1929
2022-08-01T19:20:33.142+0800	[31mERROR[0m	controller/handler.go:31	invalid connection
github.com/GoAdminGroup/go-admin/plugins/admin/controller.(*Handler).GlobalDeferHandler
	F:/go-admin/admin/go-admin@v1.2.23/plugins/admin/controller/handler.go:31
runtime.gopanic
	C:/Program Files/Go/src/runtime/panic.go:1047
github.com/GoAdminGroup/go-admin/modules/db.CommonQuery
	F:/go-admin/admin/go-admin@v1.2.23/modules/db/performer.go:20
github.com/GoAdminGroup/go-admin/modules/db.(*Mysql).QueryWithConnection
	F:/go-admin/admin/go-admin@v1.2.23/modules/db/mysql.go:83
github.com/GoAdminGroup/go-admin/modules/db.(*Mysql).QueryWith
	F:/go-admin/admin/go-admin@v1.2.23/modules/db/mysql.go:115
github.com/GoAdminGroup/go-admin/modules/db.(*SQL).All
	F:/go-admin/admin/go-admin@v1.2.23/modules/db/statement.go:442
github.com/GoAdminGroup/go-admin/plugins/admin/models.UserModel.WithRoles
	F:/go-admin/admin/go-admin@v1.2.23/plugins/admin/models/user.go:252
github.com/GoAdminGroup/go-admin/modules/auth.GetCurUserByID
	F:/go-admin/admin/go-admin@v1.2.23/modules/auth/middleware.go:227
github.com/GoAdminGroup/go-admin/modules/auth.Filter
	F:/go-admin/admin/go-admin@v1.2.23/modules/auth/middleware.go:171
github.com/GoAdminGroup/go-admin/modules/auth.(*Invoker).Middleware.func1
	F:/go-admin/admin/go-admin@v1.2.23/modules/auth/middleware.go:128
github.com/GoAdminGroup/go-admin/context.(*Context).Next
	F:/go-admin/admin/go-admin@v1.2.23/context/context.go:101
github.com/GoAdminGroup/go-admin/plugins/admin.(*Admin).globalErrorHandler
	F:/go-admin/admin/go-admin@v1.2.23/plugins/admin/router.go:106
github.com/GoAdminGroup/go-admin/context.(*Context).Next
	F:/go-admin/admin/go-admin@v1.2.23/context/context.go:101
github.com/GoAdminGroup/go-admin/adapter/gin.(*Gin).AddHandler.func1
	F:/go-admin/admin/go-admin@v1.2.23/adapter/gin/gin.go:91
github.com/gin-gonic/gin.(*Context).Next
	D:/goproject/pkg/mod/github.com/gin-gonic/gin@v1.7.7/context.go:168
github.com/gin-gonic/gin.CustomRecoveryWithWriter.func1
	D:/goproject/pkg/mod/github.com/gin-gonic/gin@v1.7.7/recovery.go:99
github.com/gin-gonic/gin.(*Context).Next
	D:/goproject/pkg/mod/github.com/gin-gonic/gin@v1.7.7/context.go:168
github.com/gin-gonic/gin.LoggerWithConfig.func1
	D:/goproject/pkg/mod/github.com/gin-gonic/gin@v1.7.7/logger.go:241
github.com/gin-gonic/gin.(*Context).Next
	D:/goproject/pkg/mod/github.com/gin-gonic/gin@v1.7.7/context.go:168
github.com/gin-gonic/gin.(*Engine).handleHTTPRequest
	D:/goproject/pkg/mod/github.com/gin-gonic/gin@v1.7.7/gin.go:555
github.com/gin-gonic/gin.(*Engine).ServeHTTP
	D:/goproject/pkg/mod/github.com/gin-gonic/gin@v1.7.7/gin.go:511
net/http.serverHandler.ServeHTTP
	C:/Program Files/Go/src/net/http/server.go:2878
net/http.(*conn).serve
	C:/Program Files/Go/src/net/http/server.go:1929
2022-08-01T19:20:33.215+0800	[31mERROR[0m	controller/handler.go:31	Error 1053: Server shutdown in progress
github.com/GoAdminGroup/go-admin/plugins/admin/controller.(*Handler).GlobalDeferHandler
	F:/go-admin/admin/go-admin@v1.2.23/plugins/admin/controller/handler.go:31
runtime.gopanic
	C:/Program Files/Go/src/runtime/panic.go:1047
github.com/GoAdminGroup/go-admin/modules/db.CommonQuery
	F:/go-admin/admin/go-admin@v1.2.23/modules/db/performer.go:20
github.com/GoAdminGroup/go-admin/modules/db.(*Mysql).QueryWithConnection
	F:/go-admin/admin/go-admin@v1.2.23/modules/db/mysql.go:83
github.com/GoAdminGroup/go-admin/modules/db.(*Mysql).QueryWith
	F:/go-admin/admin/go-admin@v1.2.23/modules/db/mysql.go:115
github.com/GoAdminGroup/go-admin/modules/db.(*SQL).All
	F:/go-admin/admin/go-admin@v1.2.23/modules/db/statement.go:442
github.com/GoAdminGroup/go-admin/plugins/admin/models.UserModel.WithMenus
	F:/go-admin/admin/go-admin@v1.2.23/plugins/admin/models/user.go:330
github.com/GoAdminGroup/go-admin/modules/menu.GetGlobalMenu
	F:/go-admin/admin/go-admin@v1.2.23/modules/menu/menu.go:181
github.com/GoAdminGroup/go-admin/plugins/admin/controller.(*Handler).Execute
	F:/go-admin/admin/go-admin@v1.2.23/plugins/admin/controller/common.go:223
github.com/GoAdminGroup/go-admin/plugins/admin/controller.(*Handler).showTable
	F:/go-admin/admin/go-admin@v1.2.23/plugins/admin/controller/show.go:290
github.com/GoAdminGroup/go-admin/plugins/admin/controller.(*Handler).ShowInfo
	F:/go-admin/admin/go-admin@v1.2.23/plugins/admin/controller/show.go:60
github.com/GoAdminGroup/go-admin/context.(*Context).Next
	F:/go-admin/admin/go-admin@v1.2.23/context/context.go:101
github.com/GoAdminGroup/go-admin/plugins/admin/modules/guard.(*Guard).CheckPrefix
	F:/go-admin/admin/go-admin@v1.2.23/plugins/admin/modules/guard/guard.go:51
github.com/GoAdminGroup/go-admin/context.(*Context).Next
	F:/go-admin/admin/go-admin@v1.2.23/context/context.go:101
github.com/GoAdminGroup/go-admin/modules/auth.(*Invoker).Middleware.func1
	F:/go-admin/admin/go-admin@v1.2.23/modules/auth/middleware.go:132
github.com/GoAdminGroup/go-admin/context.(*Context).Next
	F:/go-admin/admin/go-admin@v1.2.23/context/context.go:101
github.com/GoAdminGroup/go-admin/plugins/admin.(*Admin).globalErrorHandler
	F:/go-admin/admin/go-admin@v1.2.23/plugins/admin/router.go:106
github.com/GoAdminGroup/go-admin/context.(*Context).Next
	F:/go-admin/admin/go-admin@v1.2.23/context/context.go:101
github.com/GoAdminGroup/go-admin/adapter/gin.(*Gin).AddHandler.func1
	F:/go-admin/admin/go-admin@v1.2.23/adapter/gin/gin.go:91
github.com/gin-gonic/gin.(*Context).Next
	D:/goproject/pkg/mod/github.com/gin-gonic/gin@v1.7.7/context.go:168
github.com/gin-gonic/gin.CustomRecoveryWithWriter.func1
	D:/goproject/pkg/mod/github.com/gin-gonic/gin@v1.7.7/recovery.go:99
github.com/gin-gonic/gin.(*Context).Next
	D:/goproject/pkg/mod/github.com/gin-gonic/gin@v1.7.7/context.go:168
github.com/gin-gonic/gin.LoggerWithConfig.func1
	D:/goproject/pkg/mod/github.com/gin-gonic/gin@v1.7.7/logger.go:241
github.com/gin-gonic/gin.(*Context).Next
	D:/goproject/pkg/mod/github.com/gin-gonic/gin@v1.7.7/context.go:168
github.com/gin-gonic/gin.(*Engine).handleHTTPRequest
	D:/goproject/pkg/mod/github.com/gin-gonic/gin@v1.7.7/gin.go:555
github.com/gin-gonic/gin.(*Engine).ServeHTTP
	D:/goproject/pkg/mod/github.com/gin-gonic/gin@v1.7.7/gin.go:511
net/http.serverHandler.ServeHTTP
	C:/Program Files/Go/src/net/http/server.go:2878
net/http.(*conn).serve
	C:/Program Files/Go/src/net/http/server.go:1929
2022-08-01T19:20:33.333+0800	[31mERROR[0m	controller/handler.go:31	Error 1053: Server shutdown in progress
github.com/GoAdminGroup/go-admin/plugins/admin/controller.(*Handler).GlobalDeferHandler
	F:/go-admin/admin/go-admin@v1.2.23/plugins/admin/controller/handler.go:31
runtime.gopanic
	C:/Program Files/Go/src/runtime/panic.go:1047
github.com/GoAdminGroup/go-admin/modules/db.CommonQuery
	F:/go-admin/admin/go-admin@v1.2.23/modules/db/performer.go:20
github.com/GoAdminGroup/go-admin/modules/db.(*Mysql).QueryWithConnection
	F:/go-admin/admin/go-admin@v1.2.23/modules/db/mysql.go:83
github.com/GoAdminGroup/go-admin/modules/db.(*Mysql).QueryWith
	F:/go-admin/admin/go-admin@v1.2.23/modules/db/mysql.go:115
github.com/GoAdminGroup/go-admin/modules/db.(*SQL).First
	F:/go-admin/admin/go-admin@v1.2.23/modules/db/statement.go:424
github.com/GoAdminGroup/go-admin/modules/auth.(*DBDriver).Load
	F:/go-admin/admin/go-admin@v1.2.23/modules/auth/session.go:143
github.com/GoAdminGroup/go-admin/modules/auth.(*Session).StartCtx
	F:/go-admin/admin/go-admin@v1.2.23/modules/auth/session.go:106
github.com/GoAdminGroup/go-admin/modules/auth.InitSession
	F:/go-admin/admin/go-admin@v1.2.23/modules/auth/session.go:132
github.com/GoAdminGroup/go-admin/modules/auth.SetCookie
	F:/go-admin/admin/go-admin@v1.2.23/modules/auth/auth.go:61
github.com/GoAdminGroup/go-admin/plugins/admin/controller.(*Handler).Auth
	F:/go-admin/admin/go-admin@v1.2.23/plugins/admin/controller/auth.go:61
github.com/GoAdminGroup/go-admin/context.(*Context).Next
	F:/go-admin/admin/go-admin@v1.2.23/context/context.go:101
github.com/GoAdminGroup/go-admin/plugins/admin.(*Admin).globalErrorHandler
	F:/go-admin/admin/go-admin@v1.2.23/plugins/admin/router.go:106
github.com/GoAdminGroup/go-admin/context.(*Context).Next
	F:/go-admin/admin/go-admin@v1.2.23/context/context.go:101
github.com/GoAdminGroup/go-admin/adapter/gin.(*Gin).AddHandler.func1
	F:/go-admin/admin/go-admin@v1.2.23/adapter/gin/gin.go:91
github.com/gin-gonic/gin.(*Context).Next
	D:/goproject/pkg/mod/github.com/gin-gonic/gin@v1.7.7/context.go:168
github.com/gin-gonic/gin.CustomRecoveryWithWriter.func1
	D:/goproject/pkg/mod/github.com/gin-gonic/gin@v1.7.7/recovery.go:99
github.com/gin-gonic/gin.(*Context).Next
	D:/goproject/pkg/mod/github.com/gin-gonic/gin@v1.7.7/context.go:168
github.com/gin-gonic/gin.LoggerWithConfig.func1
	D:/goproject/pkg/mod/github.com/gin-gonic/gin@v1.7.7/logger.go:241
github.com/gin-gonic/gin.(*Context).Next
	D:/goproject/pkg/mod/github.com/gin-gonic/gin@v1.7.7/context.go:168
github.com/gin-gonic/gin.(*Engine).handleHTTPRequest
	D:/goproject/pkg/mod/github.com/gin-gonic/gin@v1.7.7/gin.go:555
github.com/gin-gonic/gin.(*Engine).ServeHTTP
	D:/goproject/pkg/mod/github.com/gin-gonic/gin@v1.7.7/gin.go:511
net/http.serverHandler.ServeHTTP
	C:/Program Files/Go/src/net/http/server.go:2878
net/http.(*conn).serve
	C:/Program Files/Go/src/net/http/server.go:1929
2022-08-01T19:20:34.954+0800	[31mERROR[0m	controller/handler.go:31	invalid connection
github.com/GoAdminGroup/go-admin/plugins/admin/controller.(*Handler).GlobalDeferHandler
	F:/go-admin/admin/go-admin@v1.2.23/plugins/admin/controller/handler.go:31
runtime.gopanic
	C:/Program Files/Go/src/runtime/panic.go:1047
github.com/GoAdminGroup/go-admin/modules/db.CommonQuery
	F:/go-admin/admin/go-admin@v1.2.23/modules/db/performer.go:20
github.com/GoAdminGroup/go-admin/modules/db.(*Mysql).QueryWithConnection
	F:/go-admin/admin/go-admin@v1.2.23/modules/db/mysql.go:83
github.com/GoAdminGroup/go-admin/modules/db.(*Mysql).QueryWith
	F:/go-admin/admin/go-admin@v1.2.23/modules/db/mysql.go:115
github.com/GoAdminGroup/go-admin/modules/db.(*SQL).First
	F:/go-admin/admin/go-admin@v1.2.23/modules/db/statement.go:424
github.com/GoAdminGroup/go-admin/modules/auth.(*DBDriver).Load
	F:/go-admin/admin/go-admin@v1.2.23/modules/auth/session.go:143
github.com/GoAdminGroup/go-admin/modules/auth.(*Session).StartCtx
	F:/go-admin/admin/go-admin@v1.2.23/modules/auth/session.go:106
github.com/GoAdminGroup/go-admin/modules/auth.InitSession
	F:/go-admin/admin/go-admin@v1.2.23/modules/auth/session.go:132
github.com/GoAdminGroup/go-admin/modules/auth.Filter
	F:/go-admin/admin/go-admin@v1.2.23/modules/auth/middleware.go:159
github.com/GoAdminGroup/go-admin/modules/auth.(*Invoker).Middleware.func1
	F:/go-admin/admin/go-admin@v1.2.23/modules/auth/middleware.go:128
github.com/GoAdminGroup/go-admin/context.(*Context).Next
	F:/go-admin/admin/go-admin@v1.2.23/context/context.go:101
github.com/GoAdminGroup/go-admin/plugins/admin.(*Admin).globalErrorHandler
	F:/go-admin/admin/go-admin@v1.2.23/plugins/admin/router.go:106
github.com/GoAdminGroup/go-admin/context.(*Context).Next
	F:/go-admin/admin/go-admin@v1.2.23/context/context.go:101
github.com/GoAdminGroup/go-admin/adapter/gin.(*Gin).AddHandler.func1
	F:/go-admin/admin/go-admin@v1.2.23/adapter/gin/gin.go:91
github.com/gin-gonic/gin.(*Context).Next
	D:/goproject/pkg/mod/github.com/gin-gonic/gin@v1.7.7/context.go:168
github.com/gin-gonic/gin.CustomRecoveryWithWriter.func1
	D:/goproject/pkg/mod/github.com/gin-gonic/gin@v1.7.7/recovery.go:99
github.com/gin-gonic/gin.(*Context).Next
	D:/goproject/pkg/mod/github.com/gin-gonic/gin@v1.7.7/context.go:168
github.com/gin-gonic/gin.LoggerWithConfig.func1
	D:/goproject/pkg/mod/github.com/gin-gonic/gin@v1.7.7/logger.go:241
github.com/gin-gonic/gin.(*Context).Next
	D:/goproject/pkg/mod/github.com/gin-gonic/gin@v1.7.7/context.go:168
github.com/gin-gonic/gin.(*Engine).handleHTTPRequest
	D:/goproject/pkg/mod/github.com/gin-gonic/gin@v1.7.7/gin.go:555
github.com/gin-gonic/gin.(*Engine).ServeHTTP
	D:/goproject/pkg/mod/github.com/gin-gonic/gin@v1.7.7/gin.go:511
net/http.serverHandler.ServeHTTP
	C:/Program Files/Go/src/net/http/server.go:2878
net/http.(*conn).serve
	C:/Program Files/Go/src/net/http/server.go:1929
2022-08-01T19:20:39.602+0800	[31mERROR[0m	controller/handler.go:31	invalid connection
github.com/GoAdminGroup/go-admin/plugins/admin/controller.(*Handler).GlobalDeferHandler
	F:/go-admin/admin/go-admin@v1.2.23/plugins/admin/controller/handler.go:31
runtime.gopanic
	C:/Program Files/Go/src/runtime/panic.go:1047
github.com/GoAdminGroup/go-admin/modules/db.CommonQuery
	F:/go-admin/admin/go-admin@v1.2.23/modules/db/performer.go:20
github.com/GoAdminGroup/go-admin/modules/db.(*Mysql).QueryWithConnection
	F:/go-admin/admin/go-admin@v1.2.23/modules/db/mysql.go:83
github.com/GoAdminGroup/go-admin/modules/db.(*Mysql).QueryWith
	F:/go-admin/admin/go-admin@v1.2.23/modules/db/mysql.go:115
github.com/GoAdminGroup/go-admin/modules/db.(*SQL).First
	F:/go-admin/admin/go-admin@v1.2.23/modules/db/statement.go:424
github.com/GoAdminGroup/go-admin/modules/auth.(*DBDriver).Load
	F:/go-admin/admin/go-admin@v1.2.23/modules/auth/session.go:143
github.com/GoAdminGroup/go-admin/modules/auth.(*Session).StartCtx
	F:/go-admin/admin/go-admin@v1.2.23/modules/auth/session.go:106
github.com/GoAdminGroup/go-admin/modules/auth.InitSession
	F:/go-admin/admin/go-admin@v1.2.23/modules/auth/session.go:132
github.com/GoAdminGroup/go-admin/modules/auth.Filter
	F:/go-admin/admin/go-admin@v1.2.23/modules/auth/middleware.go:159
github.com/GoAdminGroup/go-admin/modules/auth.(*Invoker).Middleware.func1
	F:/go-admin/admin/go-admin@v1.2.23/modules/auth/middleware.go:128
github.com/GoAdminGroup/go-admin/context.(*Context).Next
	F:/go-admin/admin/go-admin@v1.2.23/context/context.go:101
github.com/GoAdminGroup/go-admin/plugins/admin.(*Admin).globalErrorHandler
	F:/go-admin/admin/go-admin@v1.2.23/plugins/admin/router.go:106
github.com/GoAdminGroup/go-admin/context.(*Context).Next
	F:/go-admin/admin/go-admin@v1.2.23/context/context.go:101
github.com/GoAdminGroup/go-admin/adapter/gin.(*Gin).AddHandler.func1
	F:/go-admin/admin/go-admin@v1.2.23/adapter/gin/gin.go:91
github.com/gin-gonic/gin.(*Context).Next
	D:/goproject/pkg/mod/github.com/gin-gonic/gin@v1.7.7/context.go:168
github.com/gin-gonic/gin.CustomRecoveryWithWriter.func1
	D:/goproject/pkg/mod/github.com/gin-gonic/gin@v1.7.7/recovery.go:99
github.com/gin-gonic/gin.(*Context).Next
	D:/goproject/pkg/mod/github.com/gin-gonic/gin@v1.7.7/context.go:168
github.com/gin-gonic/gin.LoggerWithConfig.func1
	D:/goproject/pkg/mod/github.com/gin-gonic/gin@v1.7.7/logger.go:241
github.com/gin-gonic/gin.(*Context).Next
	D:/goproject/pkg/mod/github.com/gin-gonic/gin@v1.7.7/context.go:168
github.com/gin-gonic/gin.(*Engine).handleHTTPRequest
	D:/goproject/pkg/mod/github.com/gin-gonic/gin@v1.7.7/gin.go:555
github.com/gin-gonic/gin.(*Engine).ServeHTTP
	D:/goproject/pkg/mod/github.com/gin-gonic/gin@v1.7.7/gin.go:511
net/http.serverHandler.ServeHTTP
	C:/Program Files/Go/src/net/http/server.go:2878
net/http.(*conn).serve
	C:/Program Files/Go/src/net/http/server.go:1929
2022-08-01T19:20:44.551+0800	[31mERROR[0m	engine/engine.go:323	dial tcp 192.168.0.161:3306: connectex: No connection could be made because the target machine actively refused it.
github.com/GoAdminGroup/go-admin/engine.(*Engine).deferHandler.func1.1
	F:/go-admin/admin/go-admin@v1.2.23/engine/engine.go:323
runtime.gopanic
	C:/Program Files/Go/src/runtime/panic.go:1047
github.com/GoAdminGroup/go-admin/modules/db.CommonQuery
	F:/go-admin/admin/go-admin@v1.2.23/modules/db/performer.go:20
github.com/GoAdminGroup/go-admin/modules/db.(*Mysql).QueryWithConnection
	F:/go-admin/admin/go-admin@v1.2.23/modules/db/mysql.go:83
github.com/GoAdminGroup/go-admin/modules/db.(*Mysql).QueryWith
	F:/go-admin/admin/go-admin@v1.2.23/modules/db/mysql.go:115
github.com/GoAdminGroup/go-admin/modules/db.(*SQL).First
	F:/go-admin/admin/go-admin@v1.2.23/modules/db/statement.go:424
github.com/GoAdminGroup/go-admin/modules/auth.(*DBDriver).Load
	F:/go-admin/admin/go-admin@v1.2.23/modules/auth/session.go:143
github.com/GoAdminGroup/go-admin/modules/auth.(*Session).StartCtx
	F:/go-admin/admin/go-admin@v1.2.23/modules/auth/session.go:106
github.com/GoAdminGroup/go-admin/modules/auth.InitSession
	F:/go-admin/admin/go-admin@v1.2.23/modules/auth/session.go:132
github.com/GoAdminGroup/go-admin/modules/auth.Filter
	F:/go-admin/admin/go-admin@v1.2.23/modules/auth/middleware.go:159
github.com/GoAdminGroup/go-admin/modules/auth.(*Invoker).Middleware.func1
	F:/go-admin/admin/go-admin@v1.2.23/modules/auth/middleware.go:128
github.com/GoAdminGroup/go-admin/context.(*Context).Next
	F:/go-admin/admin/go-admin@v1.2.23/context/context.go:101
github.com/GoAdminGroup/go-admin/engine.(*Engine).deferHandler.func1
	F:/go-admin/admin/go-admin@v1.2.23/engine/engine.go:350
github.com/GoAdminGroup/go-admin/context.(*Context).Next
	F:/go-admin/admin/go-admin@v1.2.23/context/context.go:101
github.com/GoAdminGroup/go-admin/adapter/gin.(*Gin).AddHandler.func1
	F:/go-admin/admin/go-admin@v1.2.23/adapter/gin/gin.go:91
github.com/gin-gonic/gin.(*Context).Next
	D:/goproject/pkg/mod/github.com/gin-gonic/gin@v1.7.7/context.go:168
github.com/gin-gonic/gin.CustomRecoveryWithWriter.func1
	D:/goproject/pkg/mod/github.com/gin-gonic/gin@v1.7.7/recovery.go:99
github.com/gin-gonic/gin.(*Context).Next
	D:/goproject/pkg/mod/github.com/gin-gonic/gin@v1.7.7/context.go:168
github.com/gin-gonic/gin.LoggerWithConfig.func1
	D:/goproject/pkg/mod/github.com/gin-gonic/gin@v1.7.7/logger.go:241
github.com/gin-gonic/gin.(*Context).Next
	D:/goproject/pkg/mod/github.com/gin-gonic/gin@v1.7.7/context.go:168
github.com/gin-gonic/gin.(*Engine).handleHTTPRequest
	D:/goproject/pkg/mod/github.com/gin-gonic/gin@v1.7.7/gin.go:555
github.com/gin-gonic/gin.(*Engine).ServeHTTP
	D:/goproject/pkg/mod/github.com/gin-gonic/gin@v1.7.7/gin.go:511
net/http.serverHandler.ServeHTTP
	C:/Program Files/Go/src/net/http/server.go:2878
net/http.(*conn).serve
	C:/Program Files/Go/src/net/http/server.go:1929
2022-08-01T19:20:44.553+0800	[31mERROR[0m	engine/engine.go:324	goroutine 301 [running]:
runtime/debug.Stack()
	C:/Program Files/Go/src/runtime/debug/stack.go:24 +0x7a
github.com/GoAdminGroup/go-admin/engine.(*Engine).deferHandler.func1.1(0xc0005a61c0)
	F:/go-admin/admin/go-admin@v1.2.23/engine/engine.go:324 +0x496
panic({0x14c1760, 0xc0002164b0})
	C:/Program Files/Go/src/runtime/panic.go:1047 +0x262
github.com/GoAdminGroup/go-admin/modules/db.CommonQuery(0xc0007ed5f0, {0xc0007b2090, 0x2f}, {0xc000b02130, 0x1, 0x1})
	F:/go-admin/admin/go-admin@v1.2.23/modules/db/performer.go:20 +0xa65
github.com/GoAdminGroup/go-admin/modules/db.(*Mysql).QueryWithConnection(0xc0007f1100, {0x1590894, 0x7}, {0xc0007b2090, 0x2f}, {0xc000b02130, 0x1, 0x1})
	F:/go-admin/admin/go-admin@v1.2.23/modules/db/mysql.go:83 +0xfa
github.com/GoAdminGroup/go-admin/modules/db.(*Mysql).QueryWith(0xc0007f1100, 0x0, {0x1590894, 0x7}, {0xc0007b2090, 0x2f}, {0xc000b02130, 0x1, 0x1})
	F:/go-admin/admin/go-admin@v1.2.23/modules/db/mysql.go:115 +0x225
github.com/GoAdminGroup/go-admin/modules/db.(*SQL).First(0xc000112140)
	F:/go-admin/admin/go-admin@v1.2.23/modules/db/statement.go:424 +0x1e8
github.com/GoAdminGroup/go-admin/modules/auth.(*DBDriver).Load(0xc00006e820, {0xc000726196, 0x24})
	F:/go-admin/admin/go-admin@v1.2.23/modules/auth/session.go:143 +0xcc
github.com/GoAdminGroup/go-admin/modules/auth.(*Session).StartCtx(0xc000216460, 0xc0005a61c0)
	F:/go-admin/admin/go-admin@v1.2.23/modules/auth/session.go:106 +0x189
github.com/GoAdminGroup/go-admin/modules/auth.InitSession(0xc0005a61c0, {0x1a71ce0, 0xc0007f1100})
	F:/go-admin/admin/go-admin@v1.2.23/modules/auth/session.go:132 +0x13f
github.com/GoAdminGroup/go-admin/modules/auth.Filter(_, {_, _})
	F:/go-admin/admin/go-admin@v1.2.23/modules/auth/middleware.go:159 +0xec
github.com/GoAdminGroup/go-admin/modules/auth.(*Invoker).Middleware.func1(0xc0005a61c0)
	F:/go-admin/admin/go-admin@v1.2.23/modules/auth/middleware.go:128 +0x8b
github.com/GoAdminGroup/go-admin/context.(*Context).Next(0xc0005a61c0)
	F:/go-admin/admin/go-admin@v1.2.23/context/context.go:101 +0x88
github.com/GoAdminGroup/go-admin/engine.(*Engine).deferHandler.func1(0xc0005a61c0)
	F:/go-admin/admin/go-admin@v1.2.23/engine/engine.go:350 +0x145
github.com/GoAdminGroup/go-admin/context.(*Context).Next(0xc0005a61c0)
	F:/go-admin/admin/go-admin@v1.2.23/context/context.go:101 +0x88
github.com/GoAdminGroup/go-admin/adapter/gin.(*Gin).AddHandler.func1(0xc00069cd00)
	F:/go-admin/admin/go-admin@v1.2.23/adapter/gin/gin.go:91 +0x112
github.com/gin-gonic/gin.(*Context).Next(0xc00069cd00)
	D:/goproject/pkg/mod/github.com/gin-gonic/gin@v1.7.7/context.go:168 +0x7d
github.com/gin-gonic/gin.CustomRecoveryWithWriter.func1(0xc00069cd00)
	D:/goproject/pkg/mod/github.com/gin-gonic/gin@v1.7.7/recovery.go:99 +0xc5
github.com/gin-gonic/gin.(*Context).Next(0xc00069cd00)
	D:/goproject/pkg/mod/github.com/gin-gonic/gin@v1.7.7/context.go:168 +0x7d
github.com/gin-gonic/gin.LoggerWithConfig.func1(0xc00069cd00)
	D:/goproject/pkg/mod/github.com/gin-gonic/gin@v1.7.7/logger.go:241 +0xf2
github.com/gin-gonic/gin.(*Context).Next(0xc00069cd00)
	D:/goproject/pkg/mod/github.com/gin-gonic/gin@v1.7.7/context.go:168 +0x7d
github.com/gin-gonic/gin.(*Engine).handleHTTPRequest(0xc0006056c0, 0xc00069cd00)
	D:/goproject/pkg/mod/github.com/gin-gonic/gin@v1.7.7/gin.go:555 +0x429
github.com/gin-gonic/gin.(*Engine).ServeHTTP(0xc0006056c0, {0x1a51e28, 0xc000a6c0e0}, 0xc0001d0200)
	D:/goproject/pkg/mod/github.com/gin-gonic/gin@v1.7.7/gin.go:511 +0xbb
net/http.serverHandler.ServeHTTP({0xc0007f80e0}, {0x1a51e28, 0xc000a6c0e0}, 0xc0001d0200)
	C:/Program Files/Go/src/net/http/server.go:2878 +0x47a
net/http.(*conn).serve(0xc0004b9220, {0x1a56f88, 0xc00071ef00})
	C:/Program Files/Go/src/net/http/server.go:1929 +0x18b8
created by net/http.(*Server).Serve
	C:/Program Files/Go/src/net/http/server.go:3033 +0xa38

github.com/GoAdminGroup/go-admin/engine.(*Engine).deferHandler.func1.1
	F:/go-admin/admin/go-admin@v1.2.23/engine/engine.go:324
runtime.gopanic
	C:/Program Files/Go/src/runtime/panic.go:1047
github.com/GoAdminGroup/go-admin/modules/db.CommonQuery
	F:/go-admin/admin/go-admin@v1.2.23/modules/db/performer.go:20
github.com/GoAdminGroup/go-admin/modules/db.(*Mysql).QueryWithConnection
	F:/go-admin/admin/go-admin@v1.2.23/modules/db/mysql.go:83
github.com/GoAdminGroup/go-admin/modules/db.(*Mysql).QueryWith
	F:/go-admin/admin/go-admin@v1.2.23/modules/db/mysql.go:115
github.com/GoAdminGroup/go-admin/modules/db.(*SQL).First
	F:/go-admin/admin/go-admin@v1.2.23/modules/db/statement.go:424
github.com/GoAdminGroup/go-admin/modules/auth.(*DBDriver).Load
	F:/go-admin/admin/go-admin@v1.2.23/modules/auth/session.go:143
github.com/GoAdminGroup/go-admin/modules/auth.(*Session).StartCtx
	F:/go-admin/admin/go-admin@v1.2.23/modules/auth/session.go:106
github.com/GoAdminGroup/go-admin/modules/auth.InitSession
	F:/go-admin/admin/go-admin@v1.2.23/modules/auth/session.go:132
github.com/GoAdminGroup/go-admin/modules/auth.Filter
	F:/go-admin/admin/go-admin@v1.2.23/modules/auth/middleware.go:159
github.com/GoAdminGroup/go-admin/modules/auth.(*Invoker).Middleware.func1
	F:/go-admin/admin/go-admin@v1.2.23/modules/auth/middleware.go:128
github.com/GoAdminGroup/go-admin/context.(*Context).Next
	F:/go-admin/admin/go-admin@v1.2.23/context/context.go:101
github.com/GoAdminGroup/go-admin/engine.(*Engine).deferHandler.func1
	F:/go-admin/admin/go-admin@v1.2.23/engine/engine.go:350
github.com/GoAdminGroup/go-admin/context.(*Context).Next
	F:/go-admin/admin/go-admin@v1.2.23/context/context.go:101
github.com/GoAdminGroup/go-admin/adapter/gin.(*Gin).AddHandler.func1
	F:/go-admin/admin/go-admin@v1.2.23/adapter/gin/gin.go:91
github.com/gin-gonic/gin.(*Context).Next
	D:/goproject/pkg/mod/github.com/gin-gonic/gin@v1.7.7/context.go:168
github.com/gin-gonic/gin.CustomRecoveryWithWriter.func1
	D:/goproject/pkg/mod/github.com/gin-gonic/gin@v1.7.7/recovery.go:99
github.com/gin-gonic/gin.(*Context).Next
	D:/goproject/pkg/mod/github.com/gin-gonic/gin@v1.7.7/context.go:168
github.com/gin-gonic/gin.LoggerWithConfig.func1
	D:/goproject/pkg/mod/github.com/gin-gonic/gin@v1.7.7/logger.go:241
github.com/gin-gonic/gin.(*Context).Next
	D:/goproject/pkg/mod/github.com/gin-gonic/gin@v1.7.7/context.go:168
github.com/gin-gonic/gin.(*Engine).handleHTTPRequest
	D:/goproject/pkg/mod/github.com/gin-gonic/gin@v1.7.7/gin.go:555
github.com/gin-gonic/gin.(*Engine).ServeHTTP
	D:/goproject/pkg/mod/github.com/gin-gonic/gin@v1.7.7/gin.go:511
net/http.serverHandler.ServeHTTP
	C:/Program Files/Go/src/net/http/server.go:2878
net/http.(*conn).serve
	C:/Program Files/Go/src/net/http/server.go:1929
2022-08-02T12:00:28.165+0800	[31mERROR[0m	controller/handler.go:31	runtime error: invalid memory address or nil pointer dereference
github.com/GoAdminGroup/go-admin/plugins/admin/controller.(*Handler).GlobalDeferHandler
	F:/go-admin/admin/go-admin@v1.2.23/plugins/admin/controller/handler.go:31
runtime.gopanic
	C:/Program Files/Go/src/runtime/panic.go:1047
runtime.panicmem
	C:/Program Files/Go/src/runtime/panic.go:221
runtime.sigpanic
	C:/Program Files/Go/src/runtime/signal_windows.go:254
gorm.io/gorm.(*DB).DB
	D:/goproject/pkg/mod/gorm.io/gorm@v1.23.1/gorm.go:349
admin/fusion.GetServerGormDB
	F:/go-admin/admin/fusion/Tools.go:711
admin/pages/AutoPages.GetPlayerBriefInfo.func3
	F:/go-admin/admin/pages/AutoPages/inst_player_char_brief.go:85
github.com/GoAdminGroup/go-admin/plugins/admin/modules/table.(*DefaultTable).GetData
	F:/go-admin/admin/go-admin@v1.2.23/plugins/admin/modules/table/default.go:144
github.com/GoAdminGroup/go-admin/plugins/admin/controller.(*Handler).showTableData
	F:/go-admin/admin/go-admin@v1.2.23/plugins/admin/controller/show.go:70
github.com/GoAdminGroup/go-admin/plugins/admin/controller.(*Handler).showTable
	F:/go-admin/admin/go-admin@v1.2.23/plugins/admin/controller/show.go:102
github.com/GoAdminGroup/go-admin/plugins/admin/controller.(*Handler).ShowInfo
	F:/go-admin/admin/go-admin@v1.2.23/plugins/admin/controller/show.go:60
github.com/GoAdminGroup/go-admin/context.(*Context).Next
	F:/go-admin/admin/go-admin@v1.2.23/context/context.go:101
github.com/GoAdminGroup/go-admin/plugins/admin/modules/guard.(*Guard).CheckPrefix
	F:/go-admin/admin/go-admin@v1.2.23/plugins/admin/modules/guard/guard.go:51
github.com/GoAdminGroup/go-admin/context.(*Context).Next
	F:/go-admin/admin/go-admin@v1.2.23/context/context.go:101
github.com/GoAdminGroup/go-admin/modules/auth.(*Invoker).Middleware.func1
	F:/go-admin/admin/go-admin@v1.2.23/modules/auth/middleware.go:132
github.com/GoAdminGroup/go-admin/context.(*Context).Next
	F:/go-admin/admin/go-admin@v1.2.23/context/context.go:101
github.com/GoAdminGroup/go-admin/plugins/admin.(*Admin).globalErrorHandler
	F:/go-admin/admin/go-admin@v1.2.23/plugins/admin/router.go:106
github.com/GoAdminGroup/go-admin/context.(*Context).Next
	F:/go-admin/admin/go-admin@v1.2.23/context/context.go:101
github.com/GoAdminGroup/go-admin/adapter/gin.(*Gin).AddHandler.func1
	F:/go-admin/admin/go-admin@v1.2.23/adapter/gin/gin.go:91
github.com/gin-gonic/gin.(*Context).Next
	D:/goproject/pkg/mod/github.com/gin-gonic/gin@v1.7.7/context.go:168
github.com/gin-gonic/gin.CustomRecoveryWithWriter.func1
	D:/goproject/pkg/mod/github.com/gin-gonic/gin@v1.7.7/recovery.go:99
github.com/gin-gonic/gin.(*Context).Next
	D:/goproject/pkg/mod/github.com/gin-gonic/gin@v1.7.7/context.go:168
github.com/gin-gonic/gin.LoggerWithConfig.func1
	D:/goproject/pkg/mod/github.com/gin-gonic/gin@v1.7.7/logger.go:241
github.com/gin-gonic/gin.(*Context).Next
	D:/goproject/pkg/mod/github.com/gin-gonic/gin@v1.7.7/context.go:168
github.com/gin-gonic/gin.(*Engine).handleHTTPRequest
	D:/goproject/pkg/mod/github.com/gin-gonic/gin@v1.7.7/gin.go:555
github.com/gin-gonic/gin.(*Engine).ServeHTTP
	D:/goproject/pkg/mod/github.com/gin-gonic/gin@v1.7.7/gin.go:511
net/http.serverHandler.ServeHTTP
	C:/Program Files/Go/src/net/http/server.go:2878
net/http.(*conn).serve
	C:/Program Files/Go/src/net/http/server.go:1929
2022-08-10T19:06:38.640+0800	[31mERROR[0m	components/composer.go:50	form  ComposeHtml Error:template: comp:334:68: executing "form_switch" at <index .Options 0>: error calling index: reflect: slice index out of range
github.com/GoAdminGroup/go-admin/template/components.ComposeHtml
	F:/go-admin/admin/go-admin@v1.2.23/template/components/composer.go:50
github.com/GoAdminGroup/go-admin/template/components.(*FormAttribute).GetContent
	F:/go-admin/admin/go-admin@v1.2.23/template/components/form.go:219
github.com/GoAdminGroup/go-admin/plugins/admin/controller.formContent
	F:/go-admin/admin/go-admin@v1.2.23/plugins/admin/controller/common.go:442
github.com/GoAdminGroup/go-admin/plugins/admin/controller.(*Handler).showForm
	F:/go-admin/admin/go-admin@v1.2.23/plugins/admin/controller/edit.go:102
github.com/GoAdminGroup/go-admin/plugins/admin/controller.(*Handler).ShowForm
	F:/go-admin/admin/go-admin@v1.2.23/plugins/admin/controller/edit.go:31
github.com/GoAdminGroup/go-admin/context.(*Context).Next
	F:/go-admin/admin/go-admin@v1.2.23/context/context.go:101
github.com/GoAdminGroup/go-admin/plugins/admin/modules/guard.(*Guard).ShowForm
	F:/go-admin/admin/go-admin@v1.2.23/plugins/admin/modules/guard/edit.go:72
github.com/GoAdminGroup/go-admin/context.(*Context).Next
	F:/go-admin/admin/go-admin@v1.2.23/context/context.go:101
github.com/GoAdminGroup/go-admin/plugins/admin/modules/guard.(*Guard).CheckPrefix
	F:/go-admin/admin/go-admin@v1.2.23/plugins/admin/modules/guard/guard.go:51
github.com/GoAdminGroup/go-admin/context.(*Context).Next
	F:/go-admin/admin/go-admin@v1.2.23/context/context.go:101
github.com/GoAdminGroup/go-admin/modules/auth.(*Invoker).Middleware.func1
	F:/go-admin/admin/go-admin@v1.2.23/modules/auth/middleware.go:132
github.com/GoAdminGroup/go-admin/context.(*Context).Next
	F:/go-admin/admin/go-admin@v1.2.23/context/context.go:101
github.com/GoAdminGroup/go-admin/plugins/admin.(*Admin).globalErrorHandler
	F:/go-admin/admin/go-admin@v1.2.23/plugins/admin/router.go:106
github.com/GoAdminGroup/go-admin/context.(*Context).Next
	F:/go-admin/admin/go-admin@v1.2.23/context/context.go:101
github.com/GoAdminGroup/go-admin/adapter/gin.(*Gin).AddHandler.func1
	F:/go-admin/admin/go-admin@v1.2.23/adapter/gin/gin.go:91
github.com/gin-gonic/gin.(*Context).Next
	D:/goproject/pkg/mod/github.com/gin-gonic/gin@v1.7.7/context.go:168
github.com/gin-gonic/gin.CustomRecoveryWithWriter.func1
	D:/goproject/pkg/mod/github.com/gin-gonic/gin@v1.7.7/recovery.go:99
github.com/gin-gonic/gin.(*Context).Next
	D:/goproject/pkg/mod/github.com/gin-gonic/gin@v1.7.7/context.go:168
github.com/gin-gonic/gin.LoggerWithConfig.func1
	D:/goproject/pkg/mod/github.com/gin-gonic/gin@v1.7.7/logger.go:241
github.com/gin-gonic/gin.(*Context).Next
	D:/goproject/pkg/mod/github.com/gin-gonic/gin@v1.7.7/context.go:168
github.com/gin-gonic/gin.(*Engine).handleHTTPRequest
	D:/goproject/pkg/mod/github.com/gin-gonic/gin@v1.7.7/gin.go:555
github.com/gin-gonic/gin.(*Engine).ServeHTTP
	D:/goproject/pkg/mod/github.com/gin-gonic/gin@v1.7.7/gin.go:511
net/http.serverHandler.ServeHTTP
	C:/Program Files/Go/src/net/http/server.go:2878
net/http.(*conn).serve
	C:/Program Files/Go/src/net/http/server.go:1929
2022-08-11T16:35:36.783+0800	[31mERROR[0m	controller/handler.go:31	reflect: reflect.Value.Set using unaddressable value
github.com/GoAdminGroup/go-admin/plugins/admin/controller.(*Handler).GlobalDeferHandler
	F:/go-admin/admin/go-admin@v1.2.23/plugins/admin/controller/handler.go:31
runtime.gopanic
	C:/Program Files/Go/src/runtime/panic.go:1047
reflect.flag.mustBeAssignableSlow
	C:/Program Files/Go/src/reflect/value.go:262
reflect.flag.mustBeAssignable
	C:/Program Files/Go/src/reflect/value.go:249
reflect.Value.Set
	C:/Program Files/Go/src/reflect/value.go:1899
gorm.io/gorm.Scan
	D:/goproject/pkg/mod/gorm.io/gorm@v1.23.1/scan.go:235
gorm.io/gorm.(*DB).ScanRows
	D:/goproject/pkg/mod/gorm.io/gorm@v1.23.1/finisher_api.go:519
gorm.io/gorm.(*DB).Scan
	D:/goproject/pkg/mod/gorm.io/gorm@v1.23.1/finisher_api.go:466
admin/pages/AutoPages.GetRankListPro.func1
	F:/go-admin/admin/pages/AutoPages/rankList.go:196
github.com/GoAdminGroup/go-admin/plugins/admin/modules/table.(*DefaultTable).GetData
	F:/go-admin/admin/go-admin@v1.2.23/plugins/admin/modules/table/default.go:144
github.com/GoAdminGroup/go-admin/plugins/admin/controller.(*Handler).showTableData
	F:/go-admin/admin/go-admin@v1.2.23/plugins/admin/controller/show.go:70
github.com/GoAdminGroup/go-admin/plugins/admin/controller.(*Handler).showTable
	F:/go-admin/admin/go-admin@v1.2.23/plugins/admin/controller/show.go:102
github.com/GoAdminGroup/go-admin/plugins/admin/controller.(*Handler).ShowInfo
	F:/go-admin/admin/go-admin@v1.2.23/plugins/admin/controller/show.go:60
github.com/GoAdminGroup/go-admin/context.(*Context).Next
	F:/go-admin/admin/go-admin@v1.2.23/context/context.go:101
github.com/GoAdminGroup/go-admin/plugins/admin/modules/guard.(*Guard).CheckPrefix
	F:/go-admin/admin/go-admin@v1.2.23/plugins/admin/modules/guard/guard.go:51
github.com/GoAdminGroup/go-admin/context.(*Context).Next
	F:/go-admin/admin/go-admin@v1.2.23/context/context.go:101
github.com/GoAdminGroup/go-admin/modules/auth.(*Invoker).Middleware.func1
	F:/go-admin/admin/go-admin@v1.2.23/modules/auth/middleware.go:132
github.com/GoAdminGroup/go-admin/context.(*Context).Next
	F:/go-admin/admin/go-admin@v1.2.23/context/context.go:101
github.com/GoAdminGroup/go-admin/plugins/admin.(*Admin).globalErrorHandler
	F:/go-admin/admin/go-admin@v1.2.23/plugins/admin/router.go:106
github.com/GoAdminGroup/go-admin/context.(*Context).Next
	F:/go-admin/admin/go-admin@v1.2.23/context/context.go:101
github.com/GoAdminGroup/go-admin/adapter/gin.(*Gin).AddHandler.func1
	F:/go-admin/admin/go-admin@v1.2.23/adapter/gin/gin.go:91
github.com/gin-gonic/gin.(*Context).Next
	D:/goproject/pkg/mod/github.com/gin-gonic/gin@v1.7.7/context.go:168
github.com/gin-gonic/gin.CustomRecoveryWithWriter.func1
	D:/goproject/pkg/mod/github.com/gin-gonic/gin@v1.7.7/recovery.go:99
github.com/gin-gonic/gin.(*Context).Next
	D:/goproject/pkg/mod/github.com/gin-gonic/gin@v1.7.7/context.go:168
github.com/gin-gonic/gin.LoggerWithConfig.func1
	D:/goproject/pkg/mod/github.com/gin-gonic/gin@v1.7.7/logger.go:241
github.com/gin-gonic/gin.(*Context).Next
	D:/goproject/pkg/mod/github.com/gin-gonic/gin@v1.7.7/context.go:168
github.com/gin-gonic/gin.(*Engine).handleHTTPRequest
	D:/goproject/pkg/mod/github.com/gin-gonic/gin@v1.7.7/gin.go:555
github.com/gin-gonic/gin.(*Engine).ServeHTTP
	D:/goproject/pkg/mod/github.com/gin-gonic/gin@v1.7.7/gin.go:511
net/http.serverHandler.ServeHTTP
	C:/Program Files/Go/src/net/http/server.go:2878
net/http.(*conn).serve
	C:/Program Files/Go/src/net/http/server.go:1929
2022-08-11T18:20:10.611+0800	[31mERROR[0m	controller/handler.go:31	runtime error: invalid memory address or nil pointer dereference
github.com/GoAdminGroup/go-admin/plugins/admin/controller.(*Handler).GlobalDeferHandler
	F:/go-admin/admin/go-admin@v1.2.23/plugins/admin/controller/handler.go:31
runtime.gopanic
	C:/Program Files/Go/src/runtime/panic.go:1047
runtime.panicmem
	C:/Program Files/Go/src/runtime/panic.go:221
runtime.sigpanic
	C:/Program Files/Go/src/runtime/signal_windows.go:254
gorm.io/gorm.(*DB).getInstance
	D:/goproject/pkg/mod/gorm.io/gorm@v1.23.1/gorm.go:363
gorm.io/gorm.(*DB).Table
	D:/goproject/pkg/mod/gorm.io/gorm@v1.23.1/chainable_api.go:48
admin/pages/AutoPages.GetRankListAllServer.func2
	F:/go-admin/admin/pages/AutoPages/rankList.go:396
github.com/GoAdminGroup/go-admin/plugins/admin/modules/table.(*DefaultTable).GetData
	F:/go-admin/admin/go-admin@v1.2.23/plugins/admin/modules/table/default.go:144
github.com/GoAdminGroup/go-admin/plugins/admin/controller.(*Handler).showTableData
	F:/go-admin/admin/go-admin@v1.2.23/plugins/admin/controller/show.go:70
github.com/GoAdminGroup/go-admin/plugins/admin/controller.(*Handler).showTable
	F:/go-admin/admin/go-admin@v1.2.23/plugins/admin/controller/show.go:102
github.com/GoAdminGroup/go-admin/plugins/admin/controller.(*Handler).ShowInfo
	F:/go-admin/admin/go-admin@v1.2.23/plugins/admin/controller/show.go:60
github.com/GoAdminGroup/go-admin/context.(*Context).Next
	F:/go-admin/admin/go-admin@v1.2.23/context/context.go:101
github.com/GoAdminGroup/go-admin/plugins/admin/modules/guard.(*Guard).CheckPrefix
	F:/go-admin/admin/go-admin@v1.2.23/plugins/admin/modules/guard/guard.go:51
github.com/GoAdminGroup/go-admin/context.(*Context).Next
	F:/go-admin/admin/go-admin@v1.2.23/context/context.go:101
github.com/GoAdminGroup/go-admin/modules/auth.(*Invoker).Middleware.func1
	F:/go-admin/admin/go-admin@v1.2.23/modules/auth/middleware.go:132
github.com/GoAdminGroup/go-admin/context.(*Context).Next
	F:/go-admin/admin/go-admin@v1.2.23/context/context.go:101
github.com/GoAdminGroup/go-admin/plugins/admin.(*Admin).globalErrorHandler
	F:/go-admin/admin/go-admin@v1.2.23/plugins/admin/router.go:106
github.com/GoAdminGroup/go-admin/context.(*Context).Next
	F:/go-admin/admin/go-admin@v1.2.23/context/context.go:101
github.com/GoAdminGroup/go-admin/adapter/gin.(*Gin).AddHandler.func1
	F:/go-admin/admin/go-admin@v1.2.23/adapter/gin/gin.go:91
github.com/gin-gonic/gin.(*Context).Next
	D:/goproject/pkg/mod/github.com/gin-gonic/gin@v1.7.7/context.go:168
github.com/gin-gonic/gin.CustomRecoveryWithWriter.func1
	D:/goproject/pkg/mod/github.com/gin-gonic/gin@v1.7.7/recovery.go:99
github.com/gin-gonic/gin.(*Context).Next
	D:/goproject/pkg/mod/github.com/gin-gonic/gin@v1.7.7/context.go:168
github.com/gin-gonic/gin.LoggerWithConfig.func1
	D:/goproject/pkg/mod/github.com/gin-gonic/gin@v1.7.7/logger.go:241
github.com/gin-gonic/gin.(*Context).Next
	D:/goproject/pkg/mod/github.com/gin-gonic/gin@v1.7.7/context.go:168
github.com/gin-gonic/gin.(*Engine).handleHTTPRequest
	D:/goproject/pkg/mod/github.com/gin-gonic/gin@v1.7.7/gin.go:555
github.com/gin-gonic/gin.(*Engine).ServeHTTP
	D:/goproject/pkg/mod/github.com/gin-gonic/gin@v1.7.7/gin.go:511
net/http.serverHandler.ServeHTTP
	C:/Program Files/Go/src/net/http/server.go:2878
net/http.(*conn).serve
	C:/Program Files/Go/src/net/http/server.go:1929
2022-08-11T18:20:37.536+0800	[31mERROR[0m	controller/handler.go:31	runtime error: invalid memory address or nil pointer dereference
github.com/GoAdminGroup/go-admin/plugins/admin/controller.(*Handler).GlobalDeferHandler
	F:/go-admin/admin/go-admin@v1.2.23/plugins/admin/controller/handler.go:31
runtime.gopanic
	C:/Program Files/Go/src/runtime/panic.go:1047
runtime.panicmem
	C:/Program Files/Go/src/runtime/panic.go:221
runtime.sigpanic
	C:/Program Files/Go/src/runtime/signal_windows.go:254
gorm.io/gorm.(*DB).getInstance
	D:/goproject/pkg/mod/gorm.io/gorm@v1.23.1/gorm.go:363
gorm.io/gorm.(*DB).Table
	D:/goproject/pkg/mod/gorm.io/gorm@v1.23.1/chainable_api.go:48
admin/pages/AutoPages.GetRankListAllServer.func2
	F:/go-admin/admin/pages/AutoPages/rankList.go:396
github.com/GoAdminGroup/go-admin/plugins/admin/modules/table.(*DefaultTable).GetData
	F:/go-admin/admin/go-admin@v1.2.23/plugins/admin/modules/table/default.go:144
github.com/GoAdminGroup/go-admin/plugins/admin/controller.(*Handler).showTableData
	F:/go-admin/admin/go-admin@v1.2.23/plugins/admin/controller/show.go:70
github.com/GoAdminGroup/go-admin/plugins/admin/controller.(*Handler).showTable
	F:/go-admin/admin/go-admin@v1.2.23/plugins/admin/controller/show.go:102
github.com/GoAdminGroup/go-admin/plugins/admin/controller.(*Handler).ShowInfo
	F:/go-admin/admin/go-admin@v1.2.23/plugins/admin/controller/show.go:60
github.com/GoAdminGroup/go-admin/context.(*Context).Next
	F:/go-admin/admin/go-admin@v1.2.23/context/context.go:101
github.com/GoAdminGroup/go-admin/plugins/admin/modules/guard.(*Guard).CheckPrefix
	F:/go-admin/admin/go-admin@v1.2.23/plugins/admin/modules/guard/guard.go:51
github.com/GoAdminGroup/go-admin/context.(*Context).Next
	F:/go-admin/admin/go-admin@v1.2.23/context/context.go:101
github.com/GoAdminGroup/go-admin/modules/auth.(*Invoker).Middleware.func1
	F:/go-admin/admin/go-admin@v1.2.23/modules/auth/middleware.go:132
github.com/GoAdminGroup/go-admin/context.(*Context).Next
	F:/go-admin/admin/go-admin@v1.2.23/context/context.go:101
github.com/GoAdminGroup/go-admin/plugins/admin.(*Admin).globalErrorHandler
	F:/go-admin/admin/go-admin@v1.2.23/plugins/admin/router.go:106
github.com/GoAdminGroup/go-admin/context.(*Context).Next
	F:/go-admin/admin/go-admin@v1.2.23/context/context.go:101
github.com/GoAdminGroup/go-admin/adapter/gin.(*Gin).AddHandler.func1
	F:/go-admin/admin/go-admin@v1.2.23/adapter/gin/gin.go:91
github.com/gin-gonic/gin.(*Context).Next
	D:/goproject/pkg/mod/github.com/gin-gonic/gin@v1.7.7/context.go:168
github.com/gin-gonic/gin.CustomRecoveryWithWriter.func1
	D:/goproject/pkg/mod/github.com/gin-gonic/gin@v1.7.7/recovery.go:99
github.com/gin-gonic/gin.(*Context).Next
	D:/goproject/pkg/mod/github.com/gin-gonic/gin@v1.7.7/context.go:168
github.com/gin-gonic/gin.LoggerWithConfig.func1
	D:/goproject/pkg/mod/github.com/gin-gonic/gin@v1.7.7/logger.go:241
github.com/gin-gonic/gin.(*Context).Next
	D:/goproject/pkg/mod/github.com/gin-gonic/gin@v1.7.7/context.go:168
github.com/gin-gonic/gin.(*Engine).handleHTTPRequest
	D:/goproject/pkg/mod/github.com/gin-gonic/gin@v1.7.7/gin.go:555
github.com/gin-gonic/gin.(*Engine).ServeHTTP
	D:/goproject/pkg/mod/github.com/gin-gonic/gin@v1.7.7/gin.go:511
net/http.serverHandler.ServeHTTP
	C:/Program Files/Go/src/net/http/server.go:2878
net/http.(*conn).serve
	C:/Program Files/Go/src/net/http/server.go:1929
2022-08-11T18:20:46.680+0800	[31mERROR[0m	controller/handler.go:31	runtime error: invalid memory address or nil pointer dereference
github.com/GoAdminGroup/go-admin/plugins/admin/controller.(*Handler).GlobalDeferHandler
	F:/go-admin/admin/go-admin@v1.2.23/plugins/admin/controller/handler.go:31
runtime.gopanic
	C:/Program Files/Go/src/runtime/panic.go:1047
runtime.panicmem
	C:/Program Files/Go/src/runtime/panic.go:221
runtime.sigpanic
	C:/Program Files/Go/src/runtime/signal_windows.go:254
gorm.io/gorm.(*DB).getInstance
	D:/goproject/pkg/mod/gorm.io/gorm@v1.23.1/gorm.go:363
gorm.io/gorm.(*DB).Table
	D:/goproject/pkg/mod/gorm.io/gorm@v1.23.1/chainable_api.go:48
admin/pages/AutoPages.GetRankListAllServer.func2
	F:/go-admin/admin/pages/AutoPages/rankList.go:396
github.com/GoAdminGroup/go-admin/plugins/admin/modules/table.(*DefaultTable).GetData
	F:/go-admin/admin/go-admin@v1.2.23/plugins/admin/modules/table/default.go:144
github.com/GoAdminGroup/go-admin/plugins/admin/controller.(*Handler).showTableData
	F:/go-admin/admin/go-admin@v1.2.23/plugins/admin/controller/show.go:70
github.com/GoAdminGroup/go-admin/plugins/admin/controller.(*Handler).showTable
	F:/go-admin/admin/go-admin@v1.2.23/plugins/admin/controller/show.go:102
github.com/GoAdminGroup/go-admin/plugins/admin/controller.(*Handler).ShowInfo
	F:/go-admin/admin/go-admin@v1.2.23/plugins/admin/controller/show.go:60
github.com/GoAdminGroup/go-admin/context.(*Context).Next
	F:/go-admin/admin/go-admin@v1.2.23/context/context.go:101
github.com/GoAdminGroup/go-admin/plugins/admin/modules/guard.(*Guard).CheckPrefix
	F:/go-admin/admin/go-admin@v1.2.23/plugins/admin/modules/guard/guard.go:51
github.com/GoAdminGroup/go-admin/context.(*Context).Next
	F:/go-admin/admin/go-admin@v1.2.23/context/context.go:101
github.com/GoAdminGroup/go-admin/modules/auth.(*Invoker).Middleware.func1
	F:/go-admin/admin/go-admin@v1.2.23/modules/auth/middleware.go:132
github.com/GoAdminGroup/go-admin/context.(*Context).Next
	F:/go-admin/admin/go-admin@v1.2.23/context/context.go:101
github.com/GoAdminGroup/go-admin/plugins/admin.(*Admin).globalErrorHandler
	F:/go-admin/admin/go-admin@v1.2.23/plugins/admin/router.go:106
github.com/GoAdminGroup/go-admin/context.(*Context).Next
	F:/go-admin/admin/go-admin@v1.2.23/context/context.go:101
github.com/GoAdminGroup/go-admin/adapter/gin.(*Gin).AddHandler.func1
	F:/go-admin/admin/go-admin@v1.2.23/adapter/gin/gin.go:91
github.com/gin-gonic/gin.(*Context).Next
	D:/goproject/pkg/mod/github.com/gin-gonic/gin@v1.7.7/context.go:168
github.com/gin-gonic/gin.CustomRecoveryWithWriter.func1
	D:/goproject/pkg/mod/github.com/gin-gonic/gin@v1.7.7/recovery.go:99
github.com/gin-gonic/gin.(*Context).Next
	D:/goproject/pkg/mod/github.com/gin-gonic/gin@v1.7.7/context.go:168
github.com/gin-gonic/gin.LoggerWithConfig.func1
	D:/goproject/pkg/mod/github.com/gin-gonic/gin@v1.7.7/logger.go:241
github.com/gin-gonic/gin.(*Context).Next
	D:/goproject/pkg/mod/github.com/gin-gonic/gin@v1.7.7/context.go:168
github.com/gin-gonic/gin.(*Engine).handleHTTPRequest
	D:/goproject/pkg/mod/github.com/gin-gonic/gin@v1.7.7/gin.go:555
github.com/gin-gonic/gin.(*Engine).ServeHTTP
	D:/goproject/pkg/mod/github.com/gin-gonic/gin@v1.7.7/gin.go:511
net/http.serverHandler.ServeHTTP
	C:/Program Files/Go/src/net/http/server.go:2878
net/http.(*conn).serve
	C:/Program Files/Go/src/net/http/server.go:1929
2022-08-11T18:21:01.039+0800	[31mERROR[0m	controller/handler.go:31	runtime error: invalid memory address or nil pointer dereference
github.com/GoAdminGroup/go-admin/plugins/admin/controller.(*Handler).GlobalDeferHandler
	F:/go-admin/admin/go-admin@v1.2.23/plugins/admin/controller/handler.go:31
runtime.gopanic
	C:/Program Files/Go/src/runtime/panic.go:1047
runtime.panicmem
	C:/Program Files/Go/src/runtime/panic.go:221
runtime.sigpanic
	C:/Program Files/Go/src/runtime/signal_windows.go:254
gorm.io/gorm.(*DB).getInstance
	D:/goproject/pkg/mod/gorm.io/gorm@v1.23.1/gorm.go:363
gorm.io/gorm.(*DB).Table
	D:/goproject/pkg/mod/gorm.io/gorm@v1.23.1/chainable_api.go:48
admin/pages/AutoPages.GetRankListAllServer.func2
	F:/go-admin/admin/pages/AutoPages/rankList.go:396
github.com/GoAdminGroup/go-admin/plugins/admin/modules/table.(*DefaultTable).GetData
	F:/go-admin/admin/go-admin@v1.2.23/plugins/admin/modules/table/default.go:144
github.com/GoAdminGroup/go-admin/plugins/admin/controller.(*Handler).showTableData
	F:/go-admin/admin/go-admin@v1.2.23/plugins/admin/controller/show.go:70
github.com/GoAdminGroup/go-admin/plugins/admin/controller.(*Handler).showTable
	F:/go-admin/admin/go-admin@v1.2.23/plugins/admin/controller/show.go:102
github.com/GoAdminGroup/go-admin/plugins/admin/controller.(*Handler).ShowInfo
	F:/go-admin/admin/go-admin@v1.2.23/plugins/admin/controller/show.go:60
github.com/GoAdminGroup/go-admin/context.(*Context).Next
	F:/go-admin/admin/go-admin@v1.2.23/context/context.go:101
github.com/GoAdminGroup/go-admin/plugins/admin/modules/guard.(*Guard).CheckPrefix
	F:/go-admin/admin/go-admin@v1.2.23/plugins/admin/modules/guard/guard.go:51
github.com/GoAdminGroup/go-admin/context.(*Context).Next
	F:/go-admin/admin/go-admin@v1.2.23/context/context.go:101
github.com/GoAdminGroup/go-admin/modules/auth.(*Invoker).Middleware.func1
	F:/go-admin/admin/go-admin@v1.2.23/modules/auth/middleware.go:132
github.com/GoAdminGroup/go-admin/context.(*Context).Next
	F:/go-admin/admin/go-admin@v1.2.23/context/context.go:101
github.com/GoAdminGroup/go-admin/plugins/admin.(*Admin).globalErrorHandler
	F:/go-admin/admin/go-admin@v1.2.23/plugins/admin/router.go:106
github.com/GoAdminGroup/go-admin/context.(*Context).Next
	F:/go-admin/admin/go-admin@v1.2.23/context/context.go:101
github.com/GoAdminGroup/go-admin/adapter/gin.(*Gin).AddHandler.func1
	F:/go-admin/admin/go-admin@v1.2.23/adapter/gin/gin.go:91
github.com/gin-gonic/gin.(*Context).Next
	D:/goproject/pkg/mod/github.com/gin-gonic/gin@v1.7.7/context.go:168
github.com/gin-gonic/gin.CustomRecoveryWithWriter.func1
	D:/goproject/pkg/mod/github.com/gin-gonic/gin@v1.7.7/recovery.go:99
github.com/gin-gonic/gin.(*Context).Next
	D:/goproject/pkg/mod/github.com/gin-gonic/gin@v1.7.7/context.go:168
github.com/gin-gonic/gin.LoggerWithConfig.func1
	D:/goproject/pkg/mod/github.com/gin-gonic/gin@v1.7.7/logger.go:241
github.com/gin-gonic/gin.(*Context).Next
	D:/goproject/pkg/mod/github.com/gin-gonic/gin@v1.7.7/context.go:168
github.com/gin-gonic/gin.(*Engine).handleHTTPRequest
	D:/goproject/pkg/mod/github.com/gin-gonic/gin@v1.7.7/gin.go:555
github.com/gin-gonic/gin.(*Engine).ServeHTTP
	D:/goproject/pkg/mod/github.com/gin-gonic/gin@v1.7.7/gin.go:511
net/http.serverHandler.ServeHTTP
	C:/Program Files/Go/src/net/http/server.go:2878
net/http.(*conn).serve
	C:/Program Files/Go/src/net/http/server.go:1929
2022-09-18T09:28:36.108+0800	[31mERROR[0m	controller/handler.go:31	runtime error: invalid memory address or nil pointer dereference
github.com/GoAdminGroup/go-admin/plugins/admin/controller.(*Handler).GlobalDeferHandler
	F:/go-admin/admin/go-admin@v1.2.23/plugins/admin/controller/handler.go:31
runtime.gopanic
	C:/Program Files/Go/src/runtime/panic.go:1047
runtime.panicmem
	C:/Program Files/Go/src/runtime/panic.go:221
runtime.sigpanic
	C:/Program Files/Go/src/runtime/signal_windows.go:254
github.com/GoAdminGroup/go-admin/template/types.FieldDisplay.ToDisplay
	F:/go-admin/admin/go-admin@v1.2.23/template/types/display.go:39
github.com/GoAdminGroup/go-admin/plugins/admin/modules/table.(*DefaultTable).getTempModelData
	F:/go-admin/admin/go-admin@v1.2.23/plugins/admin/modules/table/default.go:356
github.com/GoAdminGroup/go-admin/plugins/admin/modules/table.(*DefaultTable).GetData
	F:/go-admin/admin/go-admin@v1.2.23/plugins/admin/modules/table/default.go:154
github.com/GoAdminGroup/go-admin/plugins/admin/controller.(*Handler).showTableData
	F:/go-admin/admin/go-admin@v1.2.23/plugins/admin/controller/show.go:70
github.com/GoAdminGroup/go-admin/plugins/admin/controller.(*Handler).showTable
	F:/go-admin/admin/go-admin@v1.2.23/plugins/admin/controller/show.go:102
github.com/GoAdminGroup/go-admin/plugins/admin/controller.(*Handler).ShowInfo
	F:/go-admin/admin/go-admin@v1.2.23/plugins/admin/controller/show.go:60
github.com/GoAdminGroup/go-admin/context.(*Context).Next
	F:/go-admin/admin/go-admin@v1.2.23/context/context.go:101
github.com/GoAdminGroup/go-admin/plugins/admin/modules/guard.(*Guard).CheckPrefix
	F:/go-admin/admin/go-admin@v1.2.23/plugins/admin/modules/guard/guard.go:51
github.com/GoAdminGroup/go-admin/context.(*Context).Next
	F:/go-admin/admin/go-admin@v1.2.23/context/context.go:101
github.com/GoAdminGroup/go-admin/modules/auth.(*Invoker).Middleware.func1
	F:/go-admin/admin/go-admin@v1.2.23/modules/auth/middleware.go:132
github.com/GoAdminGroup/go-admin/context.(*Context).Next
	F:/go-admin/admin/go-admin@v1.2.23/context/context.go:101
github.com/GoAdminGroup/go-admin/plugins/admin.(*Admin).globalErrorHandler
	F:/go-admin/admin/go-admin@v1.2.23/plugins/admin/router.go:106
github.com/GoAdminGroup/go-admin/context.(*Context).Next
	F:/go-admin/admin/go-admin@v1.2.23/context/context.go:101
github.com/GoAdminGroup/go-admin/adapter/gin.(*Gin).AddHandler.func1
	F:/go-admin/admin/go-admin@v1.2.23/adapter/gin/gin.go:91
github.com/gin-gonic/gin.(*Context).Next
	D:/goproject/pkg/mod/github.com/gin-gonic/gin@v1.7.7/context.go:168
github.com/gin-gonic/gin.CustomRecoveryWithWriter.func1
	D:/goproject/pkg/mod/github.com/gin-gonic/gin@v1.7.7/recovery.go:99
github.com/gin-gonic/gin.(*Context).Next
	D:/goproject/pkg/mod/github.com/gin-gonic/gin@v1.7.7/context.go:168
github.com/gin-gonic/gin.LoggerWithConfig.func1
	D:/goproject/pkg/mod/github.com/gin-gonic/gin@v1.7.7/logger.go:241
github.com/gin-gonic/gin.(*Context).Next
	D:/goproject/pkg/mod/github.com/gin-gonic/gin@v1.7.7/context.go:168
github.com/gin-gonic/gin.(*Engine).handleHTTPRequest
	D:/goproject/pkg/mod/github.com/gin-gonic/gin@v1.7.7/gin.go:555
github.com/gin-gonic/gin.(*Engine).ServeHTTP
	D:/goproject/pkg/mod/github.com/gin-gonic/gin@v1.7.7/gin.go:511
net/http.serverHandler.ServeHTTP
	C:/Program Files/Go/src/net/http/server.go:2878
net/http.(*conn).serve
	C:/Program Files/Go/src/net/http/server.go:1929
2022-09-18T10:16:13.464+0800	[31mERROR[0m	controller/handler.go:31	runtime error: invalid memory address or nil pointer dereference
github.com/GoAdminGroup/go-admin/plugins/admin/controller.(*Handler).GlobalDeferHandler
	F:/go-admin/admin/go-admin@v1.2.23/plugins/admin/controller/handler.go:31
runtime.gopanic
	C:/Program Files/Go/src/runtime/panic.go:1047
runtime.panicmem
	C:/Program Files/Go/src/runtime/panic.go:221
runtime.sigpanic
	C:/Program Files/Go/src/runtime/signal_windows.go:254
github.com/GoAdminGroup/go-admin/template/types.FieldDisplay.ToDisplay
	F:/go-admin/admin/go-admin@v1.2.23/template/types/display.go:39
github.com/GoAdminGroup/go-admin/plugins/admin/modules/table.(*DefaultTable).getTempModelData
	F:/go-admin/admin/go-admin@v1.2.23/plugins/admin/modules/table/default.go:356
github.com/GoAdminGroup/go-admin/plugins/admin/modules/table.(*DefaultTable).GetData
	F:/go-admin/admin/go-admin@v1.2.23/plugins/admin/modules/table/default.go:154
github.com/GoAdminGroup/go-admin/plugins/admin/controller.(*Handler).showTableData
	F:/go-admin/admin/go-admin@v1.2.23/plugins/admin/controller/show.go:70
github.com/GoAdminGroup/go-admin/plugins/admin/controller.(*Handler).showTable
	F:/go-admin/admin/go-admin@v1.2.23/plugins/admin/controller/show.go:102
github.com/GoAdminGroup/go-admin/plugins/admin/controller.(*Handler).ShowInfo
	F:/go-admin/admin/go-admin@v1.2.23/plugins/admin/controller/show.go:60
github.com/GoAdminGroup/go-admin/context.(*Context).Next
	F:/go-admin/admin/go-admin@v1.2.23/context/context.go:101
github.com/GoAdminGroup/go-admin/plugins/admin/modules/guard.(*Guard).CheckPrefix
	F:/go-admin/admin/go-admin@v1.2.23/plugins/admin/modules/guard/guard.go:51
github.com/GoAdminGroup/go-admin/context.(*Context).Next
	F:/go-admin/admin/go-admin@v1.2.23/context/context.go:101
github.com/GoAdminGroup/go-admin/modules/auth.(*Invoker).Middleware.func1
	F:/go-admin/admin/go-admin@v1.2.23/modules/auth/middleware.go:132
github.com/GoAdminGroup/go-admin/context.(*Context).Next
	F:/go-admin/admin/go-admin@v1.2.23/context/context.go:101
github.com/GoAdminGroup/go-admin/plugins/admin.(*Admin).globalErrorHandler
	F:/go-admin/admin/go-admin@v1.2.23/plugins/admin/router.go:106
github.com/GoAdminGroup/go-admin/context.(*Context).Next
	F:/go-admin/admin/go-admin@v1.2.23/context/context.go:101
github.com/GoAdminGroup/go-admin/adapter/gin.(*Gin).AddHandler.func1
	F:/go-admin/admin/go-admin@v1.2.23/adapter/gin/gin.go:91
github.com/gin-gonic/gin.(*Context).Next
	D:/goproject/pkg/mod/github.com/gin-gonic/gin@v1.7.7/context.go:168
github.com/gin-gonic/gin.CustomRecoveryWithWriter.func1
	D:/goproject/pkg/mod/github.com/gin-gonic/gin@v1.7.7/recovery.go:99
github.com/gin-gonic/gin.(*Context).Next
	D:/goproject/pkg/mod/github.com/gin-gonic/gin@v1.7.7/context.go:168
github.com/gin-gonic/gin.LoggerWithConfig.func1
	D:/goproject/pkg/mod/github.com/gin-gonic/gin@v1.7.7/logger.go:241
github.com/gin-gonic/gin.(*Context).Next
	D:/goproject/pkg/mod/github.com/gin-gonic/gin@v1.7.7/context.go:168
github.com/gin-gonic/gin.(*Engine).handleHTTPRequest
	D:/goproject/pkg/mod/github.com/gin-gonic/gin@v1.7.7/gin.go:555
github.com/gin-gonic/gin.(*Engine).ServeHTTP
	D:/goproject/pkg/mod/github.com/gin-gonic/gin@v1.7.7/gin.go:511
net/http.serverHandler.ServeHTTP
	C:/Program Files/Go/src/net/http/server.go:2878
net/http.(*conn).serve
	C:/Program Files/Go/src/net/http/server.go:1929
2022-09-18T10:17:46.356+0800	[31mERROR[0m	controller/handler.go:31	runtime error: invalid memory address or nil pointer dereference
github.com/GoAdminGroup/go-admin/plugins/admin/controller.(*Handler).GlobalDeferHandler
	F:/go-admin/admin/go-admin@v1.2.23/plugins/admin/controller/handler.go:31
runtime.gopanic
	C:/Program Files/Go/src/runtime/panic.go:1047
runtime.panicmem
	C:/Program Files/Go/src/runtime/panic.go:221
runtime.sigpanic
	C:/Program Files/Go/src/runtime/signal_windows.go:254
github.com/GoAdminGroup/go-admin/template/types.FieldDisplay.ToDisplay
	F:/go-admin/admin/go-admin@v1.2.23/template/types/display.go:39
github.com/GoAdminGroup/go-admin/plugins/admin/modules/table.(*DefaultTable).getTempModelData
	F:/go-admin/admin/go-admin@v1.2.23/plugins/admin/modules/table/default.go:356
github.com/GoAdminGroup/go-admin/plugins/admin/modules/table.(*DefaultTable).GetData
	F:/go-admin/admin/go-admin@v1.2.23/plugins/admin/modules/table/default.go:154
github.com/GoAdminGroup/go-admin/plugins/admin/controller.(*Handler).showTableData
	F:/go-admin/admin/go-admin@v1.2.23/plugins/admin/controller/show.go:70
github.com/GoAdminGroup/go-admin/plugins/admin/controller.(*Handler).showTable
	F:/go-admin/admin/go-admin@v1.2.23/plugins/admin/controller/show.go:102
github.com/GoAdminGroup/go-admin/plugins/admin/controller.(*Handler).ShowInfo
	F:/go-admin/admin/go-admin@v1.2.23/plugins/admin/controller/show.go:60
github.com/GoAdminGroup/go-admin/context.(*Context).Next
	F:/go-admin/admin/go-admin@v1.2.23/context/context.go:101
github.com/GoAdminGroup/go-admin/plugins/admin/modules/guard.(*Guard).CheckPrefix
	F:/go-admin/admin/go-admin@v1.2.23/plugins/admin/modules/guard/guard.go:51
github.com/GoAdminGroup/go-admin/context.(*Context).Next
	F:/go-admin/admin/go-admin@v1.2.23/context/context.go:101
github.com/GoAdminGroup/go-admin/modules/auth.(*Invoker).Middleware.func1
	F:/go-admin/admin/go-admin@v1.2.23/modules/auth/middleware.go:132
github.com/GoAdminGroup/go-admin/context.(*Context).Next
	F:/go-admin/admin/go-admin@v1.2.23/context/context.go:101
github.com/GoAdminGroup/go-admin/plugins/admin.(*Admin).globalErrorHandler
	F:/go-admin/admin/go-admin@v1.2.23/plugins/admin/router.go:106
github.com/GoAdminGroup/go-admin/context.(*Context).Next
	F:/go-admin/admin/go-admin@v1.2.23/context/context.go:101
github.com/GoAdminGroup/go-admin/adapter/gin.(*Gin).AddHandler.func1
	F:/go-admin/admin/go-admin@v1.2.23/adapter/gin/gin.go:91
github.com/gin-gonic/gin.(*Context).Next
	D:/goproject/pkg/mod/github.com/gin-gonic/gin@v1.7.7/context.go:168
github.com/gin-gonic/gin.CustomRecoveryWithWriter.func1
	D:/goproject/pkg/mod/github.com/gin-gonic/gin@v1.7.7/recovery.go:99
github.com/gin-gonic/gin.(*Context).Next
	D:/goproject/pkg/mod/github.com/gin-gonic/gin@v1.7.7/context.go:168
github.com/gin-gonic/gin.LoggerWithConfig.func1
	D:/goproject/pkg/mod/github.com/gin-gonic/gin@v1.7.7/logger.go:241
github.com/gin-gonic/gin.(*Context).Next
	D:/goproject/pkg/mod/github.com/gin-gonic/gin@v1.7.7/context.go:168
github.com/gin-gonic/gin.(*Engine).handleHTTPRequest
	D:/goproject/pkg/mod/github.com/gin-gonic/gin@v1.7.7/gin.go:555
github.com/gin-gonic/gin.(*Engine).ServeHTTP
	D:/goproject/pkg/mod/github.com/gin-gonic/gin@v1.7.7/gin.go:511
net/http.serverHandler.ServeHTTP
	C:/Program Files/Go/src/net/http/server.go:2878
net/http.(*conn).serve
	C:/Program Files/Go/src/net/http/server.go:1929
2022-09-19T17:08:21.370+0800	[31mERROR[0m	controller/handler.go:31	runtime error: invalid memory address or nil pointer dereference
github.com/GoAdminGroup/go-admin/plugins/admin/controller.(*Handler).GlobalDeferHandler
	F:/go-admin/admin/go-admin@v1.2.23/plugins/admin/controller/handler.go:31
runtime.gopanic
	C:/Program Files/Go/src/runtime/panic.go:1047
runtime.panicmem
	C:/Program Files/Go/src/runtime/panic.go:221
runtime.sigpanic
	C:/Program Files/Go/src/runtime/signal_windows.go:254
github.com/GoAdminGroup/go-admin/template/types.FieldDisplay.ToDisplay
	F:/go-admin/admin/go-admin@v1.2.23/template/types/display.go:39
github.com/GoAdminGroup/go-admin/plugins/admin/modules/table.(*DefaultTable).getTempModelData
	F:/go-admin/admin/go-admin@v1.2.23/plugins/admin/modules/table/default.go:356
github.com/GoAdminGroup/go-admin/plugins/admin/modules/table.(*DefaultTable).getDataFromDatabase
	F:/go-admin/admin/go-admin@v1.2.23/plugins/admin/modules/table/default.go:573
github.com/GoAdminGroup/go-admin/plugins/admin/modules/table.(*DefaultTable).GetData
	F:/go-admin/admin/go-admin@v1.2.23/plugins/admin/modules/table/default.go:148
github.com/GoAdminGroup/go-admin/plugins/admin/controller.(*Handler).showTableData
	F:/go-admin/admin/go-admin@v1.2.23/plugins/admin/controller/show.go:70
github.com/GoAdminGroup/go-admin/plugins/admin/controller.(*Handler).showTable
	F:/go-admin/admin/go-admin@v1.2.23/plugins/admin/controller/show.go:102
github.com/GoAdminGroup/go-admin/plugins/admin/controller.(*Handler).ShowInfo
	F:/go-admin/admin/go-admin@v1.2.23/plugins/admin/controller/show.go:60
github.com/GoAdminGroup/go-admin/context.(*Context).Next
	F:/go-admin/admin/go-admin@v1.2.23/context/context.go:101
github.com/GoAdminGroup/go-admin/plugins/admin/modules/guard.(*Guard).CheckPrefix
	F:/go-admin/admin/go-admin@v1.2.23/plugins/admin/modules/guard/guard.go:51
github.com/GoAdminGroup/go-admin/context.(*Context).Next
	F:/go-admin/admin/go-admin@v1.2.23/context/context.go:101
github.com/GoAdminGroup/go-admin/modules/auth.(*Invoker).Middleware.func1
	F:/go-admin/admin/go-admin@v1.2.23/modules/auth/middleware.go:132
github.com/GoAdminGroup/go-admin/context.(*Context).Next
	F:/go-admin/admin/go-admin@v1.2.23/context/context.go:101
github.com/GoAdminGroup/go-admin/plugins/admin.(*Admin).globalErrorHandler
	F:/go-admin/admin/go-admin@v1.2.23/plugins/admin/router.go:106
github.com/GoAdminGroup/go-admin/context.(*Context).Next
	F:/go-admin/admin/go-admin@v1.2.23/context/context.go:101
github.com/GoAdminGroup/go-admin/adapter/gin.(*Gin).AddHandler.func1
	F:/go-admin/admin/go-admin@v1.2.23/adapter/gin/gin.go:91
github.com/gin-gonic/gin.(*Context).Next
	D:/goproject/pkg/mod/github.com/gin-gonic/gin@v1.7.7/context.go:168
github.com/gin-gonic/gin.CustomRecoveryWithWriter.func1
	D:/goproject/pkg/mod/github.com/gin-gonic/gin@v1.7.7/recovery.go:99
github.com/gin-gonic/gin.(*Context).Next
	D:/goproject/pkg/mod/github.com/gin-gonic/gin@v1.7.7/context.go:168
github.com/gin-gonic/gin.LoggerWithConfig.func1
	D:/goproject/pkg/mod/github.com/gin-gonic/gin@v1.7.7/logger.go:241
github.com/gin-gonic/gin.(*Context).Next
	D:/goproject/pkg/mod/github.com/gin-gonic/gin@v1.7.7/context.go:168
github.com/gin-gonic/gin.(*Engine).handleHTTPRequest
	D:/goproject/pkg/mod/github.com/gin-gonic/gin@v1.7.7/gin.go:555
github.com/gin-gonic/gin.(*Engine).ServeHTTP
	D:/goproject/pkg/mod/github.com/gin-gonic/gin@v1.7.7/gin.go:511
net/http.serverHandler.ServeHTTP
	C:/Program Files/Go/src/net/http/server.go:2878
net/http.(*conn).serve
	C:/Program Files/Go/src/net/http/server.go:1929
2022-09-19T17:47:49.928+0800	[31mERROR[0m	types/info.go:736	runtime error: invalid memory address or nil pointer dereference
github.com/GoAdminGroup/go-admin/template/types.Handler.Wrap.func1.1
	F:/go-admin/admin/go-admin@v1.2.23/template/types/info.go:736
runtime.gopanic
	C:/Program Files/Go/src/runtime/panic.go:1047
runtime.panicmem
	C:/Program Files/Go/src/runtime/panic.go:221
runtime.sigpanic
	C:/Program Files/Go/src/runtime/signal_windows.go:254
admin/pages/AutoPages.GetTClientVersionTable.func1
	F:/go-admin/admin/pages/AutoPages/t_client_version.go:56
github.com/GoAdminGroup/go-admin/template/types.Handler.Wrap.func1
	F:/go-admin/admin/go-admin@v1.2.23/template/types/info.go:746
github.com/GoAdminGroup/go-admin/plugins/admin/controller.(*Handler).OperationHandler
	F:/go-admin/admin/go-admin@v1.2.23/plugins/admin/controller/common.go:154
github.com/GoAdminGroup/go-admin/plugins/admin/controller.(*Handler).Operation
	F:/go-admin/admin/go-admin@v1.2.23/plugins/admin/controller/operation.go:15
github.com/GoAdminGroup/go-admin/context.(*Context).Next
	F:/go-admin/admin/go-admin@v1.2.23/context/context.go:101
github.com/GoAdminGroup/go-admin/modules/auth.(*Invoker).Middleware.func1
	F:/go-admin/admin/go-admin@v1.2.23/modules/auth/middleware.go:132
github.com/GoAdminGroup/go-admin/context.(*Context).Next
	F:/go-admin/admin/go-admin@v1.2.23/context/context.go:101
github.com/GoAdminGroup/go-admin/plugins/admin.(*Admin).globalErrorHandler
	F:/go-admin/admin/go-admin@v1.2.23/plugins/admin/router.go:106
github.com/GoAdminGroup/go-admin/context.(*Context).Next
	F:/go-admin/admin/go-admin@v1.2.23/context/context.go:101
github.com/GoAdminGroup/go-admin/adapter/gin.(*Gin).AddHandler.func1
	F:/go-admin/admin/go-admin@v1.2.23/adapter/gin/gin.go:91
github.com/gin-gonic/gin.(*Context).Next
	D:/goproject/pkg/mod/github.com/gin-gonic/gin@v1.7.7/context.go:168
github.com/gin-gonic/gin.CustomRecoveryWithWriter.func1
	D:/goproject/pkg/mod/github.com/gin-gonic/gin@v1.7.7/recovery.go:99
github.com/gin-gonic/gin.(*Context).Next
	D:/goproject/pkg/mod/github.com/gin-gonic/gin@v1.7.7/context.go:168
github.com/gin-gonic/gin.LoggerWithConfig.func1
	D:/goproject/pkg/mod/github.com/gin-gonic/gin@v1.7.7/logger.go:241
github.com/gin-gonic/gin.(*Context).Next
	D:/goproject/pkg/mod/github.com/gin-gonic/gin@v1.7.7/context.go:168
github.com/gin-gonic/gin.(*Engine).handleHTTPRequest
	D:/goproject/pkg/mod/github.com/gin-gonic/gin@v1.7.7/gin.go:555
github.com/gin-gonic/gin.(*Engine).ServeHTTP
	D:/goproject/pkg/mod/github.com/gin-gonic/gin@v1.7.7/gin.go:511
net/http.serverHandler.ServeHTTP
	C:/Program Files/Go/src/net/http/server.go:2878
net/http.(*conn).serve
	C:/Program Files/Go/src/net/http/server.go:1929
2022-09-19T17:50:43.039+0800	[31mERROR[0m	types/info.go:736	runtime error: invalid memory address or nil pointer dereference
github.com/GoAdminGroup/go-admin/template/types.Handler.Wrap.func1.1
	F:/go-admin/admin/go-admin@v1.2.23/template/types/info.go:736
runtime.gopanic
	C:/Program Files/Go/src/runtime/panic.go:1047
runtime.panicmem
	C:/Program Files/Go/src/runtime/panic.go:221
runtime.sigpanic
	C:/Program Files/Go/src/runtime/signal_windows.go:254
admin/pages/AutoPages.GetTClientVersionTable.func1
	F:/go-admin/admin/pages/AutoPages/t_client_version.go:68
github.com/GoAdminGroup/go-admin/template/types.Handler.Wrap.func1
	F:/go-admin/admin/go-admin@v1.2.23/template/types/info.go:746
github.com/GoAdminGroup/go-admin/plugins/admin/controller.(*Handler).OperationHandler
	F:/go-admin/admin/go-admin@v1.2.23/plugins/admin/controller/common.go:154
github.com/GoAdminGroup/go-admin/plugins/admin/controller.(*Handler).Operation
	F:/go-admin/admin/go-admin@v1.2.23/plugins/admin/controller/operation.go:15
github.com/GoAdminGroup/go-admin/context.(*Context).Next
	F:/go-admin/admin/go-admin@v1.2.23/context/context.go:101
github.com/GoAdminGroup/go-admin/modules/auth.(*Invoker).Middleware.func1
	F:/go-admin/admin/go-admin@v1.2.23/modules/auth/middleware.go:132
github.com/GoAdminGroup/go-admin/context.(*Context).Next
	F:/go-admin/admin/go-admin@v1.2.23/context/context.go:101
github.com/GoAdminGroup/go-admin/plugins/admin.(*Admin).globalErrorHandler
	F:/go-admin/admin/go-admin@v1.2.23/plugins/admin/router.go:106
github.com/GoAdminGroup/go-admin/context.(*Context).Next
	F:/go-admin/admin/go-admin@v1.2.23/context/context.go:101
github.com/GoAdminGroup/go-admin/adapter/gin.(*Gin).AddHandler.func1
	F:/go-admin/admin/go-admin@v1.2.23/adapter/gin/gin.go:91
github.com/gin-gonic/gin.(*Context).Next
	D:/goproject/pkg/mod/github.com/gin-gonic/gin@v1.7.7/context.go:168
github.com/gin-gonic/gin.CustomRecoveryWithWriter.func1
	D:/goproject/pkg/mod/github.com/gin-gonic/gin@v1.7.7/recovery.go:99
github.com/gin-gonic/gin.(*Context).Next
	D:/goproject/pkg/mod/github.com/gin-gonic/gin@v1.7.7/context.go:168
github.com/gin-gonic/gin.LoggerWithConfig.func1
	D:/goproject/pkg/mod/github.com/gin-gonic/gin@v1.7.7/logger.go:241
github.com/gin-gonic/gin.(*Context).Next
	D:/goproject/pkg/mod/github.com/gin-gonic/gin@v1.7.7/context.go:168
github.com/gin-gonic/gin.(*Engine).handleHTTPRequest
	D:/goproject/pkg/mod/github.com/gin-gonic/gin@v1.7.7/gin.go:555
github.com/gin-gonic/gin.(*Engine).ServeHTTP
	D:/goproject/pkg/mod/github.com/gin-gonic/gin@v1.7.7/gin.go:511
net/http.serverHandler.ServeHTTP
	C:/Program Files/Go/src/net/http/server.go:2878
net/http.(*conn).serve
	C:/Program Files/Go/src/net/http/server.go:1929
2022-10-12T14:28:41.079+0800	[31mERROR[0m	CustomPages/playerInfo.go:645	can`t find db_char serverId = 0
admin/pages/CustomPages.GetRetrievePWDPage.func2
	F:/go-admin/admin/pages/CustomPages/playerInfo.go:645
github.com/GoAdminGroup/go-admin/plugins/admin/modules/table.(*DefaultTable).GetData
	F:/go-admin/go-admin@v1.2.23/plugins/admin/modules/table/default.go:144
github.com/GoAdminGroup/go-admin/plugins/admin/controller.(*Handler).showTableData
	F:/go-admin/go-admin@v1.2.23/plugins/admin/controller/show.go:70
github.com/GoAdminGroup/go-admin/plugins/admin/controller.(*Handler).showTable
	F:/go-admin/go-admin@v1.2.23/plugins/admin/controller/show.go:102
github.com/GoAdminGroup/go-admin/plugins/admin/controller.(*Handler).ShowInfo
	F:/go-admin/go-admin@v1.2.23/plugins/admin/controller/show.go:60
github.com/GoAdminGroup/go-admin/context.(*Context).Next
	F:/go-admin/go-admin@v1.2.23/context/context.go:101
github.com/GoAdminGroup/go-admin/plugins/admin/modules/guard.(*Guard).CheckPrefix
	F:/go-admin/go-admin@v1.2.23/plugins/admin/modules/guard/guard.go:51
github.com/GoAdminGroup/go-admin/context.(*Context).Next
	F:/go-admin/go-admin@v1.2.23/context/context.go:101
github.com/GoAdminGroup/go-admin/modules/auth.(*Invoker).Middleware.func1
	F:/go-admin/go-admin@v1.2.23/modules/auth/middleware.go:132
github.com/GoAdminGroup/go-admin/context.(*Context).Next
	F:/go-admin/go-admin@v1.2.23/context/context.go:101
github.com/GoAdminGroup/go-admin/plugins/admin.(*Admin).globalErrorHandler
	F:/go-admin/go-admin@v1.2.23/plugins/admin/router.go:106
github.com/GoAdminGroup/go-admin/context.(*Context).Next
	F:/go-admin/go-admin@v1.2.23/context/context.go:101
github.com/GoAdminGroup/go-admin/adapter/gin.(*Gin).AddHandler.func1
	F:/go-admin/go-admin@v1.2.23/adapter/gin/gin.go:91
github.com/gin-gonic/gin.(*Context).Next
	D:/goproject/pkg/mod/github.com/gin-gonic/gin@v1.7.7/context.go:168
github.com/gin-gonic/gin.CustomRecoveryWithWriter.func1
	D:/goproject/pkg/mod/github.com/gin-gonic/gin@v1.7.7/recovery.go:99
github.com/gin-gonic/gin.(*Context).Next
	D:/goproject/pkg/mod/github.com/gin-gonic/gin@v1.7.7/context.go:168
github.com/gin-gonic/gin.LoggerWithConfig.func1
	D:/goproject/pkg/mod/github.com/gin-gonic/gin@v1.7.7/logger.go:241
github.com/gin-gonic/gin.(*Context).Next
	D:/goproject/pkg/mod/github.com/gin-gonic/gin@v1.7.7/context.go:168
github.com/gin-gonic/gin.(*Engine).handleHTTPRequest
	D:/goproject/pkg/mod/github.com/gin-gonic/gin@v1.7.7/gin.go:555
github.com/gin-gonic/gin.(*Engine).ServeHTTP
	D:/goproject/pkg/mod/github.com/gin-gonic/gin@v1.7.7/gin.go:511
net/http.serverHandler.ServeHTTP
	C:/Program Files/Go/src/net/http/server.go:2878
net/http.(*conn).serve
	C:/Program Files/Go/src/net/http/server.go:1929
2022-10-12T14:32:09.659+0800	[31mERROR[0m	controller/handler.go:31	runtime error: invalid memory address or nil pointer dereference
github.com/GoAdminGroup/go-admin/plugins/admin/controller.(*Handler).GlobalDeferHandler
	F:/go-admin/go-admin@v1.2.23/plugins/admin/controller/handler.go:31
runtime.gopanic
	C:/Program Files/Go/src/runtime/panic.go:1047
runtime.panicmem
	C:/Program Files/Go/src/runtime/panic.go:221
runtime.sigpanic
	C:/Program Files/Go/src/runtime/signal_windows.go:254
github.com/GoAdminGroup/go-admin/template/types.FieldDisplay.ToDisplay
	F:/go-admin/go-admin@v1.2.23/template/types/display.go:39
github.com/GoAdminGroup/go-admin/plugins/admin/modules/table.(*DefaultTable).getTempModelData
	F:/go-admin/go-admin@v1.2.23/plugins/admin/modules/table/default.go:356
github.com/GoAdminGroup/go-admin/plugins/admin/modules/table.(*DefaultTable).GetData
	F:/go-admin/go-admin@v1.2.23/plugins/admin/modules/table/default.go:154
github.com/GoAdminGroup/go-admin/plugins/admin/controller.(*Handler).showTableData
	F:/go-admin/go-admin@v1.2.23/plugins/admin/controller/show.go:70
github.com/GoAdminGroup/go-admin/plugins/admin/controller.(*Handler).showTable
	F:/go-admin/go-admin@v1.2.23/plugins/admin/controller/show.go:102
github.com/GoAdminGroup/go-admin/plugins/admin/controller.(*Handler).ShowInfo
	F:/go-admin/go-admin@v1.2.23/plugins/admin/controller/show.go:60
github.com/GoAdminGroup/go-admin/context.(*Context).Next
	F:/go-admin/go-admin@v1.2.23/context/context.go:101
github.com/GoAdminGroup/go-admin/plugins/admin/modules/guard.(*Guard).CheckPrefix
	F:/go-admin/go-admin@v1.2.23/plugins/admin/modules/guard/guard.go:51
github.com/GoAdminGroup/go-admin/context.(*Context).Next
	F:/go-admin/go-admin@v1.2.23/context/context.go:101
github.com/GoAdminGroup/go-admin/modules/auth.(*Invoker).Middleware.func1
	F:/go-admin/go-admin@v1.2.23/modules/auth/middleware.go:132
github.com/GoAdminGroup/go-admin/context.(*Context).Next
	F:/go-admin/go-admin@v1.2.23/context/context.go:101
github.com/GoAdminGroup/go-admin/plugins/admin.(*Admin).globalErrorHandler
	F:/go-admin/go-admin@v1.2.23/plugins/admin/router.go:106
github.com/GoAdminGroup/go-admin/context.(*Context).Next
	F:/go-admin/go-admin@v1.2.23/context/context.go:101
github.com/GoAdminGroup/go-admin/adapter/gin.(*Gin).AddHandler.func1
	F:/go-admin/go-admin@v1.2.23/adapter/gin/gin.go:91
github.com/gin-gonic/gin.(*Context).Next
	D:/goproject/pkg/mod/github.com/gin-gonic/gin@v1.7.7/context.go:168
github.com/gin-gonic/gin.CustomRecoveryWithWriter.func1
	D:/goproject/pkg/mod/github.com/gin-gonic/gin@v1.7.7/recovery.go:99
github.com/gin-gonic/gin.(*Context).Next
	D:/goproject/pkg/mod/github.com/gin-gonic/gin@v1.7.7/context.go:168
github.com/gin-gonic/gin.LoggerWithConfig.func1
	D:/goproject/pkg/mod/github.com/gin-gonic/gin@v1.7.7/logger.go:241
github.com/gin-gonic/gin.(*Context).Next
	D:/goproject/pkg/mod/github.com/gin-gonic/gin@v1.7.7/context.go:168
github.com/gin-gonic/gin.(*Engine).handleHTTPRequest
	D:/goproject/pkg/mod/github.com/gin-gonic/gin@v1.7.7/gin.go:555
github.com/gin-gonic/gin.(*Engine).ServeHTTP
	D:/goproject/pkg/mod/github.com/gin-gonic/gin@v1.7.7/gin.go:511
net/http.serverHandler.ServeHTTP
	C:/Program Files/Go/src/net/http/server.go:2878
net/http.(*conn).serve
	C:/Program Files/Go/src/net/http/server.go:1929
2022-10-12T14:32:42.693+0800	[31mERROR[0m	controller/handler.go:31	runtime error: invalid memory address or nil pointer dereference
github.com/GoAdminGroup/go-admin/plugins/admin/controller.(*Handler).GlobalDeferHandler
	F:/go-admin/go-admin@v1.2.23/plugins/admin/controller/handler.go:31
runtime.gopanic
	C:/Program Files/Go/src/runtime/panic.go:1047
runtime.panicmem
	C:/Program Files/Go/src/runtime/panic.go:221
runtime.sigpanic
	C:/Program Files/Go/src/runtime/signal_windows.go:254
github.com/GoAdminGroup/go-admin/template/types.FieldDisplay.ToDisplay
	F:/go-admin/go-admin@v1.2.23/template/types/display.go:39
github.com/GoAdminGroup/go-admin/plugins/admin/modules/table.(*DefaultTable).getTempModelData
	F:/go-admin/go-admin@v1.2.23/plugins/admin/modules/table/default.go:356
github.com/GoAdminGroup/go-admin/plugins/admin/modules/table.(*DefaultTable).GetData
	F:/go-admin/go-admin@v1.2.23/plugins/admin/modules/table/default.go:154
github.com/GoAdminGroup/go-admin/plugins/admin/controller.(*Handler).showTableData
	F:/go-admin/go-admin@v1.2.23/plugins/admin/controller/show.go:70
github.com/GoAdminGroup/go-admin/plugins/admin/controller.(*Handler).showTable
	F:/go-admin/go-admin@v1.2.23/plugins/admin/controller/show.go:102
github.com/GoAdminGroup/go-admin/plugins/admin/controller.(*Handler).ShowInfo
	F:/go-admin/go-admin@v1.2.23/plugins/admin/controller/show.go:60
github.com/GoAdminGroup/go-admin/context.(*Context).Next
	F:/go-admin/go-admin@v1.2.23/context/context.go:101
github.com/GoAdminGroup/go-admin/plugins/admin/modules/guard.(*Guard).CheckPrefix
	F:/go-admin/go-admin@v1.2.23/plugins/admin/modules/guard/guard.go:51
github.com/GoAdminGroup/go-admin/context.(*Context).Next
	F:/go-admin/go-admin@v1.2.23/context/context.go:101
github.com/GoAdminGroup/go-admin/modules/auth.(*Invoker).Middleware.func1
	F:/go-admin/go-admin@v1.2.23/modules/auth/middleware.go:132
github.com/GoAdminGroup/go-admin/context.(*Context).Next
	F:/go-admin/go-admin@v1.2.23/context/context.go:101
github.com/GoAdminGroup/go-admin/plugins/admin.(*Admin).globalErrorHandler
	F:/go-admin/go-admin@v1.2.23/plugins/admin/router.go:106
github.com/GoAdminGroup/go-admin/context.(*Context).Next
	F:/go-admin/go-admin@v1.2.23/context/context.go:101
github.com/GoAdminGroup/go-admin/adapter/gin.(*Gin).AddHandler.func1
	F:/go-admin/go-admin@v1.2.23/adapter/gin/gin.go:91
github.com/gin-gonic/gin.(*Context).Next
	D:/goproject/pkg/mod/github.com/gin-gonic/gin@v1.7.7/context.go:168
github.com/gin-gonic/gin.CustomRecoveryWithWriter.func1
	D:/goproject/pkg/mod/github.com/gin-gonic/gin@v1.7.7/recovery.go:99
github.com/gin-gonic/gin.(*Context).Next
	D:/goproject/pkg/mod/github.com/gin-gonic/gin@v1.7.7/context.go:168
github.com/gin-gonic/gin.LoggerWithConfig.func1
	D:/goproject/pkg/mod/github.com/gin-gonic/gin@v1.7.7/logger.go:241
github.com/gin-gonic/gin.(*Context).Next
	D:/goproject/pkg/mod/github.com/gin-gonic/gin@v1.7.7/context.go:168
github.com/gin-gonic/gin.(*Engine).handleHTTPRequest
	D:/goproject/pkg/mod/github.com/gin-gonic/gin@v1.7.7/gin.go:555
github.com/gin-gonic/gin.(*Engine).ServeHTTP
	D:/goproject/pkg/mod/github.com/gin-gonic/gin@v1.7.7/gin.go:511
net/http.serverHandler.ServeHTTP
	C:/Program Files/Go/src/net/http/server.go:2878
net/http.(*conn).serve
	C:/Program Files/Go/src/net/http/server.go:1929
2022-10-12T14:32:43.246+0800	[31mERROR[0m	controller/handler.go:31	runtime error: invalid memory address or nil pointer dereference
github.com/GoAdminGroup/go-admin/plugins/admin/controller.(*Handler).GlobalDeferHandler
	F:/go-admin/go-admin@v1.2.23/plugins/admin/controller/handler.go:31
runtime.gopanic
	C:/Program Files/Go/src/runtime/panic.go:1047
runtime.panicmem
	C:/Program Files/Go/src/runtime/panic.go:221
runtime.sigpanic
	C:/Program Files/Go/src/runtime/signal_windows.go:254
github.com/GoAdminGroup/go-admin/template/types.FieldDisplay.ToDisplay
	F:/go-admin/go-admin@v1.2.23/template/types/display.go:39
github.com/GoAdminGroup/go-admin/plugins/admin/modules/table.(*DefaultTable).getTempModelData
	F:/go-admin/go-admin@v1.2.23/plugins/admin/modules/table/default.go:356
github.com/GoAdminGroup/go-admin/plugins/admin/modules/table.(*DefaultTable).GetData
	F:/go-admin/go-admin@v1.2.23/plugins/admin/modules/table/default.go:154
github.com/GoAdminGroup/go-admin/plugins/admin/controller.(*Handler).showTableData
	F:/go-admin/go-admin@v1.2.23/plugins/admin/controller/show.go:70
github.com/GoAdminGroup/go-admin/plugins/admin/controller.(*Handler).showTable
	F:/go-admin/go-admin@v1.2.23/plugins/admin/controller/show.go:102
github.com/GoAdminGroup/go-admin/plugins/admin/controller.(*Handler).ShowInfo
	F:/go-admin/go-admin@v1.2.23/plugins/admin/controller/show.go:60
github.com/GoAdminGroup/go-admin/context.(*Context).Next
	F:/go-admin/go-admin@v1.2.23/context/context.go:101
github.com/GoAdminGroup/go-admin/plugins/admin/modules/guard.(*Guard).CheckPrefix
	F:/go-admin/go-admin@v1.2.23/plugins/admin/modules/guard/guard.go:51
github.com/GoAdminGroup/go-admin/context.(*Context).Next
	F:/go-admin/go-admin@v1.2.23/context/context.go:101
github.com/GoAdminGroup/go-admin/modules/auth.(*Invoker).Middleware.func1
	F:/go-admin/go-admin@v1.2.23/modules/auth/middleware.go:132
github.com/GoAdminGroup/go-admin/context.(*Context).Next
	F:/go-admin/go-admin@v1.2.23/context/context.go:101
github.com/GoAdminGroup/go-admin/plugins/admin.(*Admin).globalErrorHandler
	F:/go-admin/go-admin@v1.2.23/plugins/admin/router.go:106
github.com/GoAdminGroup/go-admin/context.(*Context).Next
	F:/go-admin/go-admin@v1.2.23/context/context.go:101
github.com/GoAdminGroup/go-admin/adapter/gin.(*Gin).AddHandler.func1
	F:/go-admin/go-admin@v1.2.23/adapter/gin/gin.go:91
github.com/gin-gonic/gin.(*Context).Next
	D:/goproject/pkg/mod/github.com/gin-gonic/gin@v1.7.7/context.go:168
github.com/gin-gonic/gin.CustomRecoveryWithWriter.func1
	D:/goproject/pkg/mod/github.com/gin-gonic/gin@v1.7.7/recovery.go:99
github.com/gin-gonic/gin.(*Context).Next
	D:/goproject/pkg/mod/github.com/gin-gonic/gin@v1.7.7/context.go:168
github.com/gin-gonic/gin.LoggerWithConfig.func1
	D:/goproject/pkg/mod/github.com/gin-gonic/gin@v1.7.7/logger.go:241
github.com/gin-gonic/gin.(*Context).Next
	D:/goproject/pkg/mod/github.com/gin-gonic/gin@v1.7.7/context.go:168
github.com/gin-gonic/gin.(*Engine).handleHTTPRequest
	D:/goproject/pkg/mod/github.com/gin-gonic/gin@v1.7.7/gin.go:555
github.com/gin-gonic/gin.(*Engine).ServeHTTP
	D:/goproject/pkg/mod/github.com/gin-gonic/gin@v1.7.7/gin.go:511
net/http.serverHandler.ServeHTTP
	C:/Program Files/Go/src/net/http/server.go:2878
net/http.(*conn).serve
	C:/Program Files/Go/src/net/http/server.go:1929
2022-10-12T14:32:43.450+0800	[31mERROR[0m	controller/handler.go:31	runtime error: invalid memory address or nil pointer dereference
github.com/GoAdminGroup/go-admin/plugins/admin/controller.(*Handler).GlobalDeferHandler
	F:/go-admin/go-admin@v1.2.23/plugins/admin/controller/handler.go:31
runtime.gopanic
	C:/Program Files/Go/src/runtime/panic.go:1047
runtime.panicmem
	C:/Program Files/Go/src/runtime/panic.go:221
runtime.sigpanic
	C:/Program Files/Go/src/runtime/signal_windows.go:254
github.com/GoAdminGroup/go-admin/template/types.FieldDisplay.ToDisplay
	F:/go-admin/go-admin@v1.2.23/template/types/display.go:39
github.com/GoAdminGroup/go-admin/plugins/admin/modules/table.(*DefaultTable).getTempModelData
	F:/go-admin/go-admin@v1.2.23/plugins/admin/modules/table/default.go:356
github.com/GoAdminGroup/go-admin/plugins/admin/modules/table.(*DefaultTable).GetData
	F:/go-admin/go-admin@v1.2.23/plugins/admin/modules/table/default.go:154
github.com/GoAdminGroup/go-admin/plugins/admin/controller.(*Handler).showTableData
	F:/go-admin/go-admin@v1.2.23/plugins/admin/controller/show.go:70
github.com/GoAdminGroup/go-admin/plugins/admin/controller.(*Handler).showTable
	F:/go-admin/go-admin@v1.2.23/plugins/admin/controller/show.go:102
github.com/GoAdminGroup/go-admin/plugins/admin/controller.(*Handler).ShowInfo
	F:/go-admin/go-admin@v1.2.23/plugins/admin/controller/show.go:60
github.com/GoAdminGroup/go-admin/context.(*Context).Next
	F:/go-admin/go-admin@v1.2.23/context/context.go:101
github.com/GoAdminGroup/go-admin/plugins/admin/modules/guard.(*Guard).CheckPrefix
	F:/go-admin/go-admin@v1.2.23/plugins/admin/modules/guard/guard.go:51
github.com/GoAdminGroup/go-admin/context.(*Context).Next
	F:/go-admin/go-admin@v1.2.23/context/context.go:101
github.com/GoAdminGroup/go-admin/modules/auth.(*Invoker).Middleware.func1
	F:/go-admin/go-admin@v1.2.23/modules/auth/middleware.go:132
github.com/GoAdminGroup/go-admin/context.(*Context).Next
	F:/go-admin/go-admin@v1.2.23/context/context.go:101
github.com/GoAdminGroup/go-admin/plugins/admin.(*Admin).globalErrorHandler
	F:/go-admin/go-admin@v1.2.23/plugins/admin/router.go:106
github.com/GoAdminGroup/go-admin/context.(*Context).Next
	F:/go-admin/go-admin@v1.2.23/context/context.go:101
github.com/GoAdminGroup/go-admin/adapter/gin.(*Gin).AddHandler.func1
	F:/go-admin/go-admin@v1.2.23/adapter/gin/gin.go:91
github.com/gin-gonic/gin.(*Context).Next
	D:/goproject/pkg/mod/github.com/gin-gonic/gin@v1.7.7/context.go:168
github.com/gin-gonic/gin.CustomRecoveryWithWriter.func1
	D:/goproject/pkg/mod/github.com/gin-gonic/gin@v1.7.7/recovery.go:99
github.com/gin-gonic/gin.(*Context).Next
	D:/goproject/pkg/mod/github.com/gin-gonic/gin@v1.7.7/context.go:168
github.com/gin-gonic/gin.LoggerWithConfig.func1
	D:/goproject/pkg/mod/github.com/gin-gonic/gin@v1.7.7/logger.go:241
github.com/gin-gonic/gin.(*Context).Next
	D:/goproject/pkg/mod/github.com/gin-gonic/gin@v1.7.7/context.go:168
github.com/gin-gonic/gin.(*Engine).handleHTTPRequest
	D:/goproject/pkg/mod/github.com/gin-gonic/gin@v1.7.7/gin.go:555
github.com/gin-gonic/gin.(*Engine).ServeHTTP
	D:/goproject/pkg/mod/github.com/gin-gonic/gin@v1.7.7/gin.go:511
net/http.serverHandler.ServeHTTP
	C:/Program Files/Go/src/net/http/server.go:2878
net/http.(*conn).serve
	C:/Program Files/Go/src/net/http/server.go:1929
2022-10-12T14:32:43.646+0800	[31mERROR[0m	controller/handler.go:31	runtime error: invalid memory address or nil pointer dereference
github.com/GoAdminGroup/go-admin/plugins/admin/controller.(*Handler).GlobalDeferHandler
	F:/go-admin/go-admin@v1.2.23/plugins/admin/controller/handler.go:31
runtime.gopanic
	C:/Program Files/Go/src/runtime/panic.go:1047
runtime.panicmem
	C:/Program Files/Go/src/runtime/panic.go:221
runtime.sigpanic
	C:/Program Files/Go/src/runtime/signal_windows.go:254
github.com/GoAdminGroup/go-admin/template/types.FieldDisplay.ToDisplay
	F:/go-admin/go-admin@v1.2.23/template/types/display.go:39
github.com/GoAdminGroup/go-admin/plugins/admin/modules/table.(*DefaultTable).getTempModelData
	F:/go-admin/go-admin@v1.2.23/plugins/admin/modules/table/default.go:356
github.com/GoAdminGroup/go-admin/plugins/admin/modules/table.(*DefaultTable).GetData
	F:/go-admin/go-admin@v1.2.23/plugins/admin/modules/table/default.go:154
github.com/GoAdminGroup/go-admin/plugins/admin/controller.(*Handler).showTableData
	F:/go-admin/go-admin@v1.2.23/plugins/admin/controller/show.go:70
github.com/GoAdminGroup/go-admin/plugins/admin/controller.(*Handler).showTable
	F:/go-admin/go-admin@v1.2.23/plugins/admin/controller/show.go:102
github.com/GoAdminGroup/go-admin/plugins/admin/controller.(*Handler).ShowInfo
	F:/go-admin/go-admin@v1.2.23/plugins/admin/controller/show.go:60
github.com/GoAdminGroup/go-admin/context.(*Context).Next
	F:/go-admin/go-admin@v1.2.23/context/context.go:101
github.com/GoAdminGroup/go-admin/plugins/admin/modules/guard.(*Guard).CheckPrefix
	F:/go-admin/go-admin@v1.2.23/plugins/admin/modules/guard/guard.go:51
github.com/GoAdminGroup/go-admin/context.(*Context).Next
	F:/go-admin/go-admin@v1.2.23/context/context.go:101
github.com/GoAdminGroup/go-admin/modules/auth.(*Invoker).Middleware.func1
	F:/go-admin/go-admin@v1.2.23/modules/auth/middleware.go:132
github.com/GoAdminGroup/go-admin/context.(*Context).Next
	F:/go-admin/go-admin@v1.2.23/context/context.go:101
github.com/GoAdminGroup/go-admin/plugins/admin.(*Admin).globalErrorHandler
	F:/go-admin/go-admin@v1.2.23/plugins/admin/router.go:106
github.com/GoAdminGroup/go-admin/context.(*Context).Next
	F:/go-admin/go-admin@v1.2.23/context/context.go:101
github.com/GoAdminGroup/go-admin/adapter/gin.(*Gin).AddHandler.func1
	F:/go-admin/go-admin@v1.2.23/adapter/gin/gin.go:91
github.com/gin-gonic/gin.(*Context).Next
	D:/goproject/pkg/mod/github.com/gin-gonic/gin@v1.7.7/context.go:168
github.com/gin-gonic/gin.CustomRecoveryWithWriter.func1
	D:/goproject/pkg/mod/github.com/gin-gonic/gin@v1.7.7/recovery.go:99
github.com/gin-gonic/gin.(*Context).Next
	D:/goproject/pkg/mod/github.com/gin-gonic/gin@v1.7.7/context.go:168
github.com/gin-gonic/gin.LoggerWithConfig.func1
	D:/goproject/pkg/mod/github.com/gin-gonic/gin@v1.7.7/logger.go:241
github.com/gin-gonic/gin.(*Context).Next
	D:/goproject/pkg/mod/github.com/gin-gonic/gin@v1.7.7/context.go:168
github.com/gin-gonic/gin.(*Engine).handleHTTPRequest
	D:/goproject/pkg/mod/github.com/gin-gonic/gin@v1.7.7/gin.go:555
github.com/gin-gonic/gin.(*Engine).ServeHTTP
	D:/goproject/pkg/mod/github.com/gin-gonic/gin@v1.7.7/gin.go:511
net/http.serverHandler.ServeHTTP
	C:/Program Files/Go/src/net/http/server.go:2878
net/http.(*conn).serve
	C:/Program Files/Go/src/net/http/server.go:1929
2022-10-12T14:32:43.899+0800	[31mERROR[0m	controller/handler.go:31	runtime error: invalid memory address or nil pointer dereference
github.com/GoAdminGroup/go-admin/plugins/admin/controller.(*Handler).GlobalDeferHandler
	F:/go-admin/go-admin@v1.2.23/plugins/admin/controller/handler.go:31
runtime.gopanic
	C:/Program Files/Go/src/runtime/panic.go:1047
runtime.panicmem
	C:/Program Files/Go/src/runtime/panic.go:221
runtime.sigpanic
	C:/Program Files/Go/src/runtime/signal_windows.go:254
github.com/GoAdminGroup/go-admin/template/types.FieldDisplay.ToDisplay
	F:/go-admin/go-admin@v1.2.23/template/types/display.go:39
github.com/GoAdminGroup/go-admin/plugins/admin/modules/table.(*DefaultTable).getTempModelData
	F:/go-admin/go-admin@v1.2.23/plugins/admin/modules/table/default.go:356
github.com/GoAdminGroup/go-admin/plugins/admin/modules/table.(*DefaultTable).GetData
	F:/go-admin/go-admin@v1.2.23/plugins/admin/modules/table/default.go:154
github.com/GoAdminGroup/go-admin/plugins/admin/controller.(*Handler).showTableData
	F:/go-admin/go-admin@v1.2.23/plugins/admin/controller/show.go:70
github.com/GoAdminGroup/go-admin/plugins/admin/controller.(*Handler).showTable
	F:/go-admin/go-admin@v1.2.23/plugins/admin/controller/show.go:102
github.com/GoAdminGroup/go-admin/plugins/admin/controller.(*Handler).ShowInfo
	F:/go-admin/go-admin@v1.2.23/plugins/admin/controller/show.go:60
github.com/GoAdminGroup/go-admin/context.(*Context).Next
	F:/go-admin/go-admin@v1.2.23/context/context.go:101
github.com/GoAdminGroup/go-admin/plugins/admin/modules/guard.(*Guard).CheckPrefix
	F:/go-admin/go-admin@v1.2.23/plugins/admin/modules/guard/guard.go:51
github.com/GoAdminGroup/go-admin/context.(*Context).Next
	F:/go-admin/go-admin@v1.2.23/context/context.go:101
github.com/GoAdminGroup/go-admin/modules/auth.(*Invoker).Middleware.func1
	F:/go-admin/go-admin@v1.2.23/modules/auth/middleware.go:132
github.com/GoAdminGroup/go-admin/context.(*Context).Next
	F:/go-admin/go-admin@v1.2.23/context/context.go:101
github.com/GoAdminGroup/go-admin/plugins/admin.(*Admin).globalErrorHandler
	F:/go-admin/go-admin@v1.2.23/plugins/admin/router.go:106
github.com/GoAdminGroup/go-admin/context.(*Context).Next
	F:/go-admin/go-admin@v1.2.23/context/context.go:101
github.com/GoAdminGroup/go-admin/adapter/gin.(*Gin).AddHandler.func1
	F:/go-admin/go-admin@v1.2.23/adapter/gin/gin.go:91
github.com/gin-gonic/gin.(*Context).Next
	D:/goproject/pkg/mod/github.com/gin-gonic/gin@v1.7.7/context.go:168
github.com/gin-gonic/gin.CustomRecoveryWithWriter.func1
	D:/goproject/pkg/mod/github.com/gin-gonic/gin@v1.7.7/recovery.go:99
github.com/gin-gonic/gin.(*Context).Next
	D:/goproject/pkg/mod/github.com/gin-gonic/gin@v1.7.7/context.go:168
github.com/gin-gonic/gin.LoggerWithConfig.func1
	D:/goproject/pkg/mod/github.com/gin-gonic/gin@v1.7.7/logger.go:241
github.com/gin-gonic/gin.(*Context).Next
	D:/goproject/pkg/mod/github.com/gin-gonic/gin@v1.7.7/context.go:168
github.com/gin-gonic/gin.(*Engine).handleHTTPRequest
	D:/goproject/pkg/mod/github.com/gin-gonic/gin@v1.7.7/gin.go:555
github.com/gin-gonic/gin.(*Engine).ServeHTTP
	D:/goproject/pkg/mod/github.com/gin-gonic/gin@v1.7.7/gin.go:511
net/http.serverHandler.ServeHTTP
	C:/Program Files/Go/src/net/http/server.go:2878
net/http.(*conn).serve
	C:/Program Files/Go/src/net/http/server.go:1929
2022-10-12T14:32:44.094+0800	[31mERROR[0m	controller/handler.go:31	runtime error: invalid memory address or nil pointer dereference
github.com/GoAdminGroup/go-admin/plugins/admin/controller.(*Handler).GlobalDeferHandler
	F:/go-admin/go-admin@v1.2.23/plugins/admin/controller/handler.go:31
runtime.gopanic
	C:/Program Files/Go/src/runtime/panic.go:1047
runtime.panicmem
	C:/Program Files/Go/src/runtime/panic.go:221
runtime.sigpanic
	C:/Program Files/Go/src/runtime/signal_windows.go:254
github.com/GoAdminGroup/go-admin/template/types.FieldDisplay.ToDisplay
	F:/go-admin/go-admin@v1.2.23/template/types/display.go:39
github.com/GoAdminGroup/go-admin/plugins/admin/modules/table.(*DefaultTable).getTempModelData
	F:/go-admin/go-admin@v1.2.23/plugins/admin/modules/table/default.go:356
github.com/GoAdminGroup/go-admin/plugins/admin/modules/table.(*DefaultTable).GetData
	F:/go-admin/go-admin@v1.2.23/plugins/admin/modules/table/default.go:154
github.com/GoAdminGroup/go-admin/plugins/admin/controller.(*Handler).showTableData
	F:/go-admin/go-admin@v1.2.23/plugins/admin/controller/show.go:70
github.com/GoAdminGroup/go-admin/plugins/admin/controller.(*Handler).showTable
	F:/go-admin/go-admin@v1.2.23/plugins/admin/controller/show.go:102
github.com/GoAdminGroup/go-admin/plugins/admin/controller.(*Handler).ShowInfo
	F:/go-admin/go-admin@v1.2.23/plugins/admin/controller/show.go:60
github.com/GoAdminGroup/go-admin/context.(*Context).Next
	F:/go-admin/go-admin@v1.2.23/context/context.go:101
github.com/GoAdminGroup/go-admin/plugins/admin/modules/guard.(*Guard).CheckPrefix
	F:/go-admin/go-admin@v1.2.23/plugins/admin/modules/guard/guard.go:51
github.com/GoAdminGroup/go-admin/context.(*Context).Next
	F:/go-admin/go-admin@v1.2.23/context/context.go:101
github.com/GoAdminGroup/go-admin/modules/auth.(*Invoker).Middleware.func1
	F:/go-admin/go-admin@v1.2.23/modules/auth/middleware.go:132
github.com/GoAdminGroup/go-admin/context.(*Context).Next
	F:/go-admin/go-admin@v1.2.23/context/context.go:101
github.com/GoAdminGroup/go-admin/plugins/admin.(*Admin).globalErrorHandler
	F:/go-admin/go-admin@v1.2.23/plugins/admin/router.go:106
github.com/GoAdminGroup/go-admin/context.(*Context).Next
	F:/go-admin/go-admin@v1.2.23/context/context.go:101
github.com/GoAdminGroup/go-admin/adapter/gin.(*Gin).AddHandler.func1
	F:/go-admin/go-admin@v1.2.23/adapter/gin/gin.go:91
github.com/gin-gonic/gin.(*Context).Next
	D:/goproject/pkg/mod/github.com/gin-gonic/gin@v1.7.7/context.go:168
github.com/gin-gonic/gin.CustomRecoveryWithWriter.func1
	D:/goproject/pkg/mod/github.com/gin-gonic/gin@v1.7.7/recovery.go:99
github.com/gin-gonic/gin.(*Context).Next
	D:/goproject/pkg/mod/github.com/gin-gonic/gin@v1.7.7/context.go:168
github.com/gin-gonic/gin.LoggerWithConfig.func1
	D:/goproject/pkg/mod/github.com/gin-gonic/gin@v1.7.7/logger.go:241
github.com/gin-gonic/gin.(*Context).Next
	D:/goproject/pkg/mod/github.com/gin-gonic/gin@v1.7.7/context.go:168
github.com/gin-gonic/gin.(*Engine).handleHTTPRequest
	D:/goproject/pkg/mod/github.com/gin-gonic/gin@v1.7.7/gin.go:555
github.com/gin-gonic/gin.(*Engine).ServeHTTP
	D:/goproject/pkg/mod/github.com/gin-gonic/gin@v1.7.7/gin.go:511
net/http.serverHandler.ServeHTTP
	C:/Program Files/Go/src/net/http/server.go:2878
net/http.(*conn).serve
	C:/Program Files/Go/src/net/http/server.go:1929
2022-10-12T14:39:43.402+0800	[31mERROR[0m	CustomPages/playerInfo.go:638	can`t find db_char serverId = 0
admin/pages/CustomPages.GetRetrievePWDPage.func1
	F:/go-admin/admin/pages/CustomPages/playerInfo.go:638
github.com/GoAdminGroup/go-admin/plugins/admin/modules/table.(*DefaultTable).GetData
	F:/go-admin/go-admin@v1.2.23/plugins/admin/modules/table/default.go:144
github.com/GoAdminGroup/go-admin/plugins/admin/controller.(*Handler).showTableData
	F:/go-admin/go-admin@v1.2.23/plugins/admin/controller/show.go:70
github.com/GoAdminGroup/go-admin/plugins/admin/controller.(*Handler).showTable
	F:/go-admin/go-admin@v1.2.23/plugins/admin/controller/show.go:102
github.com/GoAdminGroup/go-admin/plugins/admin/controller.(*Handler).ShowInfo
	F:/go-admin/go-admin@v1.2.23/plugins/admin/controller/show.go:60
github.com/GoAdminGroup/go-admin/context.(*Context).Next
	F:/go-admin/go-admin@v1.2.23/context/context.go:101
github.com/GoAdminGroup/go-admin/plugins/admin/modules/guard.(*Guard).CheckPrefix
	F:/go-admin/go-admin@v1.2.23/plugins/admin/modules/guard/guard.go:51
github.com/GoAdminGroup/go-admin/context.(*Context).Next
	F:/go-admin/go-admin@v1.2.23/context/context.go:101
github.com/GoAdminGroup/go-admin/modules/auth.(*Invoker).Middleware.func1
	F:/go-admin/go-admin@v1.2.23/modules/auth/middleware.go:132
github.com/GoAdminGroup/go-admin/context.(*Context).Next
	F:/go-admin/go-admin@v1.2.23/context/context.go:101
github.com/GoAdminGroup/go-admin/plugins/admin.(*Admin).globalErrorHandler
	F:/go-admin/go-admin@v1.2.23/plugins/admin/router.go:106
github.com/GoAdminGroup/go-admin/context.(*Context).Next
	F:/go-admin/go-admin@v1.2.23/context/context.go:101
github.com/GoAdminGroup/go-admin/adapter/gin.(*Gin).AddHandler.func1
	F:/go-admin/go-admin@v1.2.23/adapter/gin/gin.go:91
github.com/gin-gonic/gin.(*Context).Next
	D:/goproject/pkg/mod/github.com/gin-gonic/gin@v1.7.7/context.go:168
github.com/gin-gonic/gin.CustomRecoveryWithWriter.func1
	D:/goproject/pkg/mod/github.com/gin-gonic/gin@v1.7.7/recovery.go:99
github.com/gin-gonic/gin.(*Context).Next
	D:/goproject/pkg/mod/github.com/gin-gonic/gin@v1.7.7/context.go:168
github.com/gin-gonic/gin.LoggerWithConfig.func1
	D:/goproject/pkg/mod/github.com/gin-gonic/gin@v1.7.7/logger.go:241
github.com/gin-gonic/gin.(*Context).Next
	D:/goproject/pkg/mod/github.com/gin-gonic/gin@v1.7.7/context.go:168
github.com/gin-gonic/gin.(*Engine).handleHTTPRequest
	D:/goproject/pkg/mod/github.com/gin-gonic/gin@v1.7.7/gin.go:555
github.com/gin-gonic/gin.(*Engine).ServeHTTP
	D:/goproject/pkg/mod/github.com/gin-gonic/gin@v1.7.7/gin.go:511
net/http.serverHandler.ServeHTTP
	C:/Program Files/Go/src/net/http/server.go:2878
net/http.(*conn).serve
	C:/Program Files/Go/src/net/http/server.go:1929
2022-10-12T14:39:44.324+0800	[31mERROR[0m	CustomPages/playerInfo.go:638	can`t find db_char serverId = 0
admin/pages/CustomPages.GetRetrievePWDPage.func1
	F:/go-admin/admin/pages/CustomPages/playerInfo.go:638
github.com/GoAdminGroup/go-admin/plugins/admin/modules/table.(*DefaultTable).GetData
	F:/go-admin/go-admin@v1.2.23/plugins/admin/modules/table/default.go:144
github.com/GoAdminGroup/go-admin/plugins/admin/controller.(*Handler).showTableData
	F:/go-admin/go-admin@v1.2.23/plugins/admin/controller/show.go:70
github.com/GoAdminGroup/go-admin/plugins/admin/controller.(*Handler).showTable
	F:/go-admin/go-admin@v1.2.23/plugins/admin/controller/show.go:102
github.com/GoAdminGroup/go-admin/plugins/admin/controller.(*Handler).ShowInfo
	F:/go-admin/go-admin@v1.2.23/plugins/admin/controller/show.go:60
github.com/GoAdminGroup/go-admin/context.(*Context).Next
	F:/go-admin/go-admin@v1.2.23/context/context.go:101
github.com/GoAdminGroup/go-admin/plugins/admin/modules/guard.(*Guard).CheckPrefix
	F:/go-admin/go-admin@v1.2.23/plugins/admin/modules/guard/guard.go:51
github.com/GoAdminGroup/go-admin/context.(*Context).Next
	F:/go-admin/go-admin@v1.2.23/context/context.go:101
github.com/GoAdminGroup/go-admin/modules/auth.(*Invoker).Middleware.func1
	F:/go-admin/go-admin@v1.2.23/modules/auth/middleware.go:132
github.com/GoAdminGroup/go-admin/context.(*Context).Next
	F:/go-admin/go-admin@v1.2.23/context/context.go:101
github.com/GoAdminGroup/go-admin/plugins/admin.(*Admin).globalErrorHandler
	F:/go-admin/go-admin@v1.2.23/plugins/admin/router.go:106
github.com/GoAdminGroup/go-admin/context.(*Context).Next
	F:/go-admin/go-admin@v1.2.23/context/context.go:101
github.com/GoAdminGroup/go-admin/adapter/gin.(*Gin).AddHandler.func1
	F:/go-admin/go-admin@v1.2.23/adapter/gin/gin.go:91
github.com/gin-gonic/gin.(*Context).Next
	D:/goproject/pkg/mod/github.com/gin-gonic/gin@v1.7.7/context.go:168
github.com/gin-gonic/gin.CustomRecoveryWithWriter.func1
	D:/goproject/pkg/mod/github.com/gin-gonic/gin@v1.7.7/recovery.go:99
github.com/gin-gonic/gin.(*Context).Next
	D:/goproject/pkg/mod/github.com/gin-gonic/gin@v1.7.7/context.go:168
github.com/gin-gonic/gin.LoggerWithConfig.func1
	D:/goproject/pkg/mod/github.com/gin-gonic/gin@v1.7.7/logger.go:241
github.com/gin-gonic/gin.(*Context).Next
	D:/goproject/pkg/mod/github.com/gin-gonic/gin@v1.7.7/context.go:168
github.com/gin-gonic/gin.(*Engine).handleHTTPRequest
	D:/goproject/pkg/mod/github.com/gin-gonic/gin@v1.7.7/gin.go:555
github.com/gin-gonic/gin.(*Engine).ServeHTTP
	D:/goproject/pkg/mod/github.com/gin-gonic/gin@v1.7.7/gin.go:511
net/http.serverHandler.ServeHTTP
	C:/Program Files/Go/src/net/http/server.go:2878
net/http.(*conn).serve
	C:/Program Files/Go/src/net/http/server.go:1929
2022-12-19T10:13:54.949+0800	[31mERROR[0m	fusion/Tools.go:1420	funcRetErr=http.ListenAndServe||err=%slisten tcp :6060: bind: Only one usage of each socket address (protocol/network address/port) is normally permitted.
admin/fusion.InitPprofMonitor.func1
	F:/go-admin/admin/fusion/Tools.go:1420
2023-01-10T09:58:10.501+0800	[31mERROR[0m	fusion/Tools.go:1420	funcRetErr=http.ListenAndServe||err=%slisten tcp :6060: bind: Only one usage of each socket address (protocol/network address/port) is normally permitted.
admin/fusion.InitPprofMonitor.func1
	F:/go-admin/admin/fusion/Tools.go:1420
2023-02-13T14:32:36.962+0800	[31mERROR[0m	fusion/Tools.go:1420	funcRetErr=http.ListenAndServe||err=%slisten tcp :6060: bind: Only one usage of each socket address (protocol/network address/port) is normally permitted.
admin/fusion.InitPprofMonitor.func1
	F:/go-admin/admin/fusion/Tools.go:1420
2023-09-25T15:49:56.453+0800	[31mERROR[0m	controller/handler.go:31	runtime error: index out of range [0] with length 0
github.com/GoAdminGroup/go-admin/plugins/admin/controller.(*Handler).GlobalDeferHandler
	F:/go-admin/go-admin@v1.2.23/plugins/admin/controller/handler.go:31
runtime.gopanic
	C:/Program Files/Go/src/runtime/panic.go:1047
runtime.goPanicIndex
	C:/Program Files/Go/src/runtime/panic.go:90
admin/pages/CustomPages.GetPlayerCCU4Career.func1
	F:/go-admin/admin/pages/CustomPages/playerCCU4Career.go:197
github.com/GoAdminGroup/go-admin/plugins/admin/modules/table.(*DefaultTable).GetData
	F:/go-admin/go-admin@v1.2.23/plugins/admin/modules/table/default.go:144
github.com/GoAdminGroup/go-admin/plugins/admin/controller.(*Handler).showTableData
	F:/go-admin/go-admin@v1.2.23/plugins/admin/controller/show.go:70
github.com/GoAdminGroup/go-admin/plugins/admin/controller.(*Handler).showTable
	F:/go-admin/go-admin@v1.2.23/plugins/admin/controller/show.go:102
github.com/GoAdminGroup/go-admin/plugins/admin/controller.(*Handler).ShowInfo
	F:/go-admin/go-admin@v1.2.23/plugins/admin/controller/show.go:60
github.com/GoAdminGroup/go-admin/context.(*Context).Next
	F:/go-admin/go-admin@v1.2.23/context/context.go:101
github.com/GoAdminGroup/go-admin/plugins/admin/modules/guard.(*Guard).CheckPrefix
	F:/go-admin/go-admin@v1.2.23/plugins/admin/modules/guard/guard.go:51
github.com/GoAdminGroup/go-admin/context.(*Context).Next
	F:/go-admin/go-admin@v1.2.23/context/context.go:101
github.com/GoAdminGroup/go-admin/modules/auth.(*Invoker).Middleware.func1
	F:/go-admin/go-admin@v1.2.23/modules/auth/middleware.go:132
github.com/GoAdminGroup/go-admin/context.(*Context).Next
	F:/go-admin/go-admin@v1.2.23/context/context.go:101
github.com/GoAdminGroup/go-admin/plugins/admin.(*Admin).globalErrorHandler
	F:/go-admin/go-admin@v1.2.23/plugins/admin/router.go:106
github.com/GoAdminGroup/go-admin/context.(*Context).Next
	F:/go-admin/go-admin@v1.2.23/context/context.go:101
github.com/GoAdminGroup/go-admin/adapter/gin.(*Gin).AddHandler.func1
	F:/go-admin/go-admin@v1.2.23/adapter/gin/gin.go:91
github.com/gin-gonic/gin.(*Context).Next
	D:/goproject/pkg/mod/github.com/gin-gonic/gin@v1.7.7/context.go:168
github.com/gin-gonic/gin.CustomRecoveryWithWriter.func1
	D:/goproject/pkg/mod/github.com/gin-gonic/gin@v1.7.7/recovery.go:99
github.com/gin-gonic/gin.(*Context).Next
	D:/goproject/pkg/mod/github.com/gin-gonic/gin@v1.7.7/context.go:168
github.com/gin-gonic/gin.LoggerWithConfig.func1
	D:/goproject/pkg/mod/github.com/gin-gonic/gin@v1.7.7/logger.go:241
github.com/gin-gonic/gin.(*Context).Next
	D:/goproject/pkg/mod/github.com/gin-gonic/gin@v1.7.7/context.go:168
github.com/gin-gonic/gin.(*Engine).handleHTTPRequest
	D:/goproject/pkg/mod/github.com/gin-gonic/gin@v1.7.7/gin.go:555
github.com/gin-gonic/gin.(*Engine).ServeHTTP
	D:/goproject/pkg/mod/github.com/gin-gonic/gin@v1.7.7/gin.go:511
net/http.serverHandler.ServeHTTP
	C:/Program Files/Go/src/net/http/server.go:2878
net/http.(*conn).serve
	C:/Program Files/Go/src/net/http/server.go:1929
2023-09-25T15:49:59.081+0800	[31mERROR[0m	controller/handler.go:31	runtime error: index out of range [0] with length 0
github.com/GoAdminGroup/go-admin/plugins/admin/controller.(*Handler).GlobalDeferHandler
	F:/go-admin/go-admin@v1.2.23/plugins/admin/controller/handler.go:31
runtime.gopanic
	C:/Program Files/Go/src/runtime/panic.go:1047
runtime.goPanicIndex
	C:/Program Files/Go/src/runtime/panic.go:90
admin/pages/CustomPages.GetPlayerCCU4Career.func1
	F:/go-admin/admin/pages/CustomPages/playerCCU4Career.go:197
github.com/GoAdminGroup/go-admin/plugins/admin/modules/table.(*DefaultTable).GetData
	F:/go-admin/go-admin@v1.2.23/plugins/admin/modules/table/default.go:144
github.com/GoAdminGroup/go-admin/plugins/admin/controller.(*Handler).showTableData
	F:/go-admin/go-admin@v1.2.23/plugins/admin/controller/show.go:70
github.com/GoAdminGroup/go-admin/plugins/admin/controller.(*Handler).showTable
	F:/go-admin/go-admin@v1.2.23/plugins/admin/controller/show.go:102
github.com/GoAdminGroup/go-admin/plugins/admin/controller.(*Handler).ShowInfo
	F:/go-admin/go-admin@v1.2.23/plugins/admin/controller/show.go:60
github.com/GoAdminGroup/go-admin/context.(*Context).Next
	F:/go-admin/go-admin@v1.2.23/context/context.go:101
github.com/GoAdminGroup/go-admin/plugins/admin/modules/guard.(*Guard).CheckPrefix
	F:/go-admin/go-admin@v1.2.23/plugins/admin/modules/guard/guard.go:51
github.com/GoAdminGroup/go-admin/context.(*Context).Next
	F:/go-admin/go-admin@v1.2.23/context/context.go:101
github.com/GoAdminGroup/go-admin/modules/auth.(*Invoker).Middleware.func1
	F:/go-admin/go-admin@v1.2.23/modules/auth/middleware.go:132
github.com/GoAdminGroup/go-admin/context.(*Context).Next
	F:/go-admin/go-admin@v1.2.23/context/context.go:101
github.com/GoAdminGroup/go-admin/plugins/admin.(*Admin).globalErrorHandler
	F:/go-admin/go-admin@v1.2.23/plugins/admin/router.go:106
github.com/GoAdminGroup/go-admin/context.(*Context).Next
	F:/go-admin/go-admin@v1.2.23/context/context.go:101
github.com/GoAdminGroup/go-admin/adapter/gin.(*Gin).AddHandler.func1
	F:/go-admin/go-admin@v1.2.23/adapter/gin/gin.go:91
github.com/gin-gonic/gin.(*Context).Next
	D:/goproject/pkg/mod/github.com/gin-gonic/gin@v1.7.7/context.go:168
github.com/gin-gonic/gin.CustomRecoveryWithWriter.func1
	D:/goproject/pkg/mod/github.com/gin-gonic/gin@v1.7.7/recovery.go:99
github.com/gin-gonic/gin.(*Context).Next
	D:/goproject/pkg/mod/github.com/gin-gonic/gin@v1.7.7/context.go:168
github.com/gin-gonic/gin.LoggerWithConfig.func1
	D:/goproject/pkg/mod/github.com/gin-gonic/gin@v1.7.7/logger.go:241
github.com/gin-gonic/gin.(*Context).Next
	D:/goproject/pkg/mod/github.com/gin-gonic/gin@v1.7.7/context.go:168
github.com/gin-gonic/gin.(*Engine).handleHTTPRequest
	D:/goproject/pkg/mod/github.com/gin-gonic/gin@v1.7.7/gin.go:555
github.com/gin-gonic/gin.(*Engine).ServeHTTP
	D:/goproject/pkg/mod/github.com/gin-gonic/gin@v1.7.7/gin.go:511
net/http.serverHandler.ServeHTTP
	C:/Program Files/Go/src/net/http/server.go:2878
net/http.(*conn).serve
	C:/Program Files/Go/src/net/http/server.go:1929
2023-09-25T15:50:31.296+0800	[31mERROR[0m	controller/handler.go:31	runtime error: index out of range [0] with length 0
github.com/GoAdminGroup/go-admin/plugins/admin/controller.(*Handler).GlobalDeferHandler
	F:/go-admin/go-admin@v1.2.23/plugins/admin/controller/handler.go:31
runtime.gopanic
	C:/Program Files/Go/src/runtime/panic.go:1047
runtime.goPanicIndex
	C:/Program Files/Go/src/runtime/panic.go:90
admin/pages/CustomPages.GetPlayerCCU4Career.func1
	F:/go-admin/admin/pages/CustomPages/playerCCU4Career.go:197
github.com/GoAdminGroup/go-admin/plugins/admin/modules/table.(*DefaultTable).GetData
	F:/go-admin/go-admin@v1.2.23/plugins/admin/modules/table/default.go:144
github.com/GoAdminGroup/go-admin/plugins/admin/controller.(*Handler).showTableData
	F:/go-admin/go-admin@v1.2.23/plugins/admin/controller/show.go:70
github.com/GoAdminGroup/go-admin/plugins/admin/controller.(*Handler).showTable
	F:/go-admin/go-admin@v1.2.23/plugins/admin/controller/show.go:102
github.com/GoAdminGroup/go-admin/plugins/admin/controller.(*Handler).ShowInfo
	F:/go-admin/go-admin@v1.2.23/plugins/admin/controller/show.go:60
github.com/GoAdminGroup/go-admin/context.(*Context).Next
	F:/go-admin/go-admin@v1.2.23/context/context.go:101
github.com/GoAdminGroup/go-admin/plugins/admin/modules/guard.(*Guard).CheckPrefix
	F:/go-admin/go-admin@v1.2.23/plugins/admin/modules/guard/guard.go:51
github.com/GoAdminGroup/go-admin/context.(*Context).Next
	F:/go-admin/go-admin@v1.2.23/context/context.go:101
github.com/GoAdminGroup/go-admin/modules/auth.(*Invoker).Middleware.func1
	F:/go-admin/go-admin@v1.2.23/modules/auth/middleware.go:132
github.com/GoAdminGroup/go-admin/context.(*Context).Next
	F:/go-admin/go-admin@v1.2.23/context/context.go:101
github.com/GoAdminGroup/go-admin/plugins/admin.(*Admin).globalErrorHandler
	F:/go-admin/go-admin@v1.2.23/plugins/admin/router.go:106
github.com/GoAdminGroup/go-admin/context.(*Context).Next
	F:/go-admin/go-admin@v1.2.23/context/context.go:101
github.com/GoAdminGroup/go-admin/adapter/gin.(*Gin).AddHandler.func1
	F:/go-admin/go-admin@v1.2.23/adapter/gin/gin.go:91
github.com/gin-gonic/gin.(*Context).Next
	D:/goproject/pkg/mod/github.com/gin-gonic/gin@v1.7.7/context.go:168
github.com/gin-gonic/gin.CustomRecoveryWithWriter.func1
	D:/goproject/pkg/mod/github.com/gin-gonic/gin@v1.7.7/recovery.go:99
github.com/gin-gonic/gin.(*Context).Next
	D:/goproject/pkg/mod/github.com/gin-gonic/gin@v1.7.7/context.go:168
github.com/gin-gonic/gin.LoggerWithConfig.func1
	D:/goproject/pkg/mod/github.com/gin-gonic/gin@v1.7.7/logger.go:241
github.com/gin-gonic/gin.(*Context).Next
	D:/goproject/pkg/mod/github.com/gin-gonic/gin@v1.7.7/context.go:168
github.com/gin-gonic/gin.(*Engine).handleHTTPRequest
	D:/goproject/pkg/mod/github.com/gin-gonic/gin@v1.7.7/gin.go:555
github.com/gin-gonic/gin.(*Engine).ServeHTTP
	D:/goproject/pkg/mod/github.com/gin-gonic/gin@v1.7.7/gin.go:511
net/http.serverHandler.ServeHTTP
	C:/Program Files/Go/src/net/http/server.go:2878
net/http.(*conn).serve
	C:/Program Files/Go/src/net/http/server.go:1929
2023-09-25T15:50:56.788+0800	[31mERROR[0m	controller/handler.go:31	runtime error: index out of range [0] with length 0
github.com/GoAdminGroup/go-admin/plugins/admin/controller.(*Handler).GlobalDeferHandler
	F:/go-admin/go-admin@v1.2.23/plugins/admin/controller/handler.go:31
runtime.gopanic
	C:/Program Files/Go/src/runtime/panic.go:1047
runtime.goPanicIndex
	C:/Program Files/Go/src/runtime/panic.go:90
admin/pages/CustomPages.GetPlayerCCU4Career.func1
	F:/go-admin/admin/pages/CustomPages/playerCCU4Career.go:197
github.com/GoAdminGroup/go-admin/plugins/admin/modules/table.(*DefaultTable).GetData
	F:/go-admin/go-admin@v1.2.23/plugins/admin/modules/table/default.go:144
github.com/GoAdminGroup/go-admin/plugins/admin/controller.(*Handler).showTableData
	F:/go-admin/go-admin@v1.2.23/plugins/admin/controller/show.go:70
github.com/GoAdminGroup/go-admin/plugins/admin/controller.(*Handler).showTable
	F:/go-admin/go-admin@v1.2.23/plugins/admin/controller/show.go:102
github.com/GoAdminGroup/go-admin/plugins/admin/controller.(*Handler).ShowInfo
	F:/go-admin/go-admin@v1.2.23/plugins/admin/controller/show.go:60
github.com/GoAdminGroup/go-admin/context.(*Context).Next
	F:/go-admin/go-admin@v1.2.23/context/context.go:101
github.com/GoAdminGroup/go-admin/plugins/admin/modules/guard.(*Guard).CheckPrefix
	F:/go-admin/go-admin@v1.2.23/plugins/admin/modules/guard/guard.go:51
github.com/GoAdminGroup/go-admin/context.(*Context).Next
	F:/go-admin/go-admin@v1.2.23/context/context.go:101
github.com/GoAdminGroup/go-admin/modules/auth.(*Invoker).Middleware.func1
	F:/go-admin/go-admin@v1.2.23/modules/auth/middleware.go:132
github.com/GoAdminGroup/go-admin/context.(*Context).Next
	F:/go-admin/go-admin@v1.2.23/context/context.go:101
github.com/GoAdminGroup/go-admin/plugins/admin.(*Admin).globalErrorHandler
	F:/go-admin/go-admin@v1.2.23/plugins/admin/router.go:106
github.com/GoAdminGroup/go-admin/context.(*Context).Next
	F:/go-admin/go-admin@v1.2.23/context/context.go:101
github.com/GoAdminGroup/go-admin/adapter/gin.(*Gin).AddHandler.func1
	F:/go-admin/go-admin@v1.2.23/adapter/gin/gin.go:91
github.com/gin-gonic/gin.(*Context).Next
	D:/goproject/pkg/mod/github.com/gin-gonic/gin@v1.7.7/context.go:168
github.com/gin-gonic/gin.CustomRecoveryWithWriter.func1
	D:/goproject/pkg/mod/github.com/gin-gonic/gin@v1.7.7/recovery.go:99
github.com/gin-gonic/gin.(*Context).Next
	D:/goproject/pkg/mod/github.com/gin-gonic/gin@v1.7.7/context.go:168
github.com/gin-gonic/gin.LoggerWithConfig.func1
	D:/goproject/pkg/mod/github.com/gin-gonic/gin@v1.7.7/logger.go:241
github.com/gin-gonic/gin.(*Context).Next
	D:/goproject/pkg/mod/github.com/gin-gonic/gin@v1.7.7/context.go:168
github.com/gin-gonic/gin.(*Engine).handleHTTPRequest
	D:/goproject/pkg/mod/github.com/gin-gonic/gin@v1.7.7/gin.go:555
github.com/gin-gonic/gin.(*Engine).ServeHTTP
	D:/goproject/pkg/mod/github.com/gin-gonic/gin@v1.7.7/gin.go:511
net/http.serverHandler.ServeHTTP
	C:/Program Files/Go/src/net/http/server.go:2878
net/http.(*conn).serve
	C:/Program Files/Go/src/net/http/server.go:1929
2023-09-25T15:51:50.158+0800	[31mERROR[0m	controller/handler.go:31	runtime error: index out of range [0] with length 0
github.com/GoAdminGroup/go-admin/plugins/admin/controller.(*Handler).GlobalDeferHandler
	F:/go-admin/go-admin@v1.2.23/plugins/admin/controller/handler.go:31
runtime.gopanic
	C:/Program Files/Go/src/runtime/panic.go:1047
runtime.goPanicIndex
	C:/Program Files/Go/src/runtime/panic.go:90
admin/pages/CustomPages.GetPlayerCCU4Career.func1
	F:/go-admin/admin/pages/CustomPages/playerCCU4Career.go:197
github.com/GoAdminGroup/go-admin/plugins/admin/modules/table.(*DefaultTable).GetData
	F:/go-admin/go-admin@v1.2.23/plugins/admin/modules/table/default.go:144
github.com/GoAdminGroup/go-admin/plugins/admin/controller.(*Handler).showTableData
	F:/go-admin/go-admin@v1.2.23/plugins/admin/controller/show.go:70
github.com/GoAdminGroup/go-admin/plugins/admin/controller.(*Handler).showTable
	F:/go-admin/go-admin@v1.2.23/plugins/admin/controller/show.go:102
github.com/GoAdminGroup/go-admin/plugins/admin/controller.(*Handler).ShowInfo
	F:/go-admin/go-admin@v1.2.23/plugins/admin/controller/show.go:60
github.com/GoAdminGroup/go-admin/context.(*Context).Next
	F:/go-admin/go-admin@v1.2.23/context/context.go:101
github.com/GoAdminGroup/go-admin/plugins/admin/modules/guard.(*Guard).CheckPrefix
	F:/go-admin/go-admin@v1.2.23/plugins/admin/modules/guard/guard.go:51
github.com/GoAdminGroup/go-admin/context.(*Context).Next
	F:/go-admin/go-admin@v1.2.23/context/context.go:101
github.com/GoAdminGroup/go-admin/modules/auth.(*Invoker).Middleware.func1
	F:/go-admin/go-admin@v1.2.23/modules/auth/middleware.go:132
github.com/GoAdminGroup/go-admin/context.(*Context).Next
	F:/go-admin/go-admin@v1.2.23/context/context.go:101
github.com/GoAdminGroup/go-admin/plugins/admin.(*Admin).globalErrorHandler
	F:/go-admin/go-admin@v1.2.23/plugins/admin/router.go:106
github.com/GoAdminGroup/go-admin/context.(*Context).Next
	F:/go-admin/go-admin@v1.2.23/context/context.go:101
github.com/GoAdminGroup/go-admin/adapter/gin.(*Gin).AddHandler.func1
	F:/go-admin/go-admin@v1.2.23/adapter/gin/gin.go:91
github.com/gin-gonic/gin.(*Context).Next
	D:/goproject/pkg/mod/github.com/gin-gonic/gin@v1.7.7/context.go:168
github.com/gin-gonic/gin.CustomRecoveryWithWriter.func1
	D:/goproject/pkg/mod/github.com/gin-gonic/gin@v1.7.7/recovery.go:99
github.com/gin-gonic/gin.(*Context).Next
	D:/goproject/pkg/mod/github.com/gin-gonic/gin@v1.7.7/context.go:168
github.com/gin-gonic/gin.LoggerWithConfig.func1
	D:/goproject/pkg/mod/github.com/gin-gonic/gin@v1.7.7/logger.go:241
github.com/gin-gonic/gin.(*Context).Next
	D:/goproject/pkg/mod/github.com/gin-gonic/gin@v1.7.7/context.go:168
github.com/gin-gonic/gin.(*Engine).handleHTTPRequest
	D:/goproject/pkg/mod/github.com/gin-gonic/gin@v1.7.7/gin.go:555
github.com/gin-gonic/gin.(*Engine).ServeHTTP
	D:/goproject/pkg/mod/github.com/gin-gonic/gin@v1.7.7/gin.go:511
net/http.serverHandler.ServeHTTP
	C:/Program Files/Go/src/net/http/server.go:2878
net/http.(*conn).serve
	C:/Program Files/Go/src/net/http/server.go:1929
2023-09-25T15:52:54.251+0800	[31mERROR[0m	controller/handler.go:31	runtime error: index out of range [0] with length 0
github.com/GoAdminGroup/go-admin/plugins/admin/controller.(*Handler).GlobalDeferHandler
	F:/go-admin/go-admin@v1.2.23/plugins/admin/controller/handler.go:31
runtime.gopanic
	C:/Program Files/Go/src/runtime/panic.go:1047
runtime.goPanicIndex
	C:/Program Files/Go/src/runtime/panic.go:90
admin/pages/CustomPages.GetPlayerCCU4Career.func1
	F:/go-admin/admin/pages/CustomPages/playerCCU4Career.go:197
github.com/GoAdminGroup/go-admin/plugins/admin/modules/table.(*DefaultTable).GetData
	F:/go-admin/go-admin@v1.2.23/plugins/admin/modules/table/default.go:144
github.com/GoAdminGroup/go-admin/plugins/admin/controller.(*Handler).showTableData
	F:/go-admin/go-admin@v1.2.23/plugins/admin/controller/show.go:70
github.com/GoAdminGroup/go-admin/plugins/admin/controller.(*Handler).showTable
	F:/go-admin/go-admin@v1.2.23/plugins/admin/controller/show.go:102
github.com/GoAdminGroup/go-admin/plugins/admin/controller.(*Handler).ShowInfo
	F:/go-admin/go-admin@v1.2.23/plugins/admin/controller/show.go:60
github.com/GoAdminGroup/go-admin/context.(*Context).Next
	F:/go-admin/go-admin@v1.2.23/context/context.go:101
github.com/GoAdminGroup/go-admin/plugins/admin/modules/guard.(*Guard).CheckPrefix
	F:/go-admin/go-admin@v1.2.23/plugins/admin/modules/guard/guard.go:51
github.com/GoAdminGroup/go-admin/context.(*Context).Next
	F:/go-admin/go-admin@v1.2.23/context/context.go:101
github.com/GoAdminGroup/go-admin/modules/auth.(*Invoker).Middleware.func1
	F:/go-admin/go-admin@v1.2.23/modules/auth/middleware.go:132
github.com/GoAdminGroup/go-admin/context.(*Context).Next
	F:/go-admin/go-admin@v1.2.23/context/context.go:101
github.com/GoAdminGroup/go-admin/plugins/admin.(*Admin).globalErrorHandler
	F:/go-admin/go-admin@v1.2.23/plugins/admin/router.go:106
github.com/GoAdminGroup/go-admin/context.(*Context).Next
	F:/go-admin/go-admin@v1.2.23/context/context.go:101
github.com/GoAdminGroup/go-admin/adapter/gin.(*Gin).AddHandler.func1
	F:/go-admin/go-admin@v1.2.23/adapter/gin/gin.go:91
github.com/gin-gonic/gin.(*Context).Next
	D:/goproject/pkg/mod/github.com/gin-gonic/gin@v1.7.7/context.go:168
github.com/gin-gonic/gin.CustomRecoveryWithWriter.func1
	D:/goproject/pkg/mod/github.com/gin-gonic/gin@v1.7.7/recovery.go:99
github.com/gin-gonic/gin.(*Context).Next
	D:/goproject/pkg/mod/github.com/gin-gonic/gin@v1.7.7/context.go:168
github.com/gin-gonic/gin.LoggerWithConfig.func1
	D:/goproject/pkg/mod/github.com/gin-gonic/gin@v1.7.7/logger.go:241
github.com/gin-gonic/gin.(*Context).Next
	D:/goproject/pkg/mod/github.com/gin-gonic/gin@v1.7.7/context.go:168
github.com/gin-gonic/gin.(*Engine).handleHTTPRequest
	D:/goproject/pkg/mod/github.com/gin-gonic/gin@v1.7.7/gin.go:555
github.com/gin-gonic/gin.(*Engine).ServeHTTP
	D:/goproject/pkg/mod/github.com/gin-gonic/gin@v1.7.7/gin.go:511
net/http.serverHandler.ServeHTTP
	C:/Program Files/Go/src/net/http/server.go:2878
net/http.(*conn).serve
	C:/Program Files/Go/src/net/http/server.go:1929
2023-09-25T17:03:11.524+0800	[31mERROR[0m	controller/handler.go:31	runtime error: invalid memory address or nil pointer dereference
github.com/GoAdminGroup/go-admin/plugins/admin/controller.(*Handler).GlobalDeferHandler
	F:/go-admin/go-admin@v1.2.23/plugins/admin/controller/handler.go:31
runtime.gopanic
	C:/Program Files/Go/src/runtime/panic.go:1047
runtime.panicmem
	C:/Program Files/Go/src/runtime/panic.go:221
runtime.sigpanic
	C:/Program Files/Go/src/runtime/signal_windows.go:254
gorm.io/gorm.(*DB).getInstance
	D:/goproject/pkg/mod/gorm.io/gorm@v1.23.1/gorm.go:363
gorm.io/gorm.(*DB).Table
	D:/goproject/pkg/mod/gorm.io/gorm@v1.23.1/chainable_api.go:48
admin/pages/CustomPages.GetPlayerCCU4Career.func1
	F:/go-admin/admin/pages/CustomPages/playerCCU4Career.go:145
github.com/GoAdminGroup/go-admin/plugins/admin/modules/table.(*DefaultTable).GetData
	F:/go-admin/go-admin@v1.2.23/plugins/admin/modules/table/default.go:144
github.com/GoAdminGroup/go-admin/plugins/admin/controller.(*Handler).showTableData
	F:/go-admin/go-admin@v1.2.23/plugins/admin/controller/show.go:70
github.com/GoAdminGroup/go-admin/plugins/admin/controller.(*Handler).showTable
	F:/go-admin/go-admin@v1.2.23/plugins/admin/controller/show.go:102
github.com/GoAdminGroup/go-admin/plugins/admin/controller.(*Handler).ShowInfo
	F:/go-admin/go-admin@v1.2.23/plugins/admin/controller/show.go:60
github.com/GoAdminGroup/go-admin/context.(*Context).Next
	F:/go-admin/go-admin@v1.2.23/context/context.go:101
github.com/GoAdminGroup/go-admin/plugins/admin/modules/guard.(*Guard).CheckPrefix
	F:/go-admin/go-admin@v1.2.23/plugins/admin/modules/guard/guard.go:51
github.com/GoAdminGroup/go-admin/context.(*Context).Next
	F:/go-admin/go-admin@v1.2.23/context/context.go:101
github.com/GoAdminGroup/go-admin/modules/auth.(*Invoker).Middleware.func1
	F:/go-admin/go-admin@v1.2.23/modules/auth/middleware.go:132
github.com/GoAdminGroup/go-admin/context.(*Context).Next
	F:/go-admin/go-admin@v1.2.23/context/context.go:101
github.com/GoAdminGroup/go-admin/plugins/admin.(*Admin).globalErrorHandler
	F:/go-admin/go-admin@v1.2.23/plugins/admin/router.go:106
github.com/GoAdminGroup/go-admin/context.(*Context).Next
	F:/go-admin/go-admin@v1.2.23/context/context.go:101
github.com/GoAdminGroup/go-admin/adapter/gin.(*Gin).AddHandler.func1
	F:/go-admin/go-admin@v1.2.23/adapter/gin/gin.go:91
github.com/gin-gonic/gin.(*Context).Next
	D:/goproject/pkg/mod/github.com/gin-gonic/gin@v1.7.7/context.go:168
github.com/gin-gonic/gin.CustomRecoveryWithWriter.func1
	D:/goproject/pkg/mod/github.com/gin-gonic/gin@v1.7.7/recovery.go:99
github.com/gin-gonic/gin.(*Context).Next
	D:/goproject/pkg/mod/github.com/gin-gonic/gin@v1.7.7/context.go:168
github.com/gin-gonic/gin.LoggerWithConfig.func1
	D:/goproject/pkg/mod/github.com/gin-gonic/gin@v1.7.7/logger.go:241
github.com/gin-gonic/gin.(*Context).Next
	D:/goproject/pkg/mod/github.com/gin-gonic/gin@v1.7.7/context.go:168
github.com/gin-gonic/gin.(*Engine).handleHTTPRequest
	D:/goproject/pkg/mod/github.com/gin-gonic/gin@v1.7.7/gin.go:555
github.com/gin-gonic/gin.(*Engine).ServeHTTP
	D:/goproject/pkg/mod/github.com/gin-gonic/gin@v1.7.7/gin.go:511
net/http.serverHandler.ServeHTTP
	C:/Program Files/Go/src/net/http/server.go:2878
net/http.(*conn).serve
	C:/Program Files/Go/src/net/http/server.go:1929
2023-10-16T16:58:01.925+0800	[31mERROR[0m	engine/engine.go:323	runtime error: index out of range [0] with length 0
github.com/GoAdminGroup/go-admin/engine.(*Engine).deferHandler.func1.1
	F:/go-admin/go-admin@v1.2.23/engine/engine.go:323
runtime.gopanic
	C:/Program Files/Go/src/runtime/panic.go:1047
runtime.goPanicIndex
	C:/Program Files/Go/src/runtime/panic.go:90
github.com/GoAdminGroup/go-admin/template/types.(*FormPanel).GroupField
	F:/go-admin/go-admin@v1.2.23/template/types/form.go:1595
admin/pages/CustomPages.GetBattleGroupingPage
	F:/go-admin/admin/pages/CustomPages/battleGrouping.go:68
github.com/GoAdminGroup/go-admin/engine.(*Engine).HTML.func1
	F:/go-admin/go-admin@v1.2.23/engine/engine.go:522
github.com/GoAdminGroup/go-admin/context.(*Context).Next
	F:/go-admin/go-admin@v1.2.23/context/context.go:101
github.com/GoAdminGroup/go-admin/modules/auth.(*Invoker).Middleware.func1
	F:/go-admin/go-admin@v1.2.23/modules/auth/middleware.go:132
github.com/GoAdminGroup/go-admin/context.(*Context).Next
	F:/go-admin/go-admin@v1.2.23/context/context.go:101
github.com/GoAdminGroup/go-admin/engine.(*Engine).deferHandler.func1
	F:/go-admin/go-admin@v1.2.23/engine/engine.go:350
github.com/GoAdminGroup/go-admin/context.(*Context).Next
	F:/go-admin/go-admin@v1.2.23/context/context.go:101
github.com/GoAdminGroup/go-admin/adapter/gin.(*Gin).AddHandler.func1
	F:/go-admin/go-admin@v1.2.23/adapter/gin/gin.go:91
github.com/gin-gonic/gin.(*Context).Next
	D:/goproject/pkg/mod/github.com/gin-gonic/gin@v1.7.7/context.go:168
github.com/gin-gonic/gin.CustomRecoveryWithWriter.func1
	D:/goproject/pkg/mod/github.com/gin-gonic/gin@v1.7.7/recovery.go:99
github.com/gin-gonic/gin.(*Context).Next
	D:/goproject/pkg/mod/github.com/gin-gonic/gin@v1.7.7/context.go:168
github.com/gin-gonic/gin.LoggerWithConfig.func1
	D:/goproject/pkg/mod/github.com/gin-gonic/gin@v1.7.7/logger.go:241
github.com/gin-gonic/gin.(*Context).Next
	D:/goproject/pkg/mod/github.com/gin-gonic/gin@v1.7.7/context.go:168
github.com/gin-gonic/gin.(*Engine).handleHTTPRequest
	D:/goproject/pkg/mod/github.com/gin-gonic/gin@v1.7.7/gin.go:555
github.com/gin-gonic/gin.(*Engine).ServeHTTP
	D:/goproject/pkg/mod/github.com/gin-gonic/gin@v1.7.7/gin.go:511
net/http.serverHandler.ServeHTTP
	C:/Program Files/Go/src/net/http/server.go:2878
net/http.(*conn).serve
	C:/Program Files/Go/src/net/http/server.go:1929
2023-10-16T16:58:01.947+0800	[31mERROR[0m	engine/engine.go:324	goroutine 71 [running]:
runtime/debug.Stack()
	C:/Program Files/Go/src/runtime/debug/stack.go:24 +0x7a
github.com/GoAdminGroup/go-admin/engine.(*Engine).deferHandler.func1.1(0xc00076ecc0)
	F:/go-admin/go-admin@v1.2.23/engine/engine.go:324 +0x496
panic({0x1041220, 0xc0002ccca8})
	C:/Program Files/Go/src/runtime/panic.go:1047 +0x262
github.com/GoAdminGroup/go-admin/template/types.(*FormPanel).GroupField(0xc000782000, {0x0, 0x0, 0x0})
	F:/go-admin/go-admin@v1.2.23/template/types/form.go:1595 +0x4b5
admin/pages/CustomPages.GetBattleGroupingPage(0xc00076ecc0)
	F:/go-admin/admin/pages/CustomPages/battleGrouping.go:68 +0xe85
github.com/GoAdminGroup/go-admin/engine.(*Engine).HTML.func1(0xc00076ecc0)
	F:/go-admin/go-admin@v1.2.23/engine/engine.go:522 +0x92
github.com/GoAdminGroup/go-admin/context.(*Context).Next(0xc00076ecc0)
	F:/go-admin/go-admin@v1.2.23/context/context.go:101 +0x88
github.com/GoAdminGroup/go-admin/modules/auth.(*Invoker).Middleware.func1(0xc00076ecc0)
	F:/go-admin/go-admin@v1.2.23/modules/auth/middleware.go:132 +0x1c6
github.com/GoAdminGroup/go-admin/context.(*Context).Next(0xc00076ecc0)
	F:/go-admin/go-admin@v1.2.23/context/context.go:101 +0x88
github.com/GoAdminGroup/go-admin/engine.(*Engine).deferHandler.func1(0xc00076ecc0)
	F:/go-admin/go-admin@v1.2.23/engine/engine.go:350 +0x145
github.com/GoAdminGroup/go-admin/context.(*Context).Next(0xc00076ecc0)
	F:/go-admin/go-admin@v1.2.23/context/context.go:101 +0x88
github.com/GoAdminGroup/go-admin/adapter/gin.(*Gin).AddHandler.func1(0xc00053e300)
	F:/go-admin/go-admin@v1.2.23/adapter/gin/gin.go:91 +0x112
github.com/gin-gonic/gin.(*Context).Next(0xc00053e300)
	D:/goproject/pkg/mod/github.com/gin-gonic/gin@v1.7.7/context.go:168 +0x7d
github.com/gin-gonic/gin.CustomRecoveryWithWriter.func1(0xc00053e300)
	D:/goproject/pkg/mod/github.com/gin-gonic/gin@v1.7.7/recovery.go:99 +0xc5
github.com/gin-gonic/gin.(*Context).Next(0xc00053e300)
	D:/goproject/pkg/mod/github.com/gin-gonic/gin@v1.7.7/context.go:168 +0x7d
github.com/gin-gonic/gin.LoggerWithConfig.func1(0xc00053e300)
	D:/goproject/pkg/mod/github.com/gin-gonic/gin@v1.7.7/logger.go:241 +0xf2
github.com/gin-gonic/gin.(*Context).Next(0xc00053e300)
	D:/goproject/pkg/mod/github.com/gin-gonic/gin@v1.7.7/context.go:168 +0x7d
github.com/gin-gonic/gin.(*Engine).handleHTTPRequest(0xc0003371e0, 0xc00053e300)
	D:/goproject/pkg/mod/github.com/gin-gonic/gin@v1.7.7/gin.go:555 +0x429
github.com/gin-gonic/gin.(*Engine).ServeHTTP(0xc0003371e0, {0x1570ce0, 0xc0001380e0}, 0xc00053e100)
	D:/goproject/pkg/mod/github.com/gin-gonic/gin@v1.7.7/gin.go:511 +0xbb
net/http.serverHandler.ServeHTTP({0xc000138000}, {0x1570ce0, 0xc0001380e0}, 0xc00053e100)
	C:/Program Files/Go/src/net/http/server.go:2878 +0x47a
net/http.(*conn).serve(0xc0001dc280, {0x1576188, 0xc00076eb80})
	C:/Program Files/Go/src/net/http/server.go:1929 +0x18b8
created by net/http.(*Server).Serve
	C:/Program Files/Go/src/net/http/server.go:3033 +0xa38

github.com/GoAdminGroup/go-admin/engine.(*Engine).deferHandler.func1.1
	F:/go-admin/go-admin@v1.2.23/engine/engine.go:324
runtime.gopanic
	C:/Program Files/Go/src/runtime/panic.go:1047
runtime.goPanicIndex
	C:/Program Files/Go/src/runtime/panic.go:90
github.com/GoAdminGroup/go-admin/template/types.(*FormPanel).GroupField
	F:/go-admin/go-admin@v1.2.23/template/types/form.go:1595
admin/pages/CustomPages.GetBattleGroupingPage
	F:/go-admin/admin/pages/CustomPages/battleGrouping.go:68
github.com/GoAdminGroup/go-admin/engine.(*Engine).HTML.func1
	F:/go-admin/go-admin@v1.2.23/engine/engine.go:522
github.com/GoAdminGroup/go-admin/context.(*Context).Next
	F:/go-admin/go-admin@v1.2.23/context/context.go:101
github.com/GoAdminGroup/go-admin/modules/auth.(*Invoker).Middleware.func1
	F:/go-admin/go-admin@v1.2.23/modules/auth/middleware.go:132
github.com/GoAdminGroup/go-admin/context.(*Context).Next
	F:/go-admin/go-admin@v1.2.23/context/context.go:101
github.com/GoAdminGroup/go-admin/engine.(*Engine).deferHandler.func1
	F:/go-admin/go-admin@v1.2.23/engine/engine.go:350
github.com/GoAdminGroup/go-admin/context.(*Context).Next
	F:/go-admin/go-admin@v1.2.23/context/context.go:101
github.com/GoAdminGroup/go-admin/adapter/gin.(*Gin).AddHandler.func1
	F:/go-admin/go-admin@v1.2.23/adapter/gin/gin.go:91
github.com/gin-gonic/gin.(*Context).Next
	D:/goproject/pkg/mod/github.com/gin-gonic/gin@v1.7.7/context.go:168
github.com/gin-gonic/gin.CustomRecoveryWithWriter.func1
	D:/goproject/pkg/mod/github.com/gin-gonic/gin@v1.7.7/recovery.go:99
github.com/gin-gonic/gin.(*Context).Next
	D:/goproject/pkg/mod/github.com/gin-gonic/gin@v1.7.7/context.go:168
github.com/gin-gonic/gin.LoggerWithConfig.func1
	D:/goproject/pkg/mod/github.com/gin-gonic/gin@v1.7.7/logger.go:241
github.com/gin-gonic/gin.(*Context).Next
	D:/goproject/pkg/mod/github.com/gin-gonic/gin@v1.7.7/context.go:168
github.com/gin-gonic/gin.(*Engine).handleHTTPRequest
	D:/goproject/pkg/mod/github.com/gin-gonic/gin@v1.7.7/gin.go:555
github.com/gin-gonic/gin.(*Engine).ServeHTTP
	D:/goproject/pkg/mod/github.com/gin-gonic/gin@v1.7.7/gin.go:511
net/http.serverHandler.ServeHTTP
	C:/Program Files/Go/src/net/http/server.go:2878
net/http.(*conn).serve
	C:/Program Files/Go/src/net/http/server.go:1929
2023-10-16T16:58:31.941+0800	[31mERROR[0m	engine/engine.go:323	runtime error: index out of range [0] with length 0
github.com/GoAdminGroup/go-admin/engine.(*Engine).deferHandler.func1.1
	F:/go-admin/go-admin@v1.2.23/engine/engine.go:323
runtime.gopanic
	C:/Program Files/Go/src/runtime/panic.go:1047
runtime.goPanicIndex
	C:/Program Files/Go/src/runtime/panic.go:90
github.com/GoAdminGroup/go-admin/template/types.(*FormPanel).GroupField
	F:/go-admin/go-admin@v1.2.23/template/types/form.go:1595
admin/pages/CustomPages.GetBattleGroupingPage
	F:/go-admin/admin/pages/CustomPages/battleGrouping.go:69
github.com/GoAdminGroup/go-admin/engine.(*Engine).HTML.func1
	F:/go-admin/go-admin@v1.2.23/engine/engine.go:522
github.com/GoAdminGroup/go-admin/context.(*Context).Next
	F:/go-admin/go-admin@v1.2.23/context/context.go:101
github.com/GoAdminGroup/go-admin/modules/auth.(*Invoker).Middleware.func1
	F:/go-admin/go-admin@v1.2.23/modules/auth/middleware.go:132
github.com/GoAdminGroup/go-admin/context.(*Context).Next
	F:/go-admin/go-admin@v1.2.23/context/context.go:101
github.com/GoAdminGroup/go-admin/engine.(*Engine).deferHandler.func1
	F:/go-admin/go-admin@v1.2.23/engine/engine.go:350
github.com/GoAdminGroup/go-admin/context.(*Context).Next
	F:/go-admin/go-admin@v1.2.23/context/context.go:101
github.com/GoAdminGroup/go-admin/adapter/gin.(*Gin).AddHandler.func1
	F:/go-admin/go-admin@v1.2.23/adapter/gin/gin.go:91
github.com/gin-gonic/gin.(*Context).Next
	D:/goproject/pkg/mod/github.com/gin-gonic/gin@v1.7.7/context.go:168
github.com/gin-gonic/gin.CustomRecoveryWithWriter.func1
	D:/goproject/pkg/mod/github.com/gin-gonic/gin@v1.7.7/recovery.go:99
github.com/gin-gonic/gin.(*Context).Next
	D:/goproject/pkg/mod/github.com/gin-gonic/gin@v1.7.7/context.go:168
github.com/gin-gonic/gin.LoggerWithConfig.func1
	D:/goproject/pkg/mod/github.com/gin-gonic/gin@v1.7.7/logger.go:241
github.com/gin-gonic/gin.(*Context).Next
	D:/goproject/pkg/mod/github.com/gin-gonic/gin@v1.7.7/context.go:168
github.com/gin-gonic/gin.(*Engine).handleHTTPRequest
	D:/goproject/pkg/mod/github.com/gin-gonic/gin@v1.7.7/gin.go:555
github.com/gin-gonic/gin.(*Engine).ServeHTTP
	D:/goproject/pkg/mod/github.com/gin-gonic/gin@v1.7.7/gin.go:511
net/http.serverHandler.ServeHTTP
	C:/Program Files/Go/src/net/http/server.go:2878
net/http.(*conn).serve
	C:/Program Files/Go/src/net/http/server.go:1929
2023-10-16T16:58:31.943+0800	[31mERROR[0m	engine/engine.go:324	goroutine 290 [running]:
runtime/debug.Stack()
	C:/Program Files/Go/src/runtime/debug/stack.go:24 +0x7a
github.com/GoAdminGroup/go-admin/engine.(*Engine).deferHandler.func1.1(0xc0008a6180)
	F:/go-admin/go-admin@v1.2.23/engine/engine.go:324 +0x496
panic({0x1701220, 0xc0000a6de0})
	C:/Program Files/Go/src/runtime/panic.go:1047 +0x262
github.com/GoAdminGroup/go-admin/template/types.(*FormPanel).GroupField(0xc000946200, {0x0, 0x0, 0x0})
	F:/go-admin/go-admin@v1.2.23/template/types/form.go:1595 +0x4b5
admin/pages/CustomPages.GetBattleGroupingPage(0xc0008a6180)
	F:/go-admin/admin/pages/CustomPages/battleGrouping.go:69 +0xe6b
github.com/GoAdminGroup/go-admin/engine.(*Engine).HTML.func1(0xc0008a6180)
	F:/go-admin/go-admin@v1.2.23/engine/engine.go:522 +0x92
github.com/GoAdminGroup/go-admin/context.(*Context).Next(0xc0008a6180)
	F:/go-admin/go-admin@v1.2.23/context/context.go:101 +0x88
github.com/GoAdminGroup/go-admin/modules/auth.(*Invoker).Middleware.func1(0xc0008a6180)
	F:/go-admin/go-admin@v1.2.23/modules/auth/middleware.go:132 +0x1c6
github.com/GoAdminGroup/go-admin/context.(*Context).Next(0xc0008a6180)
	F:/go-admin/go-admin@v1.2.23/context/context.go:101 +0x88
github.com/GoAdminGroup/go-admin/engine.(*Engine).deferHandler.func1(0xc0008a6180)
	F:/go-admin/go-admin@v1.2.23/engine/engine.go:350 +0x145
github.com/GoAdminGroup/go-admin/context.(*Context).Next(0xc0008a6180)
	F:/go-admin/go-admin@v1.2.23/context/context.go:101 +0x88
github.com/GoAdminGroup/go-admin/adapter/gin.(*Gin).AddHandler.func1(0xc0001cc300)
	F:/go-admin/go-admin@v1.2.23/adapter/gin/gin.go:91 +0x112
github.com/gin-gonic/gin.(*Context).Next(0xc0001cc300)
	D:/goproject/pkg/mod/github.com/gin-gonic/gin@v1.7.7/context.go:168 +0x7d
github.com/gin-gonic/gin.CustomRecoveryWithWriter.func1(0xc0001cc300)
	D:/goproject/pkg/mod/github.com/gin-gonic/gin@v1.7.7/recovery.go:99 +0xc5
github.com/gin-gonic/gin.(*Context).Next(0xc0001cc300)
	D:/goproject/pkg/mod/github.com/gin-gonic/gin@v1.7.7/context.go:168 +0x7d
github.com/gin-gonic/gin.LoggerWithConfig.func1(0xc0001cc300)
	D:/goproject/pkg/mod/github.com/gin-gonic/gin@v1.7.7/logger.go:241 +0xf2
github.com/gin-gonic/gin.(*Context).Next(0xc0001cc300)
	D:/goproject/pkg/mod/github.com/gin-gonic/gin@v1.7.7/context.go:168 +0x7d
github.com/gin-gonic/gin.(*Engine).handleHTTPRequest(0xc000505380, 0xc0001cc300)
	D:/goproject/pkg/mod/github.com/gin-gonic/gin@v1.7.7/gin.go:555 +0x429
github.com/gin-gonic/gin.(*Engine).ServeHTTP(0xc000505380, {0x1c30c60, 0xc0001041c0}, 0xc0001cc100)
	D:/goproject/pkg/mod/github.com/gin-gonic/gin@v1.7.7/gin.go:511 +0xbb
net/http.serverHandler.ServeHTTP({0xc00035a000}, {0x1c30c60, 0xc0001041c0}, 0xc0001cc100)
	C:/Program Files/Go/src/net/http/server.go:2878 +0x47a
net/http.(*conn).serve(0xc0000b4000, {0x1c36108, 0xc0008a6040})
	C:/Program Files/Go/src/net/http/server.go:1929 +0x18b8
created by net/http.(*Server).Serve
	C:/Program Files/Go/src/net/http/server.go:3033 +0xa38

github.com/GoAdminGroup/go-admin/engine.(*Engine).deferHandler.func1.1
	F:/go-admin/go-admin@v1.2.23/engine/engine.go:324
runtime.gopanic
	C:/Program Files/Go/src/runtime/panic.go:1047
runtime.goPanicIndex
	C:/Program Files/Go/src/runtime/panic.go:90
github.com/GoAdminGroup/go-admin/template/types.(*FormPanel).GroupField
	F:/go-admin/go-admin@v1.2.23/template/types/form.go:1595
admin/pages/CustomPages.GetBattleGroupingPage
	F:/go-admin/admin/pages/CustomPages/battleGrouping.go:69
github.com/GoAdminGroup/go-admin/engine.(*Engine).HTML.func1
	F:/go-admin/go-admin@v1.2.23/engine/engine.go:522
github.com/GoAdminGroup/go-admin/context.(*Context).Next
	F:/go-admin/go-admin@v1.2.23/context/context.go:101
github.com/GoAdminGroup/go-admin/modules/auth.(*Invoker).Middleware.func1
	F:/go-admin/go-admin@v1.2.23/modules/auth/middleware.go:132
github.com/GoAdminGroup/go-admin/context.(*Context).Next
	F:/go-admin/go-admin@v1.2.23/context/context.go:101
github.com/GoAdminGroup/go-admin/engine.(*Engine).deferHandler.func1
	F:/go-admin/go-admin@v1.2.23/engine/engine.go:350
github.com/GoAdminGroup/go-admin/context.(*Context).Next
	F:/go-admin/go-admin@v1.2.23/context/context.go:101
github.com/GoAdminGroup/go-admin/adapter/gin.(*Gin).AddHandler.func1
	F:/go-admin/go-admin@v1.2.23/adapter/gin/gin.go:91
github.com/gin-gonic/gin.(*Context).Next
	D:/goproject/pkg/mod/github.com/gin-gonic/gin@v1.7.7/context.go:168
github.com/gin-gonic/gin.CustomRecoveryWithWriter.func1
	D:/goproject/pkg/mod/github.com/gin-gonic/gin@v1.7.7/recovery.go:99
github.com/gin-gonic/gin.(*Context).Next
	D:/goproject/pkg/mod/github.com/gin-gonic/gin@v1.7.7/context.go:168
github.com/gin-gonic/gin.LoggerWithConfig.func1
	D:/goproject/pkg/mod/github.com/gin-gonic/gin@v1.7.7/logger.go:241
github.com/gin-gonic/gin.(*Context).Next
	D:/goproject/pkg/mod/github.com/gin-gonic/gin@v1.7.7/context.go:168
github.com/gin-gonic/gin.(*Engine).handleHTTPRequest
	D:/goproject/pkg/mod/github.com/gin-gonic/gin@v1.7.7/gin.go:555
github.com/gin-gonic/gin.(*Engine).ServeHTTP
	D:/goproject/pkg/mod/github.com/gin-gonic/gin@v1.7.7/gin.go:511
net/http.serverHandler.ServeHTTP
	C:/Program Files/Go/src/net/http/server.go:2878
net/http.(*conn).serve
	C:/Program Files/Go/src/net/http/server.go:1929
2023-10-16T18:37:02.294+0800	[31mERROR[0m	engine/engine.go:323	runtime error: slice bounds out of range [:8] with capacity 0
github.com/GoAdminGroup/go-admin/engine.(*Engine).deferHandler.func1.1
	F:/go-admin/go-admin@v1.2.23/engine/engine.go:323
runtime.gopanic
	C:/Program Files/Go/src/runtime/panic.go:1047
runtime.goPanicSliceAcap
	C:/Program Files/Go/src/runtime/panic.go:108
admin/pages/CustomPages.GetSignGuilds
	F:/go-admin/admin/pages/CustomPages/battleGrouping.go:131
admin/pages/CustomPages.GetGuildOpts
	F:/go-admin/admin/pages/CustomPages/battleGrouping.go:135
admin/pages/CustomPages.GetBattleGroupingPage
	F:/go-admin/admin/pages/CustomPages/battleGrouping.go:48
github.com/GoAdminGroup/go-admin/engine.(*Engine).HTML.func1
	F:/go-admin/go-admin@v1.2.23/engine/engine.go:522
github.com/GoAdminGroup/go-admin/context.(*Context).Next
	F:/go-admin/go-admin@v1.2.23/context/context.go:101
github.com/GoAdminGroup/go-admin/modules/auth.(*Invoker).Middleware.func1
	F:/go-admin/go-admin@v1.2.23/modules/auth/middleware.go:132
github.com/GoAdminGroup/go-admin/context.(*Context).Next
	F:/go-admin/go-admin@v1.2.23/context/context.go:101
github.com/GoAdminGroup/go-admin/engine.(*Engine).deferHandler.func1
	F:/go-admin/go-admin@v1.2.23/engine/engine.go:350
github.com/GoAdminGroup/go-admin/context.(*Context).Next
	F:/go-admin/go-admin@v1.2.23/context/context.go:101
github.com/GoAdminGroup/go-admin/adapter/gin.(*Gin).AddHandler.func1
	F:/go-admin/go-admin@v1.2.23/adapter/gin/gin.go:91
github.com/gin-gonic/gin.(*Context).Next
	D:/goproject/pkg/mod/github.com/gin-gonic/gin@v1.7.7/context.go:168
github.com/gin-gonic/gin.CustomRecoveryWithWriter.func1
	D:/goproject/pkg/mod/github.com/gin-gonic/gin@v1.7.7/recovery.go:99
github.com/gin-gonic/gin.(*Context).Next
	D:/goproject/pkg/mod/github.com/gin-gonic/gin@v1.7.7/context.go:168
github.com/gin-gonic/gin.LoggerWithConfig.func1
	D:/goproject/pkg/mod/github.com/gin-gonic/gin@v1.7.7/logger.go:241
github.com/gin-gonic/gin.(*Context).Next
	D:/goproject/pkg/mod/github.com/gin-gonic/gin@v1.7.7/context.go:168
github.com/gin-gonic/gin.(*Engine).handleHTTPRequest
	D:/goproject/pkg/mod/github.com/gin-gonic/gin@v1.7.7/gin.go:555
github.com/gin-gonic/gin.(*Engine).ServeHTTP
	D:/goproject/pkg/mod/github.com/gin-gonic/gin@v1.7.7/gin.go:511
net/http.serverHandler.ServeHTTP
	C:/Program Files/Go/src/net/http/server.go:2878
net/http.(*conn).serve
	C:/Program Files/Go/src/net/http/server.go:1929
2023-10-16T18:37:02.295+0800	[31mERROR[0m	engine/engine.go:324	goroutine 280 [running]:
runtime/debug.Stack()
	C:/Program Files/Go/src/runtime/debug/stack.go:24 +0x7a
github.com/GoAdminGroup/go-admin/engine.(*Engine).deferHandler.func1.1(0xc000782140)
	F:/go-admin/go-admin@v1.2.23/engine/engine.go:324 +0x496
panic({0x1903180, 0xc000c2e558})
	C:/Program Files/Go/src/runtime/panic.go:1047 +0x262
admin/pages/CustomPages.GetSignGuilds()
	F:/go-admin/admin/pages/CustomPages/battleGrouping.go:131 +0x317
admin/pages/CustomPages.GetGuildOpts()
	F:/go-admin/admin/pages/CustomPages/battleGrouping.go:135 +0x45
admin/pages/CustomPages.GetBattleGroupingPage(0xc000782140)
	F:/go-admin/admin/pages/CustomPages/battleGrouping.go:48 +0x4aa
github.com/GoAdminGroup/go-admin/engine.(*Engine).HTML.func1(0xc000782140)
	F:/go-admin/go-admin@v1.2.23/engine/engine.go:522 +0x92
github.com/GoAdminGroup/go-admin/context.(*Context).Next(0xc000782140)
	F:/go-admin/go-admin@v1.2.23/context/context.go:101 +0x88
github.com/GoAdminGroup/go-admin/modules/auth.(*Invoker).Middleware.func1(0xc000782140)
	F:/go-admin/go-admin@v1.2.23/modules/auth/middleware.go:132 +0x1c6
github.com/GoAdminGroup/go-admin/context.(*Context).Next(0xc000782140)
	F:/go-admin/go-admin@v1.2.23/context/context.go:101 +0x88
github.com/GoAdminGroup/go-admin/engine.(*Engine).deferHandler.func1(0xc000782140)
	F:/go-admin/go-admin@v1.2.23/engine/engine.go:350 +0x145
github.com/GoAdminGroup/go-admin/context.(*Context).Next(0xc000782140)
	F:/go-admin/go-admin@v1.2.23/context/context.go:101 +0x88
github.com/GoAdminGroup/go-admin/adapter/gin.(*Gin).AddHandler.func1(0xc0000fc200)
	F:/go-admin/go-admin@v1.2.23/adapter/gin/gin.go:91 +0x112
github.com/gin-gonic/gin.(*Context).Next(0xc0000fc200)
	D:/goproject/pkg/mod/github.com/gin-gonic/gin@v1.7.7/context.go:168 +0x7d
github.com/gin-gonic/gin.CustomRecoveryWithWriter.func1(0xc0000fc200)
	D:/goproject/pkg/mod/github.com/gin-gonic/gin@v1.7.7/recovery.go:99 +0xc5
github.com/gin-gonic/gin.(*Context).Next(0xc0000fc200)
	D:/goproject/pkg/mod/github.com/gin-gonic/gin@v1.7.7/context.go:168 +0x7d
github.com/gin-gonic/gin.LoggerWithConfig.func1(0xc0000fc200)
	D:/goproject/pkg/mod/github.com/gin-gonic/gin@v1.7.7/logger.go:241 +0xf2
github.com/gin-gonic/gin.(*Context).Next(0xc0000fc200)
	D:/goproject/pkg/mod/github.com/gin-gonic/gin@v1.7.7/context.go:168 +0x7d
github.com/gin-gonic/gin.(*Engine).handleHTTPRequest(0xc000604d00, 0xc0000fc200)
	D:/goproject/pkg/mod/github.com/gin-gonic/gin@v1.7.7/gin.go:555 +0x429
github.com/gin-gonic/gin.(*Engine).ServeHTTP(0xc000604d00, {0x1e332a0, 0xc000156000}, 0xc0000fc000)
	D:/goproject/pkg/mod/github.com/gin-gonic/gin@v1.7.7/gin.go:511 +0xbb
net/http.serverHandler.ServeHTTP({0xc0007c2000}, {0x1e332a0, 0xc000156000}, 0xc0000fc000)
	C:/Program Files/Go/src/net/http/server.go:2878 +0x47a
net/http.(*conn).serve(0xc000285b80, {0x1e38748, 0xc000782000})
	C:/Program Files/Go/src/net/http/server.go:1929 +0x18b8
created by net/http.(*Server).Serve
	C:/Program Files/Go/src/net/http/server.go:3033 +0xa38

github.com/GoAdminGroup/go-admin/engine.(*Engine).deferHandler.func1.1
	F:/go-admin/go-admin@v1.2.23/engine/engine.go:324
runtime.gopanic
	C:/Program Files/Go/src/runtime/panic.go:1047
runtime.goPanicSliceAcap
	C:/Program Files/Go/src/runtime/panic.go:108
admin/pages/CustomPages.GetSignGuilds
	F:/go-admin/admin/pages/CustomPages/battleGrouping.go:131
admin/pages/CustomPages.GetGuildOpts
	F:/go-admin/admin/pages/CustomPages/battleGrouping.go:135
admin/pages/CustomPages.GetBattleGroupingPage
	F:/go-admin/admin/pages/CustomPages/battleGrouping.go:48
github.com/GoAdminGroup/go-admin/engine.(*Engine).HTML.func1
	F:/go-admin/go-admin@v1.2.23/engine/engine.go:522
github.com/GoAdminGroup/go-admin/context.(*Context).Next
	F:/go-admin/go-admin@v1.2.23/context/context.go:101
github.com/GoAdminGroup/go-admin/modules/auth.(*Invoker).Middleware.func1
	F:/go-admin/go-admin@v1.2.23/modules/auth/middleware.go:132
github.com/GoAdminGroup/go-admin/context.(*Context).Next
	F:/go-admin/go-admin@v1.2.23/context/context.go:101
github.com/GoAdminGroup/go-admin/engine.(*Engine).deferHandler.func1
	F:/go-admin/go-admin@v1.2.23/engine/engine.go:350
github.com/GoAdminGroup/go-admin/context.(*Context).Next
	F:/go-admin/go-admin@v1.2.23/context/context.go:101
github.com/GoAdminGroup/go-admin/adapter/gin.(*Gin).AddHandler.func1
	F:/go-admin/go-admin@v1.2.23/adapter/gin/gin.go:91
github.com/gin-gonic/gin.(*Context).Next
	D:/goproject/pkg/mod/github.com/gin-gonic/gin@v1.7.7/context.go:168
github.com/gin-gonic/gin.CustomRecoveryWithWriter.func1
	D:/goproject/pkg/mod/github.com/gin-gonic/gin@v1.7.7/recovery.go:99
github.com/gin-gonic/gin.(*Context).Next
	D:/goproject/pkg/mod/github.com/gin-gonic/gin@v1.7.7/context.go:168
github.com/gin-gonic/gin.LoggerWithConfig.func1
	D:/goproject/pkg/mod/github.com/gin-gonic/gin@v1.7.7/logger.go:241
github.com/gin-gonic/gin.(*Context).Next
	D:/goproject/pkg/mod/github.com/gin-gonic/gin@v1.7.7/context.go:168
github.com/gin-gonic/gin.(*Engine).handleHTTPRequest
	D:/goproject/pkg/mod/github.com/gin-gonic/gin@v1.7.7/gin.go:555
github.com/gin-gonic/gin.(*Engine).ServeHTTP
	D:/goproject/pkg/mod/github.com/gin-gonic/gin@v1.7.7/gin.go:511
net/http.serverHandler.ServeHTTP
	C:/Program Files/Go/src/net/http/server.go:2878
net/http.(*conn).serve
	C:/Program Files/Go/src/net/http/server.go:1929
2024-03-01T17:09:49.419+0800	[31mERROR[0m	engine/engine.go:323	runtime error: slice bounds out of range [-1:]
github.com/GoAdminGroup/go-admin/engine.(*Engine).deferHandler.func1.1
	F:/go-admin/go-admin@v1.2.23/engine/engine.go:323
runtime.gopanic
	C:/Program Files/Go/src/runtime/panic.go:1047
runtime.goPanicSliceB
	C:/Program Files/Go/src/runtime/panic.go:118
admin/pages/CustomPages.SendMail
	F:/go-admin/admin/pages/CustomPages/mail.go:145
github.com/GoAdminGroup/go-admin/engine.(*Engine).HTML.func1
	F:/go-admin/go-admin@v1.2.23/engine/engine.go:522
github.com/GoAdminGroup/go-admin/context.(*Context).Next
	F:/go-admin/go-admin@v1.2.23/context/context.go:101
github.com/GoAdminGroup/go-admin/modules/auth.(*Invoker).Middleware.func1
	F:/go-admin/go-admin@v1.2.23/modules/auth/middleware.go:132
github.com/GoAdminGroup/go-admin/context.(*Context).Next
	F:/go-admin/go-admin@v1.2.23/context/context.go:101
github.com/GoAdminGroup/go-admin/engine.(*Engine).deferHandler.func1
	F:/go-admin/go-admin@v1.2.23/engine/engine.go:350
github.com/GoAdminGroup/go-admin/context.(*Context).Next
	F:/go-admin/go-admin@v1.2.23/context/context.go:101
github.com/GoAdminGroup/go-admin/adapter/gin.(*Gin).AddHandler.func1
	F:/go-admin/go-admin@v1.2.23/adapter/gin/gin.go:91
github.com/gin-gonic/gin.(*Context).Next
	D:/goproject/pkg/mod/github.com/gin-gonic/gin@v1.7.7/context.go:168
github.com/gin-gonic/gin.CustomRecoveryWithWriter.func1
	D:/goproject/pkg/mod/github.com/gin-gonic/gin@v1.7.7/recovery.go:99
github.com/gin-gonic/gin.(*Context).Next
	D:/goproject/pkg/mod/github.com/gin-gonic/gin@v1.7.7/context.go:168
github.com/gin-gonic/gin.LoggerWithConfig.func1
	D:/goproject/pkg/mod/github.com/gin-gonic/gin@v1.7.7/logger.go:241
github.com/gin-gonic/gin.(*Context).Next
	D:/goproject/pkg/mod/github.com/gin-gonic/gin@v1.7.7/context.go:168
github.com/gin-gonic/gin.(*Engine).handleHTTPRequest
	D:/goproject/pkg/mod/github.com/gin-gonic/gin@v1.7.7/gin.go:555
github.com/gin-gonic/gin.(*Engine).ServeHTTP
	D:/goproject/pkg/mod/github.com/gin-gonic/gin@v1.7.7/gin.go:511
net/http.serverHandler.ServeHTTP
	C:/Program Files/Go/src/net/http/server.go:2878
net/http.(*conn).serve
	C:/Program Files/Go/src/net/http/server.go:1929
2024-03-01T17:09:49.434+0800	[31mERROR[0m	engine/engine.go:324	goroutine 88 [running]:
runtime/debug.Stack()
	C:/Program Files/Go/src/runtime/debug/stack.go:24 +0x7a
github.com/GoAdminGroup/go-admin/engine.(*Engine).deferHandler.func1.1(0xc0000e6140)
	F:/go-admin/go-admin@v1.2.23/engine/engine.go:324 +0x496
panic({0x15872a0, 0xc0009de468})
	C:/Program Files/Go/src/runtime/panic.go:1047 +0x262
admin/pages/CustomPages.SendMail(0xc0000e6140)
	F:/go-admin/admin/pages/CustomPages/mail.go:145 +0x2318
github.com/GoAdminGroup/go-admin/engine.(*Engine).HTML.func1(0xc0000e6140)
	F:/go-admin/go-admin@v1.2.23/engine/engine.go:522 +0x92
github.com/GoAdminGroup/go-admin/context.(*Context).Next(0xc0000e6140)
	F:/go-admin/go-admin@v1.2.23/context/context.go:101 +0x88
github.com/GoAdminGroup/go-admin/modules/auth.(*Invoker).Middleware.func1(0xc0000e6140)
	F:/go-admin/go-admin@v1.2.23/modules/auth/middleware.go:132 +0x1c6
github.com/GoAdminGroup/go-admin/context.(*Context).Next(0xc0000e6140)
	F:/go-admin/go-admin@v1.2.23/context/context.go:101 +0x88
github.com/GoAdminGroup/go-admin/engine.(*Engine).deferHandler.func1(0xc0000e6140)
	F:/go-admin/go-admin@v1.2.23/engine/engine.go:350 +0x145
github.com/GoAdminGroup/go-admin/context.(*Context).Next(0xc0000e6140)
	F:/go-admin/go-admin@v1.2.23/context/context.go:101 +0x88
github.com/GoAdminGroup/go-admin/adapter/gin.(*Gin).AddHandler.func1(0xc00080e000)
	F:/go-admin/go-admin@v1.2.23/adapter/gin/gin.go:91 +0x112
github.com/gin-gonic/gin.(*Context).Next(0xc00080e000)
	D:/goproject/pkg/mod/github.com/gin-gonic/gin@v1.7.7/context.go:168 +0x7d
github.com/gin-gonic/gin.CustomRecoveryWithWriter.func1(0xc00080e000)
	D:/goproject/pkg/mod/github.com/gin-gonic/gin@v1.7.7/recovery.go:99 +0xc5
github.com/gin-gonic/gin.(*Context).Next(0xc00080e000)
	D:/goproject/pkg/mod/github.com/gin-gonic/gin@v1.7.7/context.go:168 +0x7d
github.com/gin-gonic/gin.LoggerWithConfig.func1(0xc00080e000)
	D:/goproject/pkg/mod/github.com/gin-gonic/gin@v1.7.7/logger.go:241 +0xf2
github.com/gin-gonic/gin.(*Context).Next(0xc00080e000)
	D:/goproject/pkg/mod/github.com/gin-gonic/gin@v1.7.7/context.go:168 +0x7d
github.com/gin-gonic/gin.(*Engine).handleHTTPRequest(0xc000584340, 0xc00080e000)
	D:/goproject/pkg/mod/github.com/gin-gonic/gin@v1.7.7/gin.go:555 +0x429
github.com/gin-gonic/gin.(*Engine).ServeHTTP(0xc000584340, {0x1ab7d80, 0xc0001e42a0}, 0xc0003be200)
	D:/goproject/pkg/mod/github.com/gin-gonic/gin@v1.7.7/gin.go:511 +0xbb
net/http.serverHandler.ServeHTTP({0xc00081c0e0}, {0x1ab7d80, 0xc0001e42a0}, 0xc0003be200)
	C:/Program Files/Go/src/net/http/server.go:2878 +0x47a
net/http.(*conn).serve(0xc0004603c0, {0x1abd1e8, 0xc0000e6340})
	C:/Program Files/Go/src/net/http/server.go:1929 +0x18b8
created by net/http.(*Server).Serve
	C:/Program Files/Go/src/net/http/server.go:3033 +0xa38

github.com/GoAdminGroup/go-admin/engine.(*Engine).deferHandler.func1.1
	F:/go-admin/go-admin@v1.2.23/engine/engine.go:324
runtime.gopanic
	C:/Program Files/Go/src/runtime/panic.go:1047
runtime.goPanicSliceB
	C:/Program Files/Go/src/runtime/panic.go:118
admin/pages/CustomPages.SendMail
	F:/go-admin/admin/pages/CustomPages/mail.go:145
github.com/GoAdminGroup/go-admin/engine.(*Engine).HTML.func1
	F:/go-admin/go-admin@v1.2.23/engine/engine.go:522
github.com/GoAdminGroup/go-admin/context.(*Context).Next
	F:/go-admin/go-admin@v1.2.23/context/context.go:101
github.com/GoAdminGroup/go-admin/modules/auth.(*Invoker).Middleware.func1
	F:/go-admin/go-admin@v1.2.23/modules/auth/middleware.go:132
github.com/GoAdminGroup/go-admin/context.(*Context).Next
	F:/go-admin/go-admin@v1.2.23/context/context.go:101
github.com/GoAdminGroup/go-admin/engine.(*Engine).deferHandler.func1
	F:/go-admin/go-admin@v1.2.23/engine/engine.go:350
github.com/GoAdminGroup/go-admin/context.(*Context).Next
	F:/go-admin/go-admin@v1.2.23/context/context.go:101
github.com/GoAdminGroup/go-admin/adapter/gin.(*Gin).AddHandler.func1
	F:/go-admin/go-admin@v1.2.23/adapter/gin/gin.go:91
github.com/gin-gonic/gin.(*Context).Next
	D:/goproject/pkg/mod/github.com/gin-gonic/gin@v1.7.7/context.go:168
github.com/gin-gonic/gin.CustomRecoveryWithWriter.func1
	D:/goproject/pkg/mod/github.com/gin-gonic/gin@v1.7.7/recovery.go:99
github.com/gin-gonic/gin.(*Context).Next
	D:/goproject/pkg/mod/github.com/gin-gonic/gin@v1.7.7/context.go:168
github.com/gin-gonic/gin.LoggerWithConfig.func1
	D:/goproject/pkg/mod/github.com/gin-gonic/gin@v1.7.7/logger.go:241
github.com/gin-gonic/gin.(*Context).Next
	D:/goproject/pkg/mod/github.com/gin-gonic/gin@v1.7.7/context.go:168
github.com/gin-gonic/gin.(*Engine).handleHTTPRequest
	D:/goproject/pkg/mod/github.com/gin-gonic/gin@v1.7.7/gin.go:555
github.com/gin-gonic/gin.(*Engine).ServeHTTP
	D:/goproject/pkg/mod/github.com/gin-gonic/gin@v1.7.7/gin.go:511
net/http.serverHandler.ServeHTTP
	C:/Program Files/Go/src/net/http/server.go:2878
net/http.(*conn).serve
	C:/Program Files/Go/src/net/http/server.go:1929
2024-03-01T17:09:52.136+0800	[31mERROR[0m	engine/engine.go:323	runtime error: slice bounds out of range [-1:]
github.com/GoAdminGroup/go-admin/engine.(*Engine).deferHandler.func1.1
	F:/go-admin/go-admin@v1.2.23/engine/engine.go:323
runtime.gopanic
	C:/Program Files/Go/src/runtime/panic.go:1047
runtime.goPanicSliceB
	C:/Program Files/Go/src/runtime/panic.go:118
admin/pages/CustomPages.SendMail
	F:/go-admin/admin/pages/CustomPages/mail.go:145
github.com/GoAdminGroup/go-admin/engine.(*Engine).HTML.func1
	F:/go-admin/go-admin@v1.2.23/engine/engine.go:522
github.com/GoAdminGroup/go-admin/context.(*Context).Next
	F:/go-admin/go-admin@v1.2.23/context/context.go:101
github.com/GoAdminGroup/go-admin/modules/auth.(*Invoker).Middleware.func1
	F:/go-admin/go-admin@v1.2.23/modules/auth/middleware.go:132
github.com/GoAdminGroup/go-admin/context.(*Context).Next
	F:/go-admin/go-admin@v1.2.23/context/context.go:101
github.com/GoAdminGroup/go-admin/engine.(*Engine).deferHandler.func1
	F:/go-admin/go-admin@v1.2.23/engine/engine.go:350
github.com/GoAdminGroup/go-admin/context.(*Context).Next
	F:/go-admin/go-admin@v1.2.23/context/context.go:101
github.com/GoAdminGroup/go-admin/adapter/gin.(*Gin).AddHandler.func1
	F:/go-admin/go-admin@v1.2.23/adapter/gin/gin.go:91
github.com/gin-gonic/gin.(*Context).Next
	D:/goproject/pkg/mod/github.com/gin-gonic/gin@v1.7.7/context.go:168
github.com/gin-gonic/gin.CustomRecoveryWithWriter.func1
	D:/goproject/pkg/mod/github.com/gin-gonic/gin@v1.7.7/recovery.go:99
github.com/gin-gonic/gin.(*Context).Next
	D:/goproject/pkg/mod/github.com/gin-gonic/gin@v1.7.7/context.go:168
github.com/gin-gonic/gin.LoggerWithConfig.func1
	D:/goproject/pkg/mod/github.com/gin-gonic/gin@v1.7.7/logger.go:241
github.com/gin-gonic/gin.(*Context).Next
	D:/goproject/pkg/mod/github.com/gin-gonic/gin@v1.7.7/context.go:168
github.com/gin-gonic/gin.(*Engine).handleHTTPRequest
	D:/goproject/pkg/mod/github.com/gin-gonic/gin@v1.7.7/gin.go:555
github.com/gin-gonic/gin.(*Engine).ServeHTTP
	D:/goproject/pkg/mod/github.com/gin-gonic/gin@v1.7.7/gin.go:511
net/http.serverHandler.ServeHTTP
	C:/Program Files/Go/src/net/http/server.go:2878
net/http.(*conn).serve
	C:/Program Files/Go/src/net/http/server.go:1929
2024-03-01T17:09:52.137+0800	[31mERROR[0m	engine/engine.go:324	goroutine 88 [running]:
runtime/debug.Stack()
	C:/Program Files/Go/src/runtime/debug/stack.go:24 +0x7a
github.com/GoAdminGroup/go-admin/engine.(*Engine).deferHandler.func1.1(0xc0000e6100)
	F:/go-admin/go-admin@v1.2.23/engine/engine.go:324 +0x496
panic({0x15872a0, 0xc000100738})
	C:/Program Files/Go/src/runtime/panic.go:1047 +0x262
admin/pages/CustomPages.SendMail(0xc0000e6100)
	F:/go-admin/admin/pages/CustomPages/mail.go:145 +0x2318
github.com/GoAdminGroup/go-admin/engine.(*Engine).HTML.func1(0xc0000e6100)
	F:/go-admin/go-admin@v1.2.23/engine/engine.go:522 +0x92
github.com/GoAdminGroup/go-admin/context.(*Context).Next(0xc0000e6100)
	F:/go-admin/go-admin@v1.2.23/context/context.go:101 +0x88
github.com/GoAdminGroup/go-admin/modules/auth.(*Invoker).Middleware.func1(0xc0000e6100)
	F:/go-admin/go-admin@v1.2.23/modules/auth/middleware.go:132 +0x1c6
github.com/GoAdminGroup/go-admin/context.(*Context).Next(0xc0000e6100)
	F:/go-admin/go-admin@v1.2.23/context/context.go:101 +0x88
github.com/GoAdminGroup/go-admin/engine.(*Engine).deferHandler.func1(0xc0000e6100)
	F:/go-admin/go-admin@v1.2.23/engine/engine.go:350 +0x145
github.com/GoAdminGroup/go-admin/context.(*Context).Next(0xc0000e6100)
	F:/go-admin/go-admin@v1.2.23/context/context.go:101 +0x88
github.com/GoAdminGroup/go-admin/adapter/gin.(*Gin).AddHandler.func1(0xc0003be600)
	F:/go-admin/go-admin@v1.2.23/adapter/gin/gin.go:91 +0x112
github.com/gin-gonic/gin.(*Context).Next(0xc0003be600)
	D:/goproject/pkg/mod/github.com/gin-gonic/gin@v1.7.7/context.go:168 +0x7d
github.com/gin-gonic/gin.CustomRecoveryWithWriter.func1(0xc0003be600)
	D:/goproject/pkg/mod/github.com/gin-gonic/gin@v1.7.7/recovery.go:99 +0xc5
github.com/gin-gonic/gin.(*Context).Next(0xc0003be600)
	D:/goproject/pkg/mod/github.com/gin-gonic/gin@v1.7.7/context.go:168 +0x7d
github.com/gin-gonic/gin.LoggerWithConfig.func1(0xc0003be600)
	D:/goproject/pkg/mod/github.com/gin-gonic/gin@v1.7.7/logger.go:241 +0xf2
github.com/gin-gonic/gin.(*Context).Next(0xc0003be600)
	D:/goproject/pkg/mod/github.com/gin-gonic/gin@v1.7.7/context.go:168 +0x7d
github.com/gin-gonic/gin.(*Engine).handleHTTPRequest(0xc000584340, 0xc0003be600)
	D:/goproject/pkg/mod/github.com/gin-gonic/gin@v1.7.7/gin.go:555 +0x429
github.com/gin-gonic/gin.(*Engine).ServeHTTP(0xc000584340, {0x1ab7d80, 0xc0001e40e0}, 0xc00080e100)
	D:/goproject/pkg/mod/github.com/gin-gonic/gin@v1.7.7/gin.go:511 +0xbb
net/http.serverHandler.ServeHTTP({0xc00081c0e0}, {0x1ab7d80, 0xc0001e40e0}, 0xc00080e100)
	C:/Program Files/Go/src/net/http/server.go:2878 +0x47a
net/http.(*conn).serve(0xc0004603c0, {0x1abd1e8, 0xc0000e6340})
	C:/Program Files/Go/src/net/http/server.go:1929 +0x18b8
created by net/http.(*Server).Serve
	C:/Program Files/Go/src/net/http/server.go:3033 +0xa38

github.com/GoAdminGroup/go-admin/engine.(*Engine).deferHandler.func1.1
	F:/go-admin/go-admin@v1.2.23/engine/engine.go:324
runtime.gopanic
	C:/Program Files/Go/src/runtime/panic.go:1047
runtime.goPanicSliceB
	C:/Program Files/Go/src/runtime/panic.go:118
admin/pages/CustomPages.SendMail
	F:/go-admin/admin/pages/CustomPages/mail.go:145
github.com/GoAdminGroup/go-admin/engine.(*Engine).HTML.func1
	F:/go-admin/go-admin@v1.2.23/engine/engine.go:522
github.com/GoAdminGroup/go-admin/context.(*Context).Next
	F:/go-admin/go-admin@v1.2.23/context/context.go:101
github.com/GoAdminGroup/go-admin/modules/auth.(*Invoker).Middleware.func1
	F:/go-admin/go-admin@v1.2.23/modules/auth/middleware.go:132
github.com/GoAdminGroup/go-admin/context.(*Context).Next
	F:/go-admin/go-admin@v1.2.23/context/context.go:101
github.com/GoAdminGroup/go-admin/engine.(*Engine).deferHandler.func1
	F:/go-admin/go-admin@v1.2.23/engine/engine.go:350
github.com/GoAdminGroup/go-admin/context.(*Context).Next
	F:/go-admin/go-admin@v1.2.23/context/context.go:101
github.com/GoAdminGroup/go-admin/adapter/gin.(*Gin).AddHandler.func1
	F:/go-admin/go-admin@v1.2.23/adapter/gin/gin.go:91
github.com/gin-gonic/gin.(*Context).Next
	D:/goproject/pkg/mod/github.com/gin-gonic/gin@v1.7.7/context.go:168
github.com/gin-gonic/gin.CustomRecoveryWithWriter.func1
	D:/goproject/pkg/mod/github.com/gin-gonic/gin@v1.7.7/recovery.go:99
github.com/gin-gonic/gin.(*Context).Next
	D:/goproject/pkg/mod/github.com/gin-gonic/gin@v1.7.7/context.go:168
github.com/gin-gonic/gin.LoggerWithConfig.func1
	D:/goproject/pkg/mod/github.com/gin-gonic/gin@v1.7.7/logger.go:241
github.com/gin-gonic/gin.(*Context).Next
	D:/goproject/pkg/mod/github.com/gin-gonic/gin@v1.7.7/context.go:168
github.com/gin-gonic/gin.(*Engine).handleHTTPRequest
	D:/goproject/pkg/mod/github.com/gin-gonic/gin@v1.7.7/gin.go:555
github.com/gin-gonic/gin.(*Engine).ServeHTTP
	D:/goproject/pkg/mod/github.com/gin-gonic/gin@v1.7.7/gin.go:511
net/http.serverHandler.ServeHTTP
	C:/Program Files/Go/src/net/http/server.go:2878
net/http.(*conn).serve
	C:/Program Files/Go/src/net/http/server.go:1929
2024-03-01T17:15:33.959+0800	[31mERROR[0m	engine/engine.go:323	runtime error: slice bounds out of range [-1:]
github.com/GoAdminGroup/go-admin/engine.(*Engine).deferHandler.func1.1
	F:/go-admin/go-admin@v1.2.23/engine/engine.go:323
runtime.gopanic
	C:/Program Files/Go/src/runtime/panic.go:1047
runtime.goPanicSliceB
	C:/Program Files/Go/src/runtime/panic.go:118
admin/pages/CustomPages.SendMail
	F:/go-admin/admin/pages/CustomPages/mail.go:145
github.com/GoAdminGroup/go-admin/engine.(*Engine).HTML.func1
	F:/go-admin/go-admin@v1.2.23/engine/engine.go:522
github.com/GoAdminGroup/go-admin/context.(*Context).Next
	F:/go-admin/go-admin@v1.2.23/context/context.go:101
github.com/GoAdminGroup/go-admin/modules/auth.(*Invoker).Middleware.func1
	F:/go-admin/go-admin@v1.2.23/modules/auth/middleware.go:132
github.com/GoAdminGroup/go-admin/context.(*Context).Next
	F:/go-admin/go-admin@v1.2.23/context/context.go:101
github.com/GoAdminGroup/go-admin/engine.(*Engine).deferHandler.func1
	F:/go-admin/go-admin@v1.2.23/engine/engine.go:350
github.com/GoAdminGroup/go-admin/context.(*Context).Next
	F:/go-admin/go-admin@v1.2.23/context/context.go:101
github.com/GoAdminGroup/go-admin/adapter/gin.(*Gin).AddHandler.func1
	F:/go-admin/go-admin@v1.2.23/adapter/gin/gin.go:91
github.com/gin-gonic/gin.(*Context).Next
	D:/goproject/pkg/mod/github.com/gin-gonic/gin@v1.7.7/context.go:168
github.com/gin-gonic/gin.CustomRecoveryWithWriter.func1
	D:/goproject/pkg/mod/github.com/gin-gonic/gin@v1.7.7/recovery.go:99
github.com/gin-gonic/gin.(*Context).Next
	D:/goproject/pkg/mod/github.com/gin-gonic/gin@v1.7.7/context.go:168
github.com/gin-gonic/gin.LoggerWithConfig.func1
	D:/goproject/pkg/mod/github.com/gin-gonic/gin@v1.7.7/logger.go:241
github.com/gin-gonic/gin.(*Context).Next
	D:/goproject/pkg/mod/github.com/gin-gonic/gin@v1.7.7/context.go:168
github.com/gin-gonic/gin.(*Engine).handleHTTPRequest
	D:/goproject/pkg/mod/github.com/gin-gonic/gin@v1.7.7/gin.go:555
github.com/gin-gonic/gin.(*Engine).ServeHTTP
	D:/goproject/pkg/mod/github.com/gin-gonic/gin@v1.7.7/gin.go:511
net/http.serverHandler.ServeHTTP
	C:/Program Files/Go/src/net/http/server.go:2878
net/http.(*conn).serve
	C:/Program Files/Go/src/net/http/server.go:1929
2024-03-01T17:15:33.961+0800	[31mERROR[0m	engine/engine.go:324	goroutine 84 [running]:
runtime/debug.Stack()
	C:/Program Files/Go/src/runtime/debug/stack.go:24 +0x7a
github.com/GoAdminGroup/go-admin/engine.(*Engine).deferHandler.func1.1(0xc0000e6240)
	F:/go-admin/go-admin@v1.2.23/engine/engine.go:324 +0x496
panic({0x15872a0, 0xc0003b08a0})
	C:/Program Files/Go/src/runtime/panic.go:1047 +0x262
admin/pages/CustomPages.SendMail(0xc0000e6240)
	F:/go-admin/admin/pages/CustomPages/mail.go:145 +0x2318
github.com/GoAdminGroup/go-admin/engine.(*Engine).HTML.func1(0xc0000e6240)
	F:/go-admin/go-admin@v1.2.23/engine/engine.go:522 +0x92
github.com/GoAdminGroup/go-admin/context.(*Context).Next(0xc0000e6240)
	F:/go-admin/go-admin@v1.2.23/context/context.go:101 +0x88
github.com/GoAdminGroup/go-admin/modules/auth.(*Invoker).Middleware.func1(0xc0000e6240)
	F:/go-admin/go-admin@v1.2.23/modules/auth/middleware.go:132 +0x1c6
github.com/GoAdminGroup/go-admin/context.(*Context).Next(0xc0000e6240)
	F:/go-admin/go-admin@v1.2.23/context/context.go:101 +0x88
github.com/GoAdminGroup/go-admin/engine.(*Engine).deferHandler.func1(0xc0000e6240)
	F:/go-admin/go-admin@v1.2.23/engine/engine.go:350 +0x145
github.com/GoAdminGroup/go-admin/context.(*Context).Next(0xc0000e6240)
	F:/go-admin/go-admin@v1.2.23/context/context.go:101 +0x88
github.com/GoAdminGroup/go-admin/adapter/gin.(*Gin).AddHandler.func1(0xc00009c300)
	F:/go-admin/go-admin@v1.2.23/adapter/gin/gin.go:91 +0x112
github.com/gin-gonic/gin.(*Context).Next(0xc00009c300)
	D:/goproject/pkg/mod/github.com/gin-gonic/gin@v1.7.7/context.go:168 +0x7d
github.com/gin-gonic/gin.CustomRecoveryWithWriter.func1(0xc00009c300)
	D:/goproject/pkg/mod/github.com/gin-gonic/gin@v1.7.7/recovery.go:99 +0xc5
github.com/gin-gonic/gin.(*Context).Next(0xc00009c300)
	D:/goproject/pkg/mod/github.com/gin-gonic/gin@v1.7.7/context.go:168 +0x7d
github.com/gin-gonic/gin.LoggerWithConfig.func1(0xc00009c300)
	D:/goproject/pkg/mod/github.com/gin-gonic/gin@v1.7.7/logger.go:241 +0xf2
github.com/gin-gonic/gin.(*Context).Next(0xc00009c300)
	D:/goproject/pkg/mod/github.com/gin-gonic/gin@v1.7.7/context.go:168 +0x7d
github.com/gin-gonic/gin.(*Engine).handleHTTPRequest(0xc000065040, 0xc00009c300)
	D:/goproject/pkg/mod/github.com/gin-gonic/gin@v1.7.7/gin.go:555 +0x429
github.com/gin-gonic/gin.(*Engine).ServeHTTP(0xc000065040, {0x1ab7d80, 0xc0001661c0}, 0xc00009c100)
	D:/goproject/pkg/mod/github.com/gin-gonic/gin@v1.7.7/gin.go:511 +0xbb
net/http.serverHandler.ServeHTTP({0xc0001660e0}, {0x1ab7d80, 0xc0001661c0}, 0xc00009c100)
	C:/Program Files/Go/src/net/http/server.go:2878 +0x47a
net/http.(*conn).serve(0xc0004bc000, {0x1abd1e8, 0xc0000e6000})
	C:/Program Files/Go/src/net/http/server.go:1929 +0x18b8
created by net/http.(*Server).Serve
	C:/Program Files/Go/src/net/http/server.go:3033 +0xa38

github.com/GoAdminGroup/go-admin/engine.(*Engine).deferHandler.func1.1
	F:/go-admin/go-admin@v1.2.23/engine/engine.go:324
runtime.gopanic
	C:/Program Files/Go/src/runtime/panic.go:1047
runtime.goPanicSliceB
	C:/Program Files/Go/src/runtime/panic.go:118
admin/pages/CustomPages.SendMail
	F:/go-admin/admin/pages/CustomPages/mail.go:145
github.com/GoAdminGroup/go-admin/engine.(*Engine).HTML.func1
	F:/go-admin/go-admin@v1.2.23/engine/engine.go:522
github.com/GoAdminGroup/go-admin/context.(*Context).Next
	F:/go-admin/go-admin@v1.2.23/context/context.go:101
github.com/GoAdminGroup/go-admin/modules/auth.(*Invoker).Middleware.func1
	F:/go-admin/go-admin@v1.2.23/modules/auth/middleware.go:132
github.com/GoAdminGroup/go-admin/context.(*Context).Next
	F:/go-admin/go-admin@v1.2.23/context/context.go:101
github.com/GoAdminGroup/go-admin/engine.(*Engine).deferHandler.func1
	F:/go-admin/go-admin@v1.2.23/engine/engine.go:350
github.com/GoAdminGroup/go-admin/context.(*Context).Next
	F:/go-admin/go-admin@v1.2.23/context/context.go:101
github.com/GoAdminGroup/go-admin/adapter/gin.(*Gin).AddHandler.func1
	F:/go-admin/go-admin@v1.2.23/adapter/gin/gin.go:91
github.com/gin-gonic/gin.(*Context).Next
	D:/goproject/pkg/mod/github.com/gin-gonic/gin@v1.7.7/context.go:168
github.com/gin-gonic/gin.CustomRecoveryWithWriter.func1
	D:/goproject/pkg/mod/github.com/gin-gonic/gin@v1.7.7/recovery.go:99
github.com/gin-gonic/gin.(*Context).Next
	D:/goproject/pkg/mod/github.com/gin-gonic/gin@v1.7.7/context.go:168
github.com/gin-gonic/gin.LoggerWithConfig.func1
	D:/goproject/pkg/mod/github.com/gin-gonic/gin@v1.7.7/logger.go:241
github.com/gin-gonic/gin.(*Context).Next
	D:/goproject/pkg/mod/github.com/gin-gonic/gin@v1.7.7/context.go:168
github.com/gin-gonic/gin.(*Engine).handleHTTPRequest
	D:/goproject/pkg/mod/github.com/gin-gonic/gin@v1.7.7/gin.go:555
github.com/gin-gonic/gin.(*Engine).ServeHTTP
	D:/goproject/pkg/mod/github.com/gin-gonic/gin@v1.7.7/gin.go:511
net/http.serverHandler.ServeHTTP
	C:/Program Files/Go/src/net/http/server.go:2878
net/http.(*conn).serve
	C:/Program Files/Go/src/net/http/server.go:1929
2026-04-16T16:58:41.519+0800	[31mERROR[0m	fusion/Tools.go:1532	funcRetErr=http.ListenAndServe||err=%slisten tcp :6060: bind: Only one usage of each socket address (protocol/network address/port) is normally permitted.
admin/fusion.InitPprofMonitor.func1
	D:/workDir/goadmin/admin/fusion/Tools.go:1532
2026-06-04T12:17:57.554+0700	[31mERROR[0m	fusion/Tools.go:1542	funcRetErr=http.ListenAndServe||err=%slisten tcp :6060: bind: Only one usage of each socket address (protocol/network address/port) is normally permitted.
admin/fusion.InitPprofMonitor.func1
	G:/admin/fusion/Tools.go:1542
2026-06-20T09:19:04.882+0700	[31mERROR[0m	fusion/Tools.go:1542	funcRetErr=http.ListenAndServe||err=%slisten tcp :6060: bind: Only one usage of each socket address (protocol/network address/port) is normally permitted.
admin/fusion.InitPprofMonitor.func1
	g:/admin/fusion/Tools.go:1542
2026-06-20T09:47:57.903+0700	[31mERROR[0m	controller/handler.go:31	Error 1146: Table 'go_manager.operationaudit' doesn't exist
github.com/GoAdminGroup/go-admin/plugins/admin/controller.(*Handler).GlobalDeferHandler
	G:/go-admin@v1.2.23/plugins/admin/controller/handler.go:31
runtime.gopanic
	C:/Program Files/Go/src/runtime/panic.go:860
github.com/GoAdminGroup/go-admin/modules/db.CommonQuery
	G:/go-admin@v1.2.23/modules/db/performer.go:20
github.com/GoAdminGroup/go-admin/modules/db.(*Mysql).QueryWithConnection
	G:/go-admin@v1.2.23/modules/db/mysql.go:83
github.com/GoAdminGroup/go-admin/modules/db.(*SQL).ShowColumns
	G:/go-admin@v1.2.23/modules/db/statement.go:449
github.com/GoAdminGroup/go-admin/plugins/admin/modules/table.(*DefaultTable).getColumns
	G:/go-admin@v1.2.23/plugins/admin/modules/table/default.go:1138
github.com/GoAdminGroup/go-admin/plugins/admin/modules/table.(*DefaultTable).getDataFromDatabase
	G:/go-admin@v1.2.23/plugins/admin/modules/table/default.go:483
github.com/GoAdminGroup/go-admin/plugins/admin/modules/table.(*DefaultTable).GetData
	G:/go-admin@v1.2.23/plugins/admin/modules/table/default.go:148
github.com/GoAdminGroup/go-admin/plugins/admin/controller.(*Handler).showTableData
	G:/go-admin@v1.2.23/plugins/admin/controller/show.go:70
github.com/GoAdminGroup/go-admin/plugins/admin/controller.(*Handler).showTable
	G:/go-admin@v1.2.23/plugins/admin/controller/show.go:102
github.com/GoAdminGroup/go-admin/plugins/admin/controller.(*Handler).ShowInfo
	G:/go-admin@v1.2.23/plugins/admin/controller/show.go:60
github.com/GoAdminGroup/go-admin/context.(*Context).Next
	G:/go-admin@v1.2.23/context/context.go:101
github.com/GoAdminGroup/go-admin/plugins/admin/modules/guard.(*Guard).CheckPrefix
	G:/go-admin@v1.2.23/plugins/admin/modules/guard/guard.go:51
github.com/GoAdminGroup/go-admin/context.(*Context).Next
	G:/go-admin@v1.2.23/context/context.go:101
github.com/GoAdminGroup/go-admin/plugins/admin.(*Admin).initRouter.Middleware.(*Invoker).Middleware.func6
	G:/go-admin@v1.2.23/modules/auth/middleware.go:132
github.com/GoAdminGroup/go-admin/context.(*Context).Next
	G:/go-admin@v1.2.23/context/context.go:101
github.com/GoAdminGroup/go-admin/plugins/admin.(*Admin).globalErrorHandler
	G:/go-admin@v1.2.23/plugins/admin/router.go:106
github.com/GoAdminGroup/go-admin/context.(*Context).Next
	G:/go-admin@v1.2.23/context/context.go:101
github.com/GoAdminGroup/go-admin/adapter/gin.(*Gin).AddHandler.func1
	G:/go-admin@v1.2.23/adapter/gin/gin.go:91
github.com/gin-gonic/gin.(*Context).Next
	C:/Users/DzungNg/go/pkg/mod/github.com/gin-gonic/gin@v1.7.7/context.go:168
github.com/gin-gonic/gin.CustomRecoveryWithWriter.func1
	C:/Users/DzungNg/go/pkg/mod/github.com/gin-gonic/gin@v1.7.7/recovery.go:99
github.com/gin-gonic/gin.(*Context).Next
	C:/Users/DzungNg/go/pkg/mod/github.com/gin-gonic/gin@v1.7.7/context.go:168
github.com/gin-gonic/gin.LoggerWithConfig.func1
	C:/Users/DzungNg/go/pkg/mod/github.com/gin-gonic/gin@v1.7.7/logger.go:241
github.com/gin-gonic/gin.(*Context).Next
	C:/Users/DzungNg/go/pkg/mod/github.com/gin-gonic/gin@v1.7.7/context.go:168
github.com/gin-gonic/gin.(*Engine).handleHTTPRequest
	C:/Users/DzungNg/go/pkg/mod/github.com/gin-gonic/gin@v1.7.7/gin.go:555
github.com/gin-gonic/gin.(*Engine).ServeHTTP
	C:/Users/DzungNg/go/pkg/mod/github.com/gin-gonic/gin@v1.7.7/gin.go:511
net/http.serverHandler.ServeHTTP
	C:/Program Files/Go/src/net/http/server.go:3311
net/http.(*conn).serve
	C:/Program Files/Go/src/net/http/server.go:2073
2026-06-20T09:50:36.338+0700	[31mERROR[0m	controller/handler.go:31	Error 1146: Table 'go_manager.operationaudit' doesn't exist
github.com/GoAdminGroup/go-admin/plugins/admin/controller.(*Handler).GlobalDeferHandler
	G:/go-admin@v1.2.23/plugins/admin/controller/handler.go:31
runtime.gopanic
	C:/Program Files/Go/src/runtime/panic.go:860
github.com/GoAdminGroup/go-admin/modules/db.CommonQuery
	G:/go-admin@v1.2.23/modules/db/performer.go:20
github.com/GoAdminGroup/go-admin/modules/db.(*Mysql).QueryWithConnection
	G:/go-admin@v1.2.23/modules/db/mysql.go:83
github.com/GoAdminGroup/go-admin/modules/db.(*SQL).ShowColumns
	G:/go-admin@v1.2.23/modules/db/statement.go:449
github.com/GoAdminGroup/go-admin/plugins/admin/modules/table.(*DefaultTable).getColumns
	G:/go-admin@v1.2.23/plugins/admin/modules/table/default.go:1138
github.com/GoAdminGroup/go-admin/plugins/admin/modules/table.(*DefaultTable).getDataFromDatabase
	G:/go-admin@v1.2.23/plugins/admin/modules/table/default.go:483
github.com/GoAdminGroup/go-admin/plugins/admin/modules/table.(*DefaultTable).GetData
	G:/go-admin@v1.2.23/plugins/admin/modules/table/default.go:148
github.com/GoAdminGroup/go-admin/plugins/admin/controller.(*Handler).showTableData
	G:/go-admin@v1.2.23/plugins/admin/controller/show.go:70
github.com/GoAdminGroup/go-admin/plugins/admin/controller.(*Handler).showTable
	G:/go-admin@v1.2.23/plugins/admin/controller/show.go:102
github.com/GoAdminGroup/go-admin/plugins/admin/controller.(*Handler).ShowInfo
	G:/go-admin@v1.2.23/plugins/admin/controller/show.go:60
github.com/GoAdminGroup/go-admin/context.(*Context).Next
	G:/go-admin@v1.2.23/context/context.go:101
github.com/GoAdminGroup/go-admin/plugins/admin/modules/guard.(*Guard).CheckPrefix
	G:/go-admin@v1.2.23/plugins/admin/modules/guard/guard.go:51
github.com/GoAdminGroup/go-admin/context.(*Context).Next
	G:/go-admin@v1.2.23/context/context.go:101
github.com/GoAdminGroup/go-admin/plugins/admin.(*Admin).initRouter.Middleware.(*Invoker).Middleware.func6
	G:/go-admin@v1.2.23/modules/auth/middleware.go:132
github.com/GoAdminGroup/go-admin/context.(*Context).Next
	G:/go-admin@v1.2.23/context/context.go:101
github.com/GoAdminGroup/go-admin/plugins/admin.(*Admin).globalErrorHandler
	G:/go-admin@v1.2.23/plugins/admin/router.go:106
github.com/GoAdminGroup/go-admin/context.(*Context).Next
	G:/go-admin@v1.2.23/context/context.go:101
github.com/GoAdminGroup/go-admin/adapter/gin.(*Gin).AddHandler.func1
	G:/go-admin@v1.2.23/adapter/gin/gin.go:91
github.com/gin-gonic/gin.(*Context).Next
	C:/Users/DzungNg/go/pkg/mod/github.com/gin-gonic/gin@v1.7.7/context.go:168
github.com/gin-gonic/gin.CustomRecoveryWithWriter.func1
	C:/Users/DzungNg/go/pkg/mod/github.com/gin-gonic/gin@v1.7.7/recovery.go:99
github.com/gin-gonic/gin.(*Context).Next
	C:/Users/DzungNg/go/pkg/mod/github.com/gin-gonic/gin@v1.7.7/context.go:168
github.com/gin-gonic/gin.LoggerWithConfig.func1
	C:/Users/DzungNg/go/pkg/mod/github.com/gin-gonic/gin@v1.7.7/logger.go:241
github.com/gin-gonic/gin.(*Context).Next
	C:/Users/DzungNg/go/pkg/mod/github.com/gin-gonic/gin@v1.7.7/context.go:168
github.com/gin-gonic/gin.(*Engine).handleHTTPRequest
	C:/Users/DzungNg/go/pkg/mod/github.com/gin-gonic/gin@v1.7.7/gin.go:555
github.com/gin-gonic/gin.(*Engine).ServeHTTP
	C:/Users/DzungNg/go/pkg/mod/github.com/gin-gonic/gin@v1.7.7/gin.go:511
net/http.serverHandler.ServeHTTP
	C:/Program Files/Go/src/net/http/server.go:3311
net/http.(*conn).serve
	C:/Program Files/Go/src/net/http/server.go:2073
2026-06-20T09:51:19.190+0700	[31mERROR[0m	controller/handler.go:31	Error 1146: Table 'go_manager.complaint_management' doesn't exist
github.com/GoAdminGroup/go-admin/plugins/admin/controller.(*Handler).GlobalDeferHandler
	G:/go-admin@v1.2.23/plugins/admin/controller/handler.go:31
runtime.gopanic
	C:/Program Files/Go/src/runtime/panic.go:860
github.com/GoAdminGroup/go-admin/modules/db.CommonQuery
	G:/go-admin@v1.2.23/modules/db/performer.go:20
github.com/GoAdminGroup/go-admin/modules/db.(*Mysql).QueryWithConnection
	G:/go-admin@v1.2.23/modules/db/mysql.go:83
github.com/GoAdminGroup/go-admin/modules/db.(*SQL).ShowColumns
	G:/go-admin@v1.2.23/modules/db/statement.go:449
github.com/GoAdminGroup/go-admin/plugins/admin/modules/table.(*DefaultTable).getColumns
	G:/go-admin@v1.2.23/plugins/admin/modules/table/default.go:1138
github.com/GoAdminGroup/go-admin/plugins/admin/modules/table.(*DefaultTable).getDataFromDatabase
	G:/go-admin@v1.2.23/plugins/admin/modules/table/default.go:483
github.com/GoAdminGroup/go-admin/plugins/admin/modules/table.(*DefaultTable).GetData
	G:/go-admin@v1.2.23/plugins/admin/modules/table/default.go:148
github.com/GoAdminGroup/go-admin/plugins/admin/controller.(*Handler).showTableData
	G:/go-admin@v1.2.23/plugins/admin/controller/show.go:70
github.com/GoAdminGroup/go-admin/plugins/admin/controller.(*Handler).showTable
	G:/go-admin@v1.2.23/plugins/admin/controller/show.go:102
github.com/GoAdminGroup/go-admin/plugins/admin/controller.(*Handler).ShowInfo
	G:/go-admin@v1.2.23/plugins/admin/controller/show.go:60
github.com/GoAdminGroup/go-admin/context.(*Context).Next
	G:/go-admin@v1.2.23/context/context.go:101
github.com/GoAdminGroup/go-admin/plugins/admin/modules/guard.(*Guard).CheckPrefix
	G:/go-admin@v1.2.23/plugins/admin/modules/guard/guard.go:51
github.com/GoAdminGroup/go-admin/context.(*Context).Next
	G:/go-admin@v1.2.23/context/context.go:101
github.com/GoAdminGroup/go-admin/plugins/admin.(*Admin).initRouter.Middleware.(*Invoker).Middleware.func6
	G:/go-admin@v1.2.23/modules/auth/middleware.go:132
github.com/GoAdminGroup/go-admin/context.(*Context).Next
	G:/go-admin@v1.2.23/context/context.go:101
github.com/GoAdminGroup/go-admin/plugins/admin.(*Admin).globalErrorHandler
	G:/go-admin@v1.2.23/plugins/admin/router.go:106
github.com/GoAdminGroup/go-admin/context.(*Context).Next
	G:/go-admin@v1.2.23/context/context.go:101
github.com/GoAdminGroup/go-admin/adapter/gin.(*Gin).AddHandler.func1
	G:/go-admin@v1.2.23/adapter/gin/gin.go:91
github.com/gin-gonic/gin.(*Context).Next
	C:/Users/DzungNg/go/pkg/mod/github.com/gin-gonic/gin@v1.7.7/context.go:168
github.com/gin-gonic/gin.CustomRecoveryWithWriter.func1
	C:/Users/DzungNg/go/pkg/mod/github.com/gin-gonic/gin@v1.7.7/recovery.go:99
github.com/gin-gonic/gin.(*Context).Next
	C:/Users/DzungNg/go/pkg/mod/github.com/gin-gonic/gin@v1.7.7/context.go:168
github.com/gin-gonic/gin.LoggerWithConfig.func1
	C:/Users/DzungNg/go/pkg/mod/github.com/gin-gonic/gin@v1.7.7/logger.go:241
github.com/gin-gonic/gin.(*Context).Next
	C:/Users/DzungNg/go/pkg/mod/github.com/gin-gonic/gin@v1.7.7/context.go:168
github.com/gin-gonic/gin.(*Engine).handleHTTPRequest
	C:/Users/DzungNg/go/pkg/mod/github.com/gin-gonic/gin@v1.7.7/gin.go:555
github.com/gin-gonic/gin.(*Engine).ServeHTTP
	C:/Users/DzungNg/go/pkg/mod/github.com/gin-gonic/gin@v1.7.7/gin.go:511
net/http.serverHandler.ServeHTTP
	C:/Program Files/Go/src/net/http/server.go:3311
net/http.(*conn).serve
	C:/Program Files/Go/src/net/http/server.go:2073
2026-06-20T09:51:22.205+0700	[31mERROR[0m	controller/handler.go:31	Error 1146: Table 'go_manager.complaint_management' doesn't exist
github.com/GoAdminGroup/go-admin/plugins/admin/controller.(*Handler).GlobalDeferHandler
	G:/go-admin@v1.2.23/plugins/admin/controller/handler.go:31
runtime.gopanic
	C:/Program Files/Go/src/runtime/panic.go:860
github.com/GoAdminGroup/go-admin/modules/db.CommonQuery
	G:/go-admin@v1.2.23/modules/db/performer.go:20
github.com/GoAdminGroup/go-admin/modules/db.(*Mysql).QueryWithConnection
	G:/go-admin@v1.2.23/modules/db/mysql.go:83
github.com/GoAdminGroup/go-admin/modules/db.(*SQL).ShowColumns
	G:/go-admin@v1.2.23/modules/db/statement.go:449
github.com/GoAdminGroup/go-admin/plugins/admin/modules/table.(*DefaultTable).getColumns
	G:/go-admin@v1.2.23/plugins/admin/modules/table/default.go:1138
github.com/GoAdminGroup/go-admin/plugins/admin/modules/table.(*DefaultTable).getDataFromDatabase
	G:/go-admin@v1.2.23/plugins/admin/modules/table/default.go:483
github.com/GoAdminGroup/go-admin/plugins/admin/modules/table.(*DefaultTable).GetData
	G:/go-admin@v1.2.23/plugins/admin/modules/table/default.go:148
github.com/GoAdminGroup/go-admin/plugins/admin/controller.(*Handler).showTableData
	G:/go-admin@v1.2.23/plugins/admin/controller/show.go:70
github.com/GoAdminGroup/go-admin/plugins/admin/controller.(*Handler).showTable
	G:/go-admin@v1.2.23/plugins/admin/controller/show.go:102
github.com/GoAdminGroup/go-admin/plugins/admin/controller.(*Handler).ShowInfo
	G:/go-admin@v1.2.23/plugins/admin/controller/show.go:60
github.com/GoAdminGroup/go-admin/context.(*Context).Next
	G:/go-admin@v1.2.23/context/context.go:101
github.com/GoAdminGroup/go-admin/plugins/admin/modules/guard.(*Guard).CheckPrefix
	G:/go-admin@v1.2.23/plugins/admin/modules/guard/guard.go:51
github.com/GoAdminGroup/go-admin/context.(*Context).Next
	G:/go-admin@v1.2.23/context/context.go:101
github.com/GoAdminGroup/go-admin/plugins/admin.(*Admin).initRouter.Middleware.(*Invoker).Middleware.func6
	G:/go-admin@v1.2.23/modules/auth/middleware.go:132
github.com/GoAdminGroup/go-admin/context.(*Context).Next
	G:/go-admin@v1.2.23/context/context.go:101
github.com/GoAdminGroup/go-admin/plugins/admin.(*Admin).globalErrorHandler
	G:/go-admin@v1.2.23/plugins/admin/router.go:106
github.com/GoAdminGroup/go-admin/context.(*Context).Next
	G:/go-admin@v1.2.23/context/context.go:101
github.com/GoAdminGroup/go-admin/adapter/gin.(*Gin).AddHandler.func1
	G:/go-admin@v1.2.23/adapter/gin/gin.go:91
github.com/gin-gonic/gin.(*Context).Next
	C:/Users/DzungNg/go/pkg/mod/github.com/gin-gonic/gin@v1.7.7/context.go:168
github.com/gin-gonic/gin.CustomRecoveryWithWriter.func1
	C:/Users/DzungNg/go/pkg/mod/github.com/gin-gonic/gin@v1.7.7/recovery.go:99
github.com/gin-gonic/gin.(*Context).Next
	C:/Users/DzungNg/go/pkg/mod/github.com/gin-gonic/gin@v1.7.7/context.go:168
github.com/gin-gonic/gin.LoggerWithConfig.func1
	C:/Users/DzungNg/go/pkg/mod/github.com/gin-gonic/gin@v1.7.7/logger.go:241
github.com/gin-gonic/gin.(*Context).Next
	C:/Users/DzungNg/go/pkg/mod/github.com/gin-gonic/gin@v1.7.7/context.go:168
github.com/gin-gonic/gin.(*Engine).handleHTTPRequest
	C:/Users/DzungNg/go/pkg/mod/github.com/gin-gonic/gin@v1.7.7/gin.go:555
github.com/gin-gonic/gin.(*Engine).ServeHTTP
	C:/Users/DzungNg/go/pkg/mod/github.com/gin-gonic/gin@v1.7.7/gin.go:511
net/http.serverHandler.ServeHTTP
	C:/Program Files/Go/src/net/http/server.go:3311
net/http.(*conn).serve
	C:/Program Files/Go/src/net/http/server.go:2073
2026-06-20T09:51:28.711+0700	[31mERROR[0m	controller/handler.go:31	Error 1146: Table 'go_manager.operationaudit' doesn't exist
github.com/GoAdminGroup/go-admin/plugins/admin/controller.(*Handler).GlobalDeferHandler
	G:/go-admin@v1.2.23/plugins/admin/controller/handler.go:31
runtime.gopanic
	C:/Program Files/Go/src/runtime/panic.go:860
github.com/GoAdminGroup/go-admin/modules/db.CommonQuery
	G:/go-admin@v1.2.23/modules/db/performer.go:20
github.com/GoAdminGroup/go-admin/modules/db.(*Mysql).QueryWithConnection
	G:/go-admin@v1.2.23/modules/db/mysql.go:83
github.com/GoAdminGroup/go-admin/modules/db.(*SQL).ShowColumns
	G:/go-admin@v1.2.23/modules/db/statement.go:449
github.com/GoAdminGroup/go-admin/plugins/admin/modules/table.(*DefaultTable).getColumns
	G:/go-admin@v1.2.23/plugins/admin/modules/table/default.go:1138
github.com/GoAdminGroup/go-admin/plugins/admin/modules/table.(*DefaultTable).getDataFromDatabase
	G:/go-admin@v1.2.23/plugins/admin/modules/table/default.go:483
github.com/GoAdminGroup/go-admin/plugins/admin/modules/table.(*DefaultTable).GetData
	G:/go-admin@v1.2.23/plugins/admin/modules/table/default.go:148
github.com/GoAdminGroup/go-admin/plugins/admin/controller.(*Handler).showTableData
	G:/go-admin@v1.2.23/plugins/admin/controller/show.go:70
github.com/GoAdminGroup/go-admin/plugins/admin/controller.(*Handler).showTable
	G:/go-admin@v1.2.23/plugins/admin/controller/show.go:102
github.com/GoAdminGroup/go-admin/plugins/admin/controller.(*Handler).ShowInfo
	G:/go-admin@v1.2.23/plugins/admin/controller/show.go:60
github.com/GoAdminGroup/go-admin/context.(*Context).Next
	G:/go-admin@v1.2.23/context/context.go:101
github.com/GoAdminGroup/go-admin/plugins/admin/modules/guard.(*Guard).CheckPrefix
	G:/go-admin@v1.2.23/plugins/admin/modules/guard/guard.go:51
github.com/GoAdminGroup/go-admin/context.(*Context).Next
	G:/go-admin@v1.2.23/context/context.go:101
github.com/GoAdminGroup/go-admin/plugins/admin.(*Admin).initRouter.Middleware.(*Invoker).Middleware.func6
	G:/go-admin@v1.2.23/modules/auth/middleware.go:132
github.com/GoAdminGroup/go-admin/context.(*Context).Next
	G:/go-admin@v1.2.23/context/context.go:101
github.com/GoAdminGroup/go-admin/plugins/admin.(*Admin).globalErrorHandler
	G:/go-admin@v1.2.23/plugins/admin/router.go:106
github.com/GoAdminGroup/go-admin/context.(*Context).Next
	G:/go-admin@v1.2.23/context/context.go:101
github.com/GoAdminGroup/go-admin/adapter/gin.(*Gin).AddHandler.func1
	G:/go-admin@v1.2.23/adapter/gin/gin.go:91
github.com/gin-gonic/gin.(*Context).Next
	C:/Users/DzungNg/go/pkg/mod/github.com/gin-gonic/gin@v1.7.7/context.go:168
github.com/gin-gonic/gin.CustomRecoveryWithWriter.func1
	C:/Users/DzungNg/go/pkg/mod/github.com/gin-gonic/gin@v1.7.7/recovery.go:99
github.com/gin-gonic/gin.(*Context).Next
	C:/Users/DzungNg/go/pkg/mod/github.com/gin-gonic/gin@v1.7.7/context.go:168
github.com/gin-gonic/gin.LoggerWithConfig.func1
	C:/Users/DzungNg/go/pkg/mod/github.com/gin-gonic/gin@v1.7.7/logger.go:241
github.com/gin-gonic/gin.(*Context).Next
	C:/Users/DzungNg/go/pkg/mod/github.com/gin-gonic/gin@v1.7.7/context.go:168
github.com/gin-gonic/gin.(*Engine).handleHTTPRequest
	C:/Users/DzungNg/go/pkg/mod/github.com/gin-gonic/gin@v1.7.7/gin.go:555
github.com/gin-gonic/gin.(*Engine).ServeHTTP
	C:/Users/DzungNg/go/pkg/mod/github.com/gin-gonic/gin@v1.7.7/gin.go:511
net/http.serverHandler.ServeHTTP
	C:/Program Files/Go/src/net/http/server.go:3311
net/http.(*conn).serve
	C:/Program Files/Go/src/net/http/server.go:2073
2026-06-20T10:15:08.383+0700	[31mERROR[0m	controller/handler.go:31	Error 1146: Table 'go_manager.operationaudit' doesn't exist
github.com/GoAdminGroup/go-admin/plugins/admin/controller.(*Handler).GlobalDeferHandler
	G:/go-admin@v1.2.23/plugins/admin/controller/handler.go:31
runtime.gopanic
	C:/Program Files/Go/src/runtime/panic.go:860
github.com/GoAdminGroup/go-admin/modules/db.CommonQuery
	G:/go-admin@v1.2.23/modules/db/performer.go:20
github.com/GoAdminGroup/go-admin/modules/db.(*Mysql).QueryWithConnection
	G:/go-admin@v1.2.23/modules/db/mysql.go:83
github.com/GoAdminGroup/go-admin/modules/db.(*SQL).ShowColumns
	G:/go-admin@v1.2.23/modules/db/statement.go:449
github.com/GoAdminGroup/go-admin/plugins/admin/modules/table.(*DefaultTable).getColumns
	G:/go-admin@v1.2.23/plugins/admin/modules/table/default.go:1138
github.com/GoAdminGroup/go-admin/plugins/admin/modules/table.(*DefaultTable).getDataFromDatabase
	G:/go-admin@v1.2.23/plugins/admin/modules/table/default.go:483
github.com/GoAdminGroup/go-admin/plugins/admin/modules/table.(*DefaultTable).GetData
	G:/go-admin@v1.2.23/plugins/admin/modules/table/default.go:148
github.com/GoAdminGroup/go-admin/plugins/admin/controller.(*Handler).showTableData
	G:/go-admin@v1.2.23/plugins/admin/controller/show.go:70
github.com/GoAdminGroup/go-admin/plugins/admin/controller.(*Handler).showTable
	G:/go-admin@v1.2.23/plugins/admin/controller/show.go:102
github.com/GoAdminGroup/go-admin/plugins/admin/controller.(*Handler).ShowInfo
	G:/go-admin@v1.2.23/plugins/admin/controller/show.go:60
github.com/GoAdminGroup/go-admin/context.(*Context).Next
	G:/go-admin@v1.2.23/context/context.go:101
github.com/GoAdminGroup/go-admin/plugins/admin/modules/guard.(*Guard).CheckPrefix
	G:/go-admin@v1.2.23/plugins/admin/modules/guard/guard.go:51
github.com/GoAdminGroup/go-admin/context.(*Context).Next
	G:/go-admin@v1.2.23/context/context.go:101
github.com/GoAdminGroup/go-admin/plugins/admin.(*Admin).initRouter.Middleware.(*Invoker).Middleware.func6
	G:/go-admin@v1.2.23/modules/auth/middleware.go:132
github.com/GoAdminGroup/go-admin/context.(*Context).Next
	G:/go-admin@v1.2.23/context/context.go:101
github.com/GoAdminGroup/go-admin/plugins/admin.(*Admin).globalErrorHandler
	G:/go-admin@v1.2.23/plugins/admin/router.go:106
github.com/GoAdminGroup/go-admin/context.(*Context).Next
	G:/go-admin@v1.2.23/context/context.go:101
github.com/GoAdminGroup/go-admin/adapter/gin.(*Gin).AddHandler.func1
	G:/go-admin@v1.2.23/adapter/gin/gin.go:91
github.com/gin-gonic/gin.(*Context).Next
	C:/Users/DzungNg/go/pkg/mod/github.com/gin-gonic/gin@v1.7.7/context.go:168
github.com/gin-gonic/gin.CustomRecoveryWithWriter.func1
	C:/Users/DzungNg/go/pkg/mod/github.com/gin-gonic/gin@v1.7.7/recovery.go:99
github.com/gin-gonic/gin.(*Context).Next
	C:/Users/DzungNg/go/pkg/mod/github.com/gin-gonic/gin@v1.7.7/context.go:168
github.com/gin-gonic/gin.LoggerWithConfig.func1
	C:/Users/DzungNg/go/pkg/mod/github.com/gin-gonic/gin@v1.7.7/logger.go:241
github.com/gin-gonic/gin.(*Context).Next
	C:/Users/DzungNg/go/pkg/mod/github.com/gin-gonic/gin@v1.7.7/context.go:168
github.com/gin-gonic/gin.(*Engine).handleHTTPRequest
	C:/Users/DzungNg/go/pkg/mod/github.com/gin-gonic/gin@v1.7.7/gin.go:555
github.com/gin-gonic/gin.(*Engine).ServeHTTP
	C:/Users/DzungNg/go/pkg/mod/github.com/gin-gonic/gin@v1.7.7/gin.go:511
net/http.serverHandler.ServeHTTP
	C:/Program Files/Go/src/net/http/server.go:3311
net/http.(*conn).serve
	C:/Program Files/Go/src/net/http/server.go:2073
2026-06-20T10:29:57.337+0700	[31mERROR[0m	controller/handler.go:31	Error 1146: Table 'go_manager.operationaudit' doesn't exist
github.com/GoAdminGroup/go-admin/plugins/admin/controller.(*Handler).GlobalDeferHandler
	G:/go-admin@v1.2.23/plugins/admin/controller/handler.go:31
runtime.gopanic
	C:/Program Files/Go/src/runtime/panic.go:860
github.com/GoAdminGroup/go-admin/modules/db.CommonQuery
	G:/go-admin@v1.2.23/modules/db/performer.go:20
github.com/GoAdminGroup/go-admin/modules/db.(*Mysql).QueryWithConnection
	G:/go-admin@v1.2.23/modules/db/mysql.go:83
github.com/GoAdminGroup/go-admin/modules/db.(*SQL).ShowColumns
	G:/go-admin@v1.2.23/modules/db/statement.go:449
github.com/GoAdminGroup/go-admin/plugins/admin/modules/table.(*DefaultTable).getColumns
	G:/go-admin@v1.2.23/plugins/admin/modules/table/default.go:1138
github.com/GoAdminGroup/go-admin/plugins/admin/modules/table.(*DefaultTable).getDataFromDatabase
	G:/go-admin@v1.2.23/plugins/admin/modules/table/default.go:483
github.com/GoAdminGroup/go-admin/plugins/admin/modules/table.(*DefaultTable).GetData
	G:/go-admin@v1.2.23/plugins/admin/modules/table/default.go:148
github.com/GoAdminGroup/go-admin/plugins/admin/controller.(*Handler).showTableData
	G:/go-admin@v1.2.23/plugins/admin/controller/show.go:70
github.com/GoAdminGroup/go-admin/plugins/admin/controller.(*Handler).showTable
	G:/go-admin@v1.2.23/plugins/admin/controller/show.go:102
github.com/GoAdminGroup/go-admin/plugins/admin/controller.(*Handler).ShowInfo
	G:/go-admin@v1.2.23/plugins/admin/controller/show.go:60
github.com/GoAdminGroup/go-admin/context.(*Context).Next
	G:/go-admin@v1.2.23/context/context.go:101
github.com/GoAdminGroup/go-admin/plugins/admin/modules/guard.(*Guard).CheckPrefix
	G:/go-admin@v1.2.23/plugins/admin/modules/guard/guard.go:51
github.com/GoAdminGroup/go-admin/context.(*Context).Next
	G:/go-admin@v1.2.23/context/context.go:101
github.com/GoAdminGroup/go-admin/plugins/admin.(*Admin).initRouter.Middleware.(*Invoker).Middleware.func6
	G:/go-admin@v1.2.23/modules/auth/middleware.go:132
github.com/GoAdminGroup/go-admin/context.(*Context).Next
	G:/go-admin@v1.2.23/context/context.go:101
github.com/GoAdminGroup/go-admin/plugins/admin.(*Admin).globalErrorHandler
	G:/go-admin@v1.2.23/plugins/admin/router.go:106
github.com/GoAdminGroup/go-admin/context.(*Context).Next
	G:/go-admin@v1.2.23/context/context.go:101
github.com/GoAdminGroup/go-admin/adapter/gin.(*Gin).AddHandler.func1
	G:/go-admin@v1.2.23/adapter/gin/gin.go:91
github.com/gin-gonic/gin.(*Context).Next
	C:/Users/DzungNg/go/pkg/mod/github.com/gin-gonic/gin@v1.7.7/context.go:168
github.com/gin-gonic/gin.CustomRecoveryWithWriter.func1
	C:/Users/DzungNg/go/pkg/mod/github.com/gin-gonic/gin@v1.7.7/recovery.go:99
github.com/gin-gonic/gin.(*Context).Next
	C:/Users/DzungNg/go/pkg/mod/github.com/gin-gonic/gin@v1.7.7/context.go:168
github.com/gin-gonic/gin.LoggerWithConfig.func1
	C:/Users/DzungNg/go/pkg/mod/github.com/gin-gonic/gin@v1.7.7/logger.go:241
github.com/gin-gonic/gin.(*Context).Next
	C:/Users/DzungNg/go/pkg/mod/github.com/gin-gonic/gin@v1.7.7/context.go:168
github.com/gin-gonic/gin.(*Engine).handleHTTPRequest
	C:/Users/DzungNg/go/pkg/mod/github.com/gin-gonic/gin@v1.7.7/gin.go:555
github.com/gin-gonic/gin.(*Engine).ServeHTTP
	C:/Users/DzungNg/go/pkg/mod/github.com/gin-gonic/gin@v1.7.7/gin.go:511
net/http.serverHandler.ServeHTTP
	C:/Program Files/Go/src/net/http/server.go:3311
net/http.(*conn).serve
	C:/Program Files/Go/src/net/http/server.go:2073
2026-06-20T10:30:15.785+0700	[31mERROR[0m	controller/handler.go:31	Error 1146: Table 'go_manager.suspicious_data_record' doesn't exist
github.com/GoAdminGroup/go-admin/plugins/admin/controller.(*Handler).GlobalDeferHandler
	G:/go-admin@v1.2.23/plugins/admin/controller/handler.go:31
runtime.gopanic
	C:/Program Files/Go/src/runtime/panic.go:860
github.com/GoAdminGroup/go-admin/modules/db.CommonQuery
	G:/go-admin@v1.2.23/modules/db/performer.go:20
github.com/GoAdminGroup/go-admin/modules/db.(*Mysql).QueryWithConnection
	G:/go-admin@v1.2.23/modules/db/mysql.go:83
github.com/GoAdminGroup/go-admin/modules/db.(*SQL).ShowColumns
	G:/go-admin@v1.2.23/modules/db/statement.go:449
github.com/GoAdminGroup/go-admin/plugins/admin/modules/table.(*DefaultTable).getColumns
	G:/go-admin@v1.2.23/plugins/admin/modules/table/default.go:1138
github.com/GoAdminGroup/go-admin/plugins/admin/modules/table.(*DefaultTable).getDataFromDatabase
	G:/go-admin@v1.2.23/plugins/admin/modules/table/default.go:483
github.com/GoAdminGroup/go-admin/plugins/admin/modules/table.(*DefaultTable).GetData
	G:/go-admin@v1.2.23/plugins/admin/modules/table/default.go:148
github.com/GoAdminGroup/go-admin/plugins/admin/controller.(*Handler).showTableData
	G:/go-admin@v1.2.23/plugins/admin/controller/show.go:70
github.com/GoAdminGroup/go-admin/plugins/admin/controller.(*Handler).showTable
	G:/go-admin@v1.2.23/plugins/admin/controller/show.go:102
github.com/GoAdminGroup/go-admin/plugins/admin/controller.(*Handler).ShowInfo
	G:/go-admin@v1.2.23/plugins/admin/controller/show.go:60
github.com/GoAdminGroup/go-admin/context.(*Context).Next
	G:/go-admin@v1.2.23/context/context.go:101
github.com/GoAdminGroup/go-admin/plugins/admin/modules/guard.(*Guard).CheckPrefix
	G:/go-admin@v1.2.23/plugins/admin/modules/guard/guard.go:51
github.com/GoAdminGroup/go-admin/context.(*Context).Next
	G:/go-admin@v1.2.23/context/context.go:101
github.com/GoAdminGroup/go-admin/plugins/admin.(*Admin).initRouter.Middleware.(*Invoker).Middleware.func6
	G:/go-admin@v1.2.23/modules/auth/middleware.go:132
github.com/GoAdminGroup/go-admin/context.(*Context).Next
	G:/go-admin@v1.2.23/context/context.go:101
github.com/GoAdminGroup/go-admin/plugins/admin.(*Admin).globalErrorHandler
	G:/go-admin@v1.2.23/plugins/admin/router.go:106
github.com/GoAdminGroup/go-admin/context.(*Context).Next
	G:/go-admin@v1.2.23/context/context.go:101
github.com/GoAdminGroup/go-admin/adapter/gin.(*Gin).AddHandler.func1
	G:/go-admin@v1.2.23/adapter/gin/gin.go:91
github.com/gin-gonic/gin.(*Context).Next
	C:/Users/DzungNg/go/pkg/mod/github.com/gin-gonic/gin@v1.7.7/context.go:168
github.com/gin-gonic/gin.CustomRecoveryWithWriter.func1
	C:/Users/DzungNg/go/pkg/mod/github.com/gin-gonic/gin@v1.7.7/recovery.go:99
github.com/gin-gonic/gin.(*Context).Next
	C:/Users/DzungNg/go/pkg/mod/github.com/gin-gonic/gin@v1.7.7/context.go:168
github.com/gin-gonic/gin.LoggerWithConfig.func1
	C:/Users/DzungNg/go/pkg/mod/github.com/gin-gonic/gin@v1.7.7/logger.go:241
github.com/gin-gonic/gin.(*Context).Next
	C:/Users/DzungNg/go/pkg/mod/github.com/gin-gonic/gin@v1.7.7/context.go:168
github.com/gin-gonic/gin.(*Engine).handleHTTPRequest
	C:/Users/DzungNg/go/pkg/mod/github.com/gin-gonic/gin@v1.7.7/gin.go:555
github.com/gin-gonic/gin.(*Engine).ServeHTTP
	C:/Users/DzungNg/go/pkg/mod/github.com/gin-gonic/gin@v1.7.7/gin.go:511
net/http.serverHandler.ServeHTTP
	C:/Program Files/Go/src/net/http/server.go:3311
net/http.(*conn).serve
	C:/Program Files/Go/src/net/http/server.go:2073
2026-06-20T10:30:16.037+0700	[31mERROR[0m	controller/handler.go:31	Error 1146: Table 'go_manager.suspicious_data_record' doesn't exist
github.com/GoAdminGroup/go-admin/plugins/admin/controller.(*Handler).GlobalDeferHandler
	G:/go-admin@v1.2.23/plugins/admin/controller/handler.go:31
runtime.gopanic
	C:/Program Files/Go/src/runtime/panic.go:860
github.com/GoAdminGroup/go-admin/modules/db.CommonQuery
	G:/go-admin@v1.2.23/modules/db/performer.go:20
github.com/GoAdminGroup/go-admin/modules/db.(*Mysql).QueryWithConnection
	G:/go-admin@v1.2.23/modules/db/mysql.go:83
github.com/GoAdminGroup/go-admin/modules/db.(*SQL).ShowColumns
	G:/go-admin@v1.2.23/modules/db/statement.go:449
github.com/GoAdminGroup/go-admin/plugins/admin/modules/table.(*DefaultTable).getColumns
	G:/go-admin@v1.2.23/plugins/admin/modules/table/default.go:1138
github.com/GoAdminGroup/go-admin/plugins/admin/modules/table.(*DefaultTable).getDataFromDatabase
	G:/go-admin@v1.2.23/plugins/admin/modules/table/default.go:483
github.com/GoAdminGroup/go-admin/plugins/admin/modules/table.(*DefaultTable).GetData
	G:/go-admin@v1.2.23/plugins/admin/modules/table/default.go:148
github.com/GoAdminGroup/go-admin/plugins/admin/controller.(*Handler).showTableData
	G:/go-admin@v1.2.23/plugins/admin/controller/show.go:70
github.com/GoAdminGroup/go-admin/plugins/admin/controller.(*Handler).showTable
	G:/go-admin@v1.2.23/plugins/admin/controller/show.go:102
github.com/GoAdminGroup/go-admin/plugins/admin/controller.(*Handler).ShowInfo
	G:/go-admin@v1.2.23/plugins/admin/controller/show.go:60
github.com/GoAdminGroup/go-admin/context.(*Context).Next
	G:/go-admin@v1.2.23/context/context.go:101
github.com/GoAdminGroup/go-admin/plugins/admin/modules/guard.(*Guard).CheckPrefix
	G:/go-admin@v1.2.23/plugins/admin/modules/guard/guard.go:51
github.com/GoAdminGroup/go-admin/context.(*Context).Next
	G:/go-admin@v1.2.23/context/context.go:101
github.com/GoAdminGroup/go-admin/plugins/admin.(*Admin).initRouter.Middleware.(*Invoker).Middleware.func6
	G:/go-admin@v1.2.23/modules/auth/middleware.go:132
github.com/GoAdminGroup/go-admin/context.(*Context).Next
	G:/go-admin@v1.2.23/context/context.go:101
github.com/GoAdminGroup/go-admin/plugins/admin.(*Admin).globalErrorHandler
	G:/go-admin@v1.2.23/plugins/admin/router.go:106
github.com/GoAdminGroup/go-admin/context.(*Context).Next
	G:/go-admin@v1.2.23/context/context.go:101
github.com/GoAdminGroup/go-admin/adapter/gin.(*Gin).AddHandler.func1
	G:/go-admin@v1.2.23/adapter/gin/gin.go:91
github.com/gin-gonic/gin.(*Context).Next
	C:/Users/DzungNg/go/pkg/mod/github.com/gin-gonic/gin@v1.7.7/context.go:168
github.com/gin-gonic/gin.CustomRecoveryWithWriter.func1
	C:/Users/DzungNg/go/pkg/mod/github.com/gin-gonic/gin@v1.7.7/recovery.go:99
github.com/gin-gonic/gin.(*Context).Next
	C:/Users/DzungNg/go/pkg/mod/github.com/gin-gonic/gin@v1.7.7/context.go:168
github.com/gin-gonic/gin.LoggerWithConfig.func1
	C:/Users/DzungNg/go/pkg/mod/github.com/gin-gonic/gin@v1.7.7/logger.go:241
github.com/gin-gonic/gin.(*Context).Next
	C:/Users/DzungNg/go/pkg/mod/github.com/gin-gonic/gin@v1.7.7/context.go:168
github.com/gin-gonic/gin.(*Engine).handleHTTPRequest
	C:/Users/DzungNg/go/pkg/mod/github.com/gin-gonic/gin@v1.7.7/gin.go:555
github.com/gin-gonic/gin.(*Engine).ServeHTTP
	C:/Users/DzungNg/go/pkg/mod/github.com/gin-gonic/gin@v1.7.7/gin.go:511
net/http.serverHandler.ServeHTTP
	C:/Program Files/Go/src/net/http/server.go:3311
net/http.(*conn).serve
	C:/Program Files/Go/src/net/http/server.go:2073
2026-06-20T10:30:17.750+0700	[31mERROR[0m	controller/handler.go:31	Error 1146: Table 'go_manager.global_cfg_check' doesn't exist
github.com/GoAdminGroup/go-admin/plugins/admin/controller.(*Handler).GlobalDeferHandler
	G:/go-admin@v1.2.23/plugins/admin/controller/handler.go:31
runtime.gopanic
	C:/Program Files/Go/src/runtime/panic.go:860
github.com/GoAdminGroup/go-admin/modules/db.CommonQuery
	G:/go-admin@v1.2.23/modules/db/performer.go:20
github.com/GoAdminGroup/go-admin/modules/db.(*Mysql).QueryWithConnection
	G:/go-admin@v1.2.23/modules/db/mysql.go:83
github.com/GoAdminGroup/go-admin/modules/db.(*SQL).ShowColumns
	G:/go-admin@v1.2.23/modules/db/statement.go:449
github.com/GoAdminGroup/go-admin/plugins/admin/modules/table.(*DefaultTable).getColumns
	G:/go-admin@v1.2.23/plugins/admin/modules/table/default.go:1138
github.com/GoAdminGroup/go-admin/plugins/admin/modules/table.(*DefaultTable).getDataFromDatabase
	G:/go-admin@v1.2.23/plugins/admin/modules/table/default.go:483
github.com/GoAdminGroup/go-admin/plugins/admin/modules/table.(*DefaultTable).GetData
	G:/go-admin@v1.2.23/plugins/admin/modules/table/default.go:148
github.com/GoAdminGroup/go-admin/plugins/admin/controller.(*Handler).showTableData
	G:/go-admin@v1.2.23/plugins/admin/controller/show.go:70
github.com/GoAdminGroup/go-admin/plugins/admin/controller.(*Handler).showTable
	G:/go-admin@v1.2.23/plugins/admin/controller/show.go:102
github.com/GoAdminGroup/go-admin/plugins/admin/controller.(*Handler).ShowInfo
	G:/go-admin@v1.2.23/plugins/admin/controller/show.go:60
github.com/GoAdminGroup/go-admin/context.(*Context).Next
	G:/go-admin@v1.2.23/context/context.go:101
github.com/GoAdminGroup/go-admin/plugins/admin/modules/guard.(*Guard).CheckPrefix
	G:/go-admin@v1.2.23/plugins/admin/modules/guard/guard.go:51
github.com/GoAdminGroup/go-admin/context.(*Context).Next
	G:/go-admin@v1.2.23/context/context.go:101
github.com/GoAdminGroup/go-admin/plugins/admin.(*Admin).initRouter.Middleware.(*Invoker).Middleware.func6
	G:/go-admin@v1.2.23/modules/auth/middleware.go:132
github.com/GoAdminGroup/go-admin/context.(*Context).Next
	G:/go-admin@v1.2.23/context/context.go:101
github.com/GoAdminGroup/go-admin/plugins/admin.(*Admin).globalErrorHandler
	G:/go-admin@v1.2.23/plugins/admin/router.go:106
github.com/GoAdminGroup/go-admin/context.(*Context).Next
	G:/go-admin@v1.2.23/context/context.go:101
github.com/GoAdminGroup/go-admin/adapter/gin.(*Gin).AddHandler.func1
	G:/go-admin@v1.2.23/adapter/gin/gin.go:91
github.com/gin-gonic/gin.(*Context).Next
	C:/Users/DzungNg/go/pkg/mod/github.com/gin-gonic/gin@v1.7.7/context.go:168
github.com/gin-gonic/gin.CustomRecoveryWithWriter.func1
	C:/Users/DzungNg/go/pkg/mod/github.com/gin-gonic/gin@v1.7.7/recovery.go:99
github.com/gin-gonic/gin.(*Context).Next
	C:/Users/DzungNg/go/pkg/mod/github.com/gin-gonic/gin@v1.7.7/context.go:168
github.com/gin-gonic/gin.LoggerWithConfig.func1
	C:/Users/DzungNg/go/pkg/mod/github.com/gin-gonic/gin@v1.7.7/logger.go:241
github.com/gin-gonic/gin.(*Context).Next
	C:/Users/DzungNg/go/pkg/mod/github.com/gin-gonic/gin@v1.7.7/context.go:168
github.com/gin-gonic/gin.(*Engine).handleHTTPRequest
	C:/Users/DzungNg/go/pkg/mod/github.com/gin-gonic/gin@v1.7.7/gin.go:555
github.com/gin-gonic/gin.(*Engine).ServeHTTP
	C:/Users/DzungNg/go/pkg/mod/github.com/gin-gonic/gin@v1.7.7/gin.go:511
net/http.serverHandler.ServeHTTP
	C:/Program Files/Go/src/net/http/server.go:3311
net/http.(*conn).serve
	C:/Program Files/Go/src/net/http/server.go:2073
2026-06-20T10:30:39.628+0700	[31mERROR[0m	controller/handler.go:31	Error 1146: Table 'go_manager.account_data_count' doesn't exist
github.com/GoAdminGroup/go-admin/plugins/admin/controller.(*Handler).GlobalDeferHandler
	G:/go-admin@v1.2.23/plugins/admin/controller/handler.go:31
runtime.gopanic
	C:/Program Files/Go/src/runtime/panic.go:860
github.com/GoAdminGroup/go-admin/modules/db.CommonQuery
	G:/go-admin@v1.2.23/modules/db/performer.go:20
github.com/GoAdminGroup/go-admin/modules/db.(*Mysql).QueryWithConnection
	G:/go-admin@v1.2.23/modules/db/mysql.go:83
github.com/GoAdminGroup/go-admin/modules/db.(*SQL).ShowColumns
	G:/go-admin@v1.2.23/modules/db/statement.go:449
github.com/GoAdminGroup/go-admin/plugins/admin/modules/table.(*DefaultTable).getColumns
	G:/go-admin@v1.2.23/plugins/admin/modules/table/default.go:1138
github.com/GoAdminGroup/go-admin/plugins/admin/modules/table.(*DefaultTable).getDataFromDatabase
	G:/go-admin@v1.2.23/plugins/admin/modules/table/default.go:483
github.com/GoAdminGroup/go-admin/plugins/admin/modules/table.(*DefaultTable).GetData
	G:/go-admin@v1.2.23/plugins/admin/modules/table/default.go:148
github.com/GoAdminGroup/go-admin/plugins/admin/controller.(*Handler).showTableData
	G:/go-admin@v1.2.23/plugins/admin/controller/show.go:70
github.com/GoAdminGroup/go-admin/plugins/admin/controller.(*Handler).showTable
	G:/go-admin@v1.2.23/plugins/admin/controller/show.go:102
github.com/GoAdminGroup/go-admin/plugins/admin/controller.(*Handler).ShowInfo
	G:/go-admin@v1.2.23/plugins/admin/controller/show.go:60
github.com/GoAdminGroup/go-admin/context.(*Context).Next
	G:/go-admin@v1.2.23/context/context.go:101
github.com/GoAdminGroup/go-admin/plugins/admin/modules/guard.(*Guard).CheckPrefix
	G:/go-admin@v1.2.23/plugins/admin/modules/guard/guard.go:51
github.com/GoAdminGroup/go-admin/context.(*Context).Next
	G:/go-admin@v1.2.23/context/context.go:101
github.com/GoAdminGroup/go-admin/plugins/admin.(*Admin).initRouter.Middleware.(*Invoker).Middleware.func6
	G:/go-admin@v1.2.23/modules/auth/middleware.go:132
github.com/GoAdminGroup/go-admin/context.(*Context).Next
	G:/go-admin@v1.2.23/context/context.go:101
github.com/GoAdminGroup/go-admin/plugins/admin.(*Admin).globalErrorHandler
	G:/go-admin@v1.2.23/plugins/admin/router.go:106
github.com/GoAdminGroup/go-admin/context.(*Context).Next
	G:/go-admin@v1.2.23/context/context.go:101
github.com/GoAdminGroup/go-admin/adapter/gin.(*Gin).AddHandler.func1
	G:/go-admin@v1.2.23/adapter/gin/gin.go:91
github.com/gin-gonic/gin.(*Context).Next
	C:/Users/DzungNg/go/pkg/mod/github.com/gin-gonic/gin@v1.7.7/context.go:168
github.com/gin-gonic/gin.CustomRecoveryWithWriter.func1
	C:/Users/DzungNg/go/pkg/mod/github.com/gin-gonic/gin@v1.7.7/recovery.go:99
github.com/gin-gonic/gin.(*Context).Next
	C:/Users/DzungNg/go/pkg/mod/github.com/gin-gonic/gin@v1.7.7/context.go:168
github.com/gin-gonic/gin.LoggerWithConfig.func1
	C:/Users/DzungNg/go/pkg/mod/github.com/gin-gonic/gin@v1.7.7/logger.go:241
github.com/gin-gonic/gin.(*Context).Next
	C:/Users/DzungNg/go/pkg/mod/github.com/gin-gonic/gin@v1.7.7/context.go:168
github.com/gin-gonic/gin.(*Engine).handleHTTPRequest
	C:/Users/DzungNg/go/pkg/mod/github.com/gin-gonic/gin@v1.7.7/gin.go:555
github.com/gin-gonic/gin.(*Engine).ServeHTTP
	C:/Users/DzungNg/go/pkg/mod/github.com/gin-gonic/gin@v1.7.7/gin.go:511
net/http.serverHandler.ServeHTTP
	C:/Program Files/Go/src/net/http/server.go:3311
net/http.(*conn).serve
	C:/Program Files/Go/src/net/http/server.go:2073
2026-06-20T10:30:48.356+0700	[31mERROR[0m	controller/handler.go:31	Error 1146: Table 'go_manager.player_active_count' doesn't exist
github.com/GoAdminGroup/go-admin/plugins/admin/controller.(*Handler).GlobalDeferHandler
	G:/go-admin@v1.2.23/plugins/admin/controller/handler.go:31
runtime.gopanic
	C:/Program Files/Go/src/runtime/panic.go:860
github.com/GoAdminGroup/go-admin/modules/db.CommonQuery
	G:/go-admin@v1.2.23/modules/db/performer.go:20
github.com/GoAdminGroup/go-admin/modules/db.(*Mysql).QueryWithConnection
	G:/go-admin@v1.2.23/modules/db/mysql.go:83
github.com/GoAdminGroup/go-admin/modules/db.(*SQL).ShowColumns
	G:/go-admin@v1.2.23/modules/db/statement.go:449
github.com/GoAdminGroup/go-admin/plugins/admin/modules/table.(*DefaultTable).getColumns
	G:/go-admin@v1.2.23/plugins/admin/modules/table/default.go:1138
github.com/GoAdminGroup/go-admin/plugins/admin/modules/table.(*DefaultTable).getDataFromDatabase
	G:/go-admin@v1.2.23/plugins/admin/modules/table/default.go:483
github.com/GoAdminGroup/go-admin/plugins/admin/modules/table.(*DefaultTable).GetData
	G:/go-admin@v1.2.23/plugins/admin/modules/table/default.go:148
github.com/GoAdminGroup/go-admin/plugins/admin/controller.(*Handler).showTableData
	G:/go-admin@v1.2.23/plugins/admin/controller/show.go:70
github.com/GoAdminGroup/go-admin/plugins/admin/controller.(*Handler).showTable
	G:/go-admin@v1.2.23/plugins/admin/controller/show.go:102
github.com/GoAdminGroup/go-admin/plugins/admin/controller.(*Handler).ShowInfo
	G:/go-admin@v1.2.23/plugins/admin/controller/show.go:60
github.com/GoAdminGroup/go-admin/context.(*Context).Next
	G:/go-admin@v1.2.23/context/context.go:101
github.com/GoAdminGroup/go-admin/plugins/admin/modules/guard.(*Guard).CheckPrefix
	G:/go-admin@v1.2.23/plugins/admin/modules/guard/guard.go:51
github.com/GoAdminGroup/go-admin/context.(*Context).Next
	G:/go-admin@v1.2.23/context/context.go:101
github.com/GoAdminGroup/go-admin/plugins/admin.(*Admin).initRouter.Middleware.(*Invoker).Middleware.func6
	G:/go-admin@v1.2.23/modules/auth/middleware.go:132
github.com/GoAdminGroup/go-admin/context.(*Context).Next
	G:/go-admin@v1.2.23/context/context.go:101
github.com/GoAdminGroup/go-admin/plugins/admin.(*Admin).globalErrorHandler
	G:/go-admin@v1.2.23/plugins/admin/router.go:106
github.com/GoAdminGroup/go-admin/context.(*Context).Next
	G:/go-admin@v1.2.23/context/context.go:101
github.com/GoAdminGroup/go-admin/adapter/gin.(*Gin).AddHandler.func1
	G:/go-admin@v1.2.23/adapter/gin/gin.go:91
github.com/gin-gonic/gin.(*Context).Next
	C:/Users/DzungNg/go/pkg/mod/github.com/gin-gonic/gin@v1.7.7/context.go:168
github.com/gin-gonic/gin.CustomRecoveryWithWriter.func1
	C:/Users/DzungNg/go/pkg/mod/github.com/gin-gonic/gin@v1.7.7/recovery.go:99
github.com/gin-gonic/gin.(*Context).Next
	C:/Users/DzungNg/go/pkg/mod/github.com/gin-gonic/gin@v1.7.7/context.go:168
github.com/gin-gonic/gin.LoggerWithConfig.func1
	C:/Users/DzungNg/go/pkg/mod/github.com/gin-gonic/gin@v1.7.7/logger.go:241
github.com/gin-gonic/gin.(*Context).Next
	C:/Users/DzungNg/go/pkg/mod/github.com/gin-gonic/gin@v1.7.7/context.go:168
github.com/gin-gonic/gin.(*Engine).handleHTTPRequest
	C:/Users/DzungNg/go/pkg/mod/github.com/gin-gonic/gin@v1.7.7/gin.go:555
github.com/gin-gonic/gin.(*Engine).ServeHTTP
	C:/Users/DzungNg/go/pkg/mod/github.com/gin-gonic/gin@v1.7.7/gin.go:511
net/http.serverHandler.ServeHTTP
	C:/Program Files/Go/src/net/http/server.go:3311
net/http.(*conn).serve
	C:/Program Files/Go/src/net/http/server.go:2073
2026-06-20T10:30:58.248+0700	[31mERROR[0m	controller/handler.go:31	runtime error: invalid memory address or nil pointer dereference
github.com/GoAdminGroup/go-admin/plugins/admin/controller.(*Handler).GlobalDeferHandler
	G:/go-admin@v1.2.23/plugins/admin/controller/handler.go:31
runtime.gopanic
	C:/Program Files/Go/src/runtime/panic.go:860
runtime.panicmem
	C:/Program Files/Go/src/runtime/panic.go:336
runtime.sigpanic
	C:/Program Files/Go/src/runtime/signal_windows.go:385
gorm.io/gorm.(*DB).getInstance
	C:/Users/DzungNg/go/pkg/mod/gorm.io/gorm@v1.23.1/gorm.go:363
gorm.io/gorm.(*DB).Table
	C:/Users/DzungNg/go/pkg/mod/gorm.io/gorm@v1.23.1/chainable_api.go:48
admin/pages/AutoPages.GetRankListAllServer.func2
	G:/admin/pages/AutoPages/rankList.go:504
github.com/GoAdminGroup/go-admin/plugins/admin/modules/table.(*DefaultTable).GetData
	G:/go-admin@v1.2.23/plugins/admin/modules/table/default.go:144
github.com/GoAdminGroup/go-admin/plugins/admin/controller.(*Handler).showTableData
	G:/go-admin@v1.2.23/plugins/admin/controller/show.go:70
github.com/GoAdminGroup/go-admin/plugins/admin/controller.(*Handler).showTable
	G:/go-admin@v1.2.23/plugins/admin/controller/show.go:102
github.com/GoAdminGroup/go-admin/plugins/admin/controller.(*Handler).ShowInfo
	G:/go-admin@v1.2.23/plugins/admin/controller/show.go:60
github.com/GoAdminGroup/go-admin/context.(*Context).Next
	G:/go-admin@v1.2.23/context/context.go:101
github.com/GoAdminGroup/go-admin/plugins/admin/modules/guard.(*Guard).CheckPrefix
	G:/go-admin@v1.2.23/plugins/admin/modules/guard/guard.go:51
github.com/GoAdminGroup/go-admin/context.(*Context).Next
	G:/go-admin@v1.2.23/context/context.go:101
github.com/GoAdminGroup/go-admin/plugins/admin.(*Admin).initRouter.Middleware.(*Invoker).Middleware.func6
	G:/go-admin@v1.2.23/modules/auth/middleware.go:132
github.com/GoAdminGroup/go-admin/context.(*Context).Next
	G:/go-admin@v1.2.23/context/context.go:101
github.com/GoAdminGroup/go-admin/plugins/admin.(*Admin).globalErrorHandler
	G:/go-admin@v1.2.23/plugins/admin/router.go:106
github.com/GoAdminGroup/go-admin/context.(*Context).Next
	G:/go-admin@v1.2.23/context/context.go:101
github.com/GoAdminGroup/go-admin/adapter/gin.(*Gin).AddHandler.func1
	G:/go-admin@v1.2.23/adapter/gin/gin.go:91
github.com/gin-gonic/gin.(*Context).Next
	C:/Users/DzungNg/go/pkg/mod/github.com/gin-gonic/gin@v1.7.7/context.go:168
github.com/gin-gonic/gin.CustomRecoveryWithWriter.func1
	C:/Users/DzungNg/go/pkg/mod/github.com/gin-gonic/gin@v1.7.7/recovery.go:99
github.com/gin-gonic/gin.(*Context).Next
	C:/Users/DzungNg/go/pkg/mod/github.com/gin-gonic/gin@v1.7.7/context.go:168
github.com/gin-gonic/gin.LoggerWithConfig.func1
	C:/Users/DzungNg/go/pkg/mod/github.com/gin-gonic/gin@v1.7.7/logger.go:241
github.com/gin-gonic/gin.(*Context).Next
	C:/Users/DzungNg/go/pkg/mod/github.com/gin-gonic/gin@v1.7.7/context.go:168
github.com/gin-gonic/gin.(*Engine).handleHTTPRequest
	C:/Users/DzungNg/go/pkg/mod/github.com/gin-gonic/gin@v1.7.7/gin.go:555
github.com/gin-gonic/gin.(*Engine).ServeHTTP
	C:/Users/DzungNg/go/pkg/mod/github.com/gin-gonic/gin@v1.7.7/gin.go:511
net/http.serverHandler.ServeHTTP
	C:/Program Files/Go/src/net/http/server.go:3311
net/http.(*conn).serve
	C:/Program Files/Go/src/net/http/server.go:2073
2026-06-20T10:30:58.465+0700	[31mERROR[0m	controller/handler.go:31	runtime error: invalid memory address or nil pointer dereference
github.com/GoAdminGroup/go-admin/plugins/admin/controller.(*Handler).GlobalDeferHandler
	G:/go-admin@v1.2.23/plugins/admin/controller/handler.go:31
runtime.gopanic
	C:/Program Files/Go/src/runtime/panic.go:860
runtime.panicmem
	C:/Program Files/Go/src/runtime/panic.go:336
runtime.sigpanic
	C:/Program Files/Go/src/runtime/signal_windows.go:385
gorm.io/gorm.(*DB).getInstance
	C:/Users/DzungNg/go/pkg/mod/gorm.io/gorm@v1.23.1/gorm.go:363
gorm.io/gorm.(*DB).Table
	C:/Users/DzungNg/go/pkg/mod/gorm.io/gorm@v1.23.1/chainable_api.go:48
admin/pages/AutoPages.GetRankListAllServer.func2
	G:/admin/pages/AutoPages/rankList.go:504
github.com/GoAdminGroup/go-admin/plugins/admin/modules/table.(*DefaultTable).GetData
	G:/go-admin@v1.2.23/plugins/admin/modules/table/default.go:144
github.com/GoAdminGroup/go-admin/plugins/admin/controller.(*Handler).showTableData
	G:/go-admin@v1.2.23/plugins/admin/controller/show.go:70
github.com/GoAdminGroup/go-admin/plugins/admin/controller.(*Handler).showTable
	G:/go-admin@v1.2.23/plugins/admin/controller/show.go:102
github.com/GoAdminGroup/go-admin/plugins/admin/controller.(*Handler).ShowInfo
	G:/go-admin@v1.2.23/plugins/admin/controller/show.go:60
github.com/GoAdminGroup/go-admin/context.(*Context).Next
	G:/go-admin@v1.2.23/context/context.go:101
github.com/GoAdminGroup/go-admin/plugins/admin/modules/guard.(*Guard).CheckPrefix
	G:/go-admin@v1.2.23/plugins/admin/modules/guard/guard.go:51
github.com/GoAdminGroup/go-admin/context.(*Context).Next
	G:/go-admin@v1.2.23/context/context.go:101
github.com/GoAdminGroup/go-admin/plugins/admin.(*Admin).initRouter.Middleware.(*Invoker).Middleware.func6
	G:/go-admin@v1.2.23/modules/auth/middleware.go:132
github.com/GoAdminGroup/go-admin/context.(*Context).Next
	G:/go-admin@v1.2.23/context/context.go:101
github.com/GoAdminGroup/go-admin/plugins/admin.(*Admin).globalErrorHandler
	G:/go-admin@v1.2.23/plugins/admin/router.go:106
github.com/GoAdminGroup/go-admin/context.(*Context).Next
	G:/go-admin@v1.2.23/context/context.go:101
github.com/GoAdminGroup/go-admin/adapter/gin.(*Gin).AddHandler.func1
	G:/go-admin@v1.2.23/adapter/gin/gin.go:91
github.com/gin-gonic/gin.(*Context).Next
	C:/Users/DzungNg/go/pkg/mod/github.com/gin-gonic/gin@v1.7.7/context.go:168
github.com/gin-gonic/gin.CustomRecoveryWithWriter.func1
	C:/Users/DzungNg/go/pkg/mod/github.com/gin-gonic/gin@v1.7.7/recovery.go:99
github.com/gin-gonic/gin.(*Context).Next
	C:/Users/DzungNg/go/pkg/mod/github.com/gin-gonic/gin@v1.7.7/context.go:168
github.com/gin-gonic/gin.LoggerWithConfig.func1
	C:/Users/DzungNg/go/pkg/mod/github.com/gin-gonic/gin@v1.7.7/logger.go:241
github.com/gin-gonic/gin.(*Context).Next
	C:/Users/DzungNg/go/pkg/mod/github.com/gin-gonic/gin@v1.7.7/context.go:168
github.com/gin-gonic/gin.(*Engine).handleHTTPRequest
	C:/Users/DzungNg/go/pkg/mod/github.com/gin-gonic/gin@v1.7.7/gin.go:555
github.com/gin-gonic/gin.(*Engine).ServeHTTP
	C:/Users/DzungNg/go/pkg/mod/github.com/gin-gonic/gin@v1.7.7/gin.go:511
net/http.serverHandler.ServeHTTP
	C:/Program Files/Go/src/net/http/server.go:3311
net/http.(*conn).serve
	C:/Program Files/Go/src/net/http/server.go:2073
2026-06-20T10:30:58.861+0700	[31mERROR[0m	controller/handler.go:31	runtime error: invalid memory address or nil pointer dereference
github.com/GoAdminGroup/go-admin/plugins/admin/controller.(*Handler).GlobalDeferHandler
	G:/go-admin@v1.2.23/plugins/admin/controller/handler.go:31
runtime.gopanic
	C:/Program Files/Go/src/runtime/panic.go:860
runtime.panicmem
	C:/Program Files/Go/src/runtime/panic.go:336
runtime.sigpanic
	C:/Program Files/Go/src/runtime/signal_windows.go:385
gorm.io/gorm.(*DB).getInstance
	C:/Users/DzungNg/go/pkg/mod/gorm.io/gorm@v1.23.1/gorm.go:363
gorm.io/gorm.(*DB).Table
	C:/Users/DzungNg/go/pkg/mod/gorm.io/gorm@v1.23.1/chainable_api.go:48
admin/pages/AutoPages.GetRankListPro.func1
	G:/admin/pages/AutoPages/rankList.go:222
github.com/GoAdminGroup/go-admin/plugins/admin/modules/table.(*DefaultTable).GetData
	G:/go-admin@v1.2.23/plugins/admin/modules/table/default.go:144
github.com/GoAdminGroup/go-admin/plugins/admin/controller.(*Handler).showTableData
	G:/go-admin@v1.2.23/plugins/admin/controller/show.go:70
github.com/GoAdminGroup/go-admin/plugins/admin/controller.(*Handler).showTable
	G:/go-admin@v1.2.23/plugins/admin/controller/show.go:102
github.com/GoAdminGroup/go-admin/plugins/admin/controller.(*Handler).ShowInfo
	G:/go-admin@v1.2.23/plugins/admin/controller/show.go:60
github.com/GoAdminGroup/go-admin/context.(*Context).Next
	G:/go-admin@v1.2.23/context/context.go:101
github.com/GoAdminGroup/go-admin/plugins/admin/modules/guard.(*Guard).CheckPrefix
	G:/go-admin@v1.2.23/plugins/admin/modules/guard/guard.go:51
github.com/GoAdminGroup/go-admin/context.(*Context).Next
	G:/go-admin@v1.2.23/context/context.go:101
github.com/GoAdminGroup/go-admin/plugins/admin.(*Admin).initRouter.Middleware.(*Invoker).Middleware.func6
	G:/go-admin@v1.2.23/modules/auth/middleware.go:132
github.com/GoAdminGroup/go-admin/context.(*Context).Next
	G:/go-admin@v1.2.23/context/context.go:101
github.com/GoAdminGroup/go-admin/plugins/admin.(*Admin).globalErrorHandler
	G:/go-admin@v1.2.23/plugins/admin/router.go:106
github.com/GoAdminGroup/go-admin/context.(*Context).Next
	G:/go-admin@v1.2.23/context/context.go:101
github.com/GoAdminGroup/go-admin/adapter/gin.(*Gin).AddHandler.func1
	G:/go-admin@v1.2.23/adapter/gin/gin.go:91
github.com/gin-gonic/gin.(*Context).Next
	C:/Users/DzungNg/go/pkg/mod/github.com/gin-gonic/gin@v1.7.7/context.go:168
github.com/gin-gonic/gin.CustomRecoveryWithWriter.func1
	C:/Users/DzungNg/go/pkg/mod/github.com/gin-gonic/gin@v1.7.7/recovery.go:99
github.com/gin-gonic/gin.(*Context).Next
	C:/Users/DzungNg/go/pkg/mod/github.com/gin-gonic/gin@v1.7.7/context.go:168
github.com/gin-gonic/gin.LoggerWithConfig.func1
	C:/Users/DzungNg/go/pkg/mod/github.com/gin-gonic/gin@v1.7.7/logger.go:241
github.com/gin-gonic/gin.(*Context).Next
	C:/Users/DzungNg/go/pkg/mod/github.com/gin-gonic/gin@v1.7.7/context.go:168
github.com/gin-gonic/gin.(*Engine).handleHTTPRequest
	C:/Users/DzungNg/go/pkg/mod/github.com/gin-gonic/gin@v1.7.7/gin.go:555
github.com/gin-gonic/gin.(*Engine).ServeHTTP
	C:/Users/DzungNg/go/pkg/mod/github.com/gin-gonic/gin@v1.7.7/gin.go:511
net/http.serverHandler.ServeHTTP
	C:/Program Files/Go/src/net/http/server.go:3311
net/http.(*conn).serve
	C:/Program Files/Go/src/net/http/server.go:2073
2026-06-20T10:31:00.193+0700	[31mERROR[0m	controller/handler.go:31	runtime error: invalid memory address or nil pointer dereference
github.com/GoAdminGroup/go-admin/plugins/admin/controller.(*Handler).GlobalDeferHandler
	G:/go-admin@v1.2.23/plugins/admin/controller/handler.go:31
runtime.gopanic
	C:/Program Files/Go/src/runtime/panic.go:860
runtime.panicmem
	C:/Program Files/Go/src/runtime/panic.go:336
runtime.sigpanic
	C:/Program Files/Go/src/runtime/signal_windows.go:385
gorm.io/gorm.(*DB).getInstance
	C:/Users/DzungNg/go/pkg/mod/gorm.io/gorm@v1.23.1/gorm.go:363
gorm.io/gorm.(*DB).Table
	C:/Users/DzungNg/go/pkg/mod/gorm.io/gorm@v1.23.1/chainable_api.go:48
admin/pages/AutoPages.GetRankListAllServer.func2
	G:/admin/pages/AutoPages/rankList.go:504
github.com/GoAdminGroup/go-admin/plugins/admin/modules/table.(*DefaultTable).GetData
	G:/go-admin@v1.2.23/plugins/admin/modules/table/default.go:144
github.com/GoAdminGroup/go-admin/plugins/admin/controller.(*Handler).showTableData
	G:/go-admin@v1.2.23/plugins/admin/controller/show.go:70
github.com/GoAdminGroup/go-admin/plugins/admin/controller.(*Handler).showTable
	G:/go-admin@v1.2.23/plugins/admin/controller/show.go:102
github.com/GoAdminGroup/go-admin/plugins/admin/controller.(*Handler).ShowInfo
	G:/go-admin@v1.2.23/plugins/admin/controller/show.go:60
github.com/GoAdminGroup/go-admin/context.(*Context).Next
	G:/go-admin@v1.2.23/context/context.go:101
github.com/GoAdminGroup/go-admin/plugins/admin/modules/guard.(*Guard).CheckPrefix
	G:/go-admin@v1.2.23/plugins/admin/modules/guard/guard.go:51
github.com/GoAdminGroup/go-admin/context.(*Context).Next
	G:/go-admin@v1.2.23/context/context.go:101
github.com/GoAdminGroup/go-admin/plugins/admin.(*Admin).initRouter.Middleware.(*Invoker).Middleware.func6
	G:/go-admin@v1.2.23/modules/auth/middleware.go:132
github.com/GoAdminGroup/go-admin/context.(*Context).Next
	G:/go-admin@v1.2.23/context/context.go:101
github.com/GoAdminGroup/go-admin/plugins/admin.(*Admin).globalErrorHandler
	G:/go-admin@v1.2.23/plugins/admin/router.go:106
github.com/GoAdminGroup/go-admin/context.(*Context).Next
	G:/go-admin@v1.2.23/context/context.go:101
github.com/GoAdminGroup/go-admin/adapter/gin.(*Gin).AddHandler.func1
	G:/go-admin@v1.2.23/adapter/gin/gin.go:91
github.com/gin-gonic/gin.(*Context).Next
	C:/Users/DzungNg/go/pkg/mod/github.com/gin-gonic/gin@v1.7.7/context.go:168
github.com/gin-gonic/gin.CustomRecoveryWithWriter.func1
	C:/Users/DzungNg/go/pkg/mod/github.com/gin-gonic/gin@v1.7.7/recovery.go:99
github.com/gin-gonic/gin.(*Context).Next
	C:/Users/DzungNg/go/pkg/mod/github.com/gin-gonic/gin@v1.7.7/context.go:168
github.com/gin-gonic/gin.LoggerWithConfig.func1
	C:/Users/DzungNg/go/pkg/mod/github.com/gin-gonic/gin@v1.7.7/logger.go:241
github.com/gin-gonic/gin.(*Context).Next
	C:/Users/DzungNg/go/pkg/mod/github.com/gin-gonic/gin@v1.7.7/context.go:168
github.com/gin-gonic/gin.(*Engine).handleHTTPRequest
	C:/Users/DzungNg/go/pkg/mod/github.com/gin-gonic/gin@v1.7.7/gin.go:555
github.com/gin-gonic/gin.(*Engine).ServeHTTP
	C:/Users/DzungNg/go/pkg/mod/github.com/gin-gonic/gin@v1.7.7/gin.go:511
net/http.serverHandler.ServeHTTP
	C:/Program Files/Go/src/net/http/server.go:3311
net/http.(*conn).serve
	C:/Program Files/Go/src/net/http/server.go:2073
2026-06-20T10:31:15.275+0700	[31mERROR[0m	controller/handler.go:31	Error 1146: Table 'go_manager.complaint_management' doesn't exist
github.com/GoAdminGroup/go-admin/plugins/admin/controller.(*Handler).GlobalDeferHandler
	G:/go-admin@v1.2.23/plugins/admin/controller/handler.go:31
runtime.gopanic
	C:/Program Files/Go/src/runtime/panic.go:860
github.com/GoAdminGroup/go-admin/modules/db.CommonQuery
	G:/go-admin@v1.2.23/modules/db/performer.go:20
github.com/GoAdminGroup/go-admin/modules/db.(*Mysql).QueryWithConnection
	G:/go-admin@v1.2.23/modules/db/mysql.go:83
github.com/GoAdminGroup/go-admin/modules/db.(*SQL).ShowColumns
	G:/go-admin@v1.2.23/modules/db/statement.go:449
github.com/GoAdminGroup/go-admin/plugins/admin/modules/table.(*DefaultTable).getColumns
	G:/go-admin@v1.2.23/plugins/admin/modules/table/default.go:1138
github.com/GoAdminGroup/go-admin/plugins/admin/modules/table.(*DefaultTable).getDataFromDatabase
	G:/go-admin@v1.2.23/plugins/admin/modules/table/default.go:483
github.com/GoAdminGroup/go-admin/plugins/admin/modules/table.(*DefaultTable).GetData
	G:/go-admin@v1.2.23/plugins/admin/modules/table/default.go:148
github.com/GoAdminGroup/go-admin/plugins/admin/controller.(*Handler).showTableData
	G:/go-admin@v1.2.23/plugins/admin/controller/show.go:70
github.com/GoAdminGroup/go-admin/plugins/admin/controller.(*Handler).showTable
	G:/go-admin@v1.2.23/plugins/admin/controller/show.go:102
github.com/GoAdminGroup/go-admin/plugins/admin/controller.(*Handler).ShowInfo
	G:/go-admin@v1.2.23/plugins/admin/controller/show.go:60
github.com/GoAdminGroup/go-admin/context.(*Context).Next
	G:/go-admin@v1.2.23/context/context.go:101
github.com/GoAdminGroup/go-admin/plugins/admin/modules/guard.(*Guard).CheckPrefix
	G:/go-admin@v1.2.23/plugins/admin/modules/guard/guard.go:51
github.com/GoAdminGroup/go-admin/context.(*Context).Next
	G:/go-admin@v1.2.23/context/context.go:101
github.com/GoAdminGroup/go-admin/plugins/admin.(*Admin).initRouter.Middleware.(*Invoker).Middleware.func6
	G:/go-admin@v1.2.23/modules/auth/middleware.go:132
github.com/GoAdminGroup/go-admin/context.(*Context).Next
	G:/go-admin@v1.2.23/context/context.go:101
github.com/GoAdminGroup/go-admin/plugins/admin.(*Admin).globalErrorHandler
	G:/go-admin@v1.2.23/plugins/admin/router.go:106
github.com/GoAdminGroup/go-admin/context.(*Context).Next
	G:/go-admin@v1.2.23/context/context.go:101
github.com/GoAdminGroup/go-admin/adapter/gin.(*Gin).AddHandler.func1
	G:/go-admin@v1.2.23/adapter/gin/gin.go:91
github.com/gin-gonic/gin.(*Context).Next
	C:/Users/DzungNg/go/pkg/mod/github.com/gin-gonic/gin@v1.7.7/context.go:168
github.com/gin-gonic/gin.CustomRecoveryWithWriter.func1
	C:/Users/DzungNg/go/pkg/mod/github.com/gin-gonic/gin@v1.7.7/recovery.go:99
github.com/gin-gonic/gin.(*Context).Next
	C:/Users/DzungNg/go/pkg/mod/github.com/gin-gonic/gin@v1.7.7/context.go:168
github.com/gin-gonic/gin.LoggerWithConfig.func1
	C:/Users/DzungNg/go/pkg/mod/github.com/gin-gonic/gin@v1.7.7/logger.go:241
github.com/gin-gonic/gin.(*Context).Next
	C:/Users/DzungNg/go/pkg/mod/github.com/gin-gonic/gin@v1.7.7/context.go:168
github.com/gin-gonic/gin.(*Engine).handleHTTPRequest
	C:/Users/DzungNg/go/pkg/mod/github.com/gin-gonic/gin@v1.7.7/gin.go:555
github.com/gin-gonic/gin.(*Engine).ServeHTTP
	C:/Users/DzungNg/go/pkg/mod/github.com/gin-gonic/gin@v1.7.7/gin.go:511
net/http.serverHandler.ServeHTTP
	C:/Program Files/Go/src/net/http/server.go:3311
net/http.(*conn).serve
	C:/Program Files/Go/src/net/http/server.go:2073
2026-06-20T10:31:19.875+0700	[31mERROR[0m	controller/handler.go:31	Error 1146: Table 'go_manager.complaint_management' doesn't exist
github.com/GoAdminGroup/go-admin/plugins/admin/controller.(*Handler).GlobalDeferHandler
	G:/go-admin@v1.2.23/plugins/admin/controller/handler.go:31
runtime.gopanic
	C:/Program Files/Go/src/runtime/panic.go:860
github.com/GoAdminGroup/go-admin/modules/db.CommonQuery
	G:/go-admin@v1.2.23/modules/db/performer.go:20
github.com/GoAdminGroup/go-admin/modules/db.(*Mysql).QueryWithConnection
	G:/go-admin@v1.2.23/modules/db/mysql.go:83
github.com/GoAdminGroup/go-admin/modules/db.(*SQL).ShowColumns
	G:/go-admin@v1.2.23/modules/db/statement.go:449
github.com/GoAdminGroup/go-admin/plugins/admin/modules/table.(*DefaultTable).getColumns
	G:/go-admin@v1.2.23/plugins/admin/modules/table/default.go:1138
github.com/GoAdminGroup/go-admin/plugins/admin/modules/table.(*DefaultTable).getDataFromDatabase
	G:/go-admin@v1.2.23/plugins/admin/modules/table/default.go:483
github.com/GoAdminGroup/go-admin/plugins/admin/modules/table.(*DefaultTable).GetData
	G:/go-admin@v1.2.23/plugins/admin/modules/table/default.go:148
github.com/GoAdminGroup/go-admin/plugins/admin/controller.(*Handler).showTableData
	G:/go-admin@v1.2.23/plugins/admin/controller/show.go:70
github.com/GoAdminGroup/go-admin/plugins/admin/controller.(*Handler).showTable
	G:/go-admin@v1.2.23/plugins/admin/controller/show.go:102
github.com/GoAdminGroup/go-admin/plugins/admin/controller.(*Handler).ShowInfo
	G:/go-admin@v1.2.23/plugins/admin/controller/show.go:60
github.com/GoAdminGroup/go-admin/context.(*Context).Next
	G:/go-admin@v1.2.23/context/context.go:101
github.com/GoAdminGroup/go-admin/plugins/admin/modules/guard.(*Guard).CheckPrefix
	G:/go-admin@v1.2.23/plugins/admin/modules/guard/guard.go:51
github.com/GoAdminGroup/go-admin/context.(*Context).Next
	G:/go-admin@v1.2.23/context/context.go:101
github.com/GoAdminGroup/go-admin/plugins/admin.(*Admin).initRouter.Middleware.(*Invoker).Middleware.func6
	G:/go-admin@v1.2.23/modules/auth/middleware.go:132
github.com/GoAdminGroup/go-admin/context.(*Context).Next
	G:/go-admin@v1.2.23/context/context.go:101
github.com/GoAdminGroup/go-admin/plugins/admin.(*Admin).globalErrorHandler
	G:/go-admin@v1.2.23/plugins/admin/router.go:106
github.com/GoAdminGroup/go-admin/context.(*Context).Next
	G:/go-admin@v1.2.23/context/context.go:101
github.com/GoAdminGroup/go-admin/adapter/gin.(*Gin).AddHandler.func1
	G:/go-admin@v1.2.23/adapter/gin/gin.go:91
github.com/gin-gonic/gin.(*Context).Next
	C:/Users/DzungNg/go/pkg/mod/github.com/gin-gonic/gin@v1.7.7/context.go:168
github.com/gin-gonic/gin.CustomRecoveryWithWriter.func1
	C:/Users/DzungNg/go/pkg/mod/github.com/gin-gonic/gin@v1.7.7/recovery.go:99
github.com/gin-gonic/gin.(*Context).Next
	C:/Users/DzungNg/go/pkg/mod/github.com/gin-gonic/gin@v1.7.7/context.go:168
github.com/gin-gonic/gin.LoggerWithConfig.func1
	C:/Users/DzungNg/go/pkg/mod/github.com/gin-gonic/gin@v1.7.7/logger.go:241
github.com/gin-gonic/gin.(*Context).Next
	C:/Users/DzungNg/go/pkg/mod/github.com/gin-gonic/gin@v1.7.7/context.go:168
github.com/gin-gonic/gin.(*Engine).handleHTTPRequest
	C:/Users/DzungNg/go/pkg/mod/github.com/gin-gonic/gin@v1.7.7/gin.go:555
github.com/gin-gonic/gin.(*Engine).ServeHTTP
	C:/Users/DzungNg/go/pkg/mod/github.com/gin-gonic/gin@v1.7.7/gin.go:511
net/http.serverHandler.ServeHTTP
	C:/Program Files/Go/src/net/http/server.go:3311
net/http.(*conn).serve
	C:/Program Files/Go/src/net/http/server.go:2073
2026-06-20T10:31:24.398+0700	[31mERROR[0m	controller/handler.go:31	Error 1146: Table 'go_manager.operationaudit' doesn't exist
github.com/GoAdminGroup/go-admin/plugins/admin/controller.(*Handler).GlobalDeferHandler
	G:/go-admin@v1.2.23/plugins/admin/controller/handler.go:31
runtime.gopanic
	C:/Program Files/Go/src/runtime/panic.go:860
github.com/GoAdminGroup/go-admin/modules/db.CommonQuery
	G:/go-admin@v1.2.23/modules/db/performer.go:20
github.com/GoAdminGroup/go-admin/modules/db.(*Mysql).QueryWithConnection
	G:/go-admin@v1.2.23/modules/db/mysql.go:83
github.com/GoAdminGroup/go-admin/modules/db.(*SQL).ShowColumns
	G:/go-admin@v1.2.23/modules/db/statement.go:449
github.com/GoAdminGroup/go-admin/plugins/admin/modules/table.(*DefaultTable).getColumns
	G:/go-admin@v1.2.23/plugins/admin/modules/table/default.go:1138
github.com/GoAdminGroup/go-admin/plugins/admin/modules/table.(*DefaultTable).getDataFromDatabase
	G:/go-admin@v1.2.23/plugins/admin/modules/table/default.go:483
github.com/GoAdminGroup/go-admin/plugins/admin/modules/table.(*DefaultTable).GetData
	G:/go-admin@v1.2.23/plugins/admin/modules/table/default.go:148
github.com/GoAdminGroup/go-admin/plugins/admin/controller.(*Handler).showTableData
	G:/go-admin@v1.2.23/plugins/admin/controller/show.go:70
github.com/GoAdminGroup/go-admin/plugins/admin/controller.(*Handler).showTable
	G:/go-admin@v1.2.23/plugins/admin/controller/show.go:102
github.com/GoAdminGroup/go-admin/plugins/admin/controller.(*Handler).ShowInfo
	G:/go-admin@v1.2.23/plugins/admin/controller/show.go:60
github.com/GoAdminGroup/go-admin/context.(*Context).Next
	G:/go-admin@v1.2.23/context/context.go:101
github.com/GoAdminGroup/go-admin/plugins/admin/modules/guard.(*Guard).CheckPrefix
	G:/go-admin@v1.2.23/plugins/admin/modules/guard/guard.go:51
github.com/GoAdminGroup/go-admin/context.(*Context).Next
	G:/go-admin@v1.2.23/context/context.go:101
github.com/GoAdminGroup/go-admin/plugins/admin.(*Admin).initRouter.Middleware.(*Invoker).Middleware.func6
	G:/go-admin@v1.2.23/modules/auth/middleware.go:132
github.com/GoAdminGroup/go-admin/context.(*Context).Next
	G:/go-admin@v1.2.23/context/context.go:101
github.com/GoAdminGroup/go-admin/plugins/admin.(*Admin).globalErrorHandler
	G:/go-admin@v1.2.23/plugins/admin/router.go:106
github.com/GoAdminGroup/go-admin/context.(*Context).Next
	G:/go-admin@v1.2.23/context/context.go:101
github.com/GoAdminGroup/go-admin/adapter/gin.(*Gin).AddHandler.func1
	G:/go-admin@v1.2.23/adapter/gin/gin.go:91
github.com/gin-gonic/gin.(*Context).Next
	C:/Users/DzungNg/go/pkg/mod/github.com/gin-gonic/gin@v1.7.7/context.go:168
github.com/gin-gonic/gin.CustomRecoveryWithWriter.func1
	C:/Users/DzungNg/go/pkg/mod/github.com/gin-gonic/gin@v1.7.7/recovery.go:99
github.com/gin-gonic/gin.(*Context).Next
	C:/Users/DzungNg/go/pkg/mod/github.com/gin-gonic/gin@v1.7.7/context.go:168
github.com/gin-gonic/gin.LoggerWithConfig.func1
	C:/Users/DzungNg/go/pkg/mod/github.com/gin-gonic/gin@v1.7.7/logger.go:241
github.com/gin-gonic/gin.(*Context).Next
	C:/Users/DzungNg/go/pkg/mod/github.com/gin-gonic/gin@v1.7.7/context.go:168
github.com/gin-gonic/gin.(*Engine).handleHTTPRequest
	C:/Users/DzungNg/go/pkg/mod/github.com/gin-gonic/gin@v1.7.7/gin.go:555
github.com/gin-gonic/gin.(*Engine).ServeHTTP
	C:/Users/DzungNg/go/pkg/mod/github.com/gin-gonic/gin@v1.7.7/gin.go:511
net/http.serverHandler.ServeHTTP
	C:/Program Files/Go/src/net/http/server.go:3311
net/http.(*conn).serve
	C:/Program Files/Go/src/net/http/server.go:2073
2026-06-20T11:11:19.799+0700	[31mERROR[0m	controller/handler.go:31	Error 1146: Table 'go_manager.operationaudit' doesn't exist
github.com/GoAdminGroup/go-admin/plugins/admin/controller.(*Handler).GlobalDeferHandler
	G:/go-admin@v1.2.23/plugins/admin/controller/handler.go:31
runtime.gopanic
	C:/Program Files/Go/src/runtime/panic.go:860
github.com/GoAdminGroup/go-admin/modules/db.CommonQuery
	G:/go-admin@v1.2.23/modules/db/performer.go:20
github.com/GoAdminGroup/go-admin/modules/db.(*Mysql).QueryWithConnection
	G:/go-admin@v1.2.23/modules/db/mysql.go:83
github.com/GoAdminGroup/go-admin/modules/db.(*SQL).ShowColumns
	G:/go-admin@v1.2.23/modules/db/statement.go:449
github.com/GoAdminGroup/go-admin/plugins/admin/modules/table.(*DefaultTable).getColumns
	G:/go-admin@v1.2.23/plugins/admin/modules/table/default.go:1138
github.com/GoAdminGroup/go-admin/plugins/admin/modules/table.(*DefaultTable).getDataFromDatabase
	G:/go-admin@v1.2.23/plugins/admin/modules/table/default.go:483
github.com/GoAdminGroup/go-admin/plugins/admin/modules/table.(*DefaultTable).GetData
	G:/go-admin@v1.2.23/plugins/admin/modules/table/default.go:148
github.com/GoAdminGroup/go-admin/plugins/admin/controller.(*Handler).showTableData
	G:/go-admin@v1.2.23/plugins/admin/controller/show.go:70
github.com/GoAdminGroup/go-admin/plugins/admin/controller.(*Handler).showTable
	G:/go-admin@v1.2.23/plugins/admin/controller/show.go:102
github.com/GoAdminGroup/go-admin/plugins/admin/controller.(*Handler).ShowInfo
	G:/go-admin@v1.2.23/plugins/admin/controller/show.go:60
github.com/GoAdminGroup/go-admin/context.(*Context).Next
	G:/go-admin@v1.2.23/context/context.go:101
github.com/GoAdminGroup/go-admin/plugins/admin/modules/guard.(*Guard).CheckPrefix
	G:/go-admin@v1.2.23/plugins/admin/modules/guard/guard.go:51
github.com/GoAdminGroup/go-admin/context.(*Context).Next
	G:/go-admin@v1.2.23/context/context.go:101
github.com/GoAdminGroup/go-admin/plugins/admin.(*Admin).initRouter.Middleware.(*Invoker).Middleware.func6
	G:/go-admin@v1.2.23/modules/auth/middleware.go:132
github.com/GoAdminGroup/go-admin/context.(*Context).Next
	G:/go-admin@v1.2.23/context/context.go:101
github.com/GoAdminGroup/go-admin/plugins/admin.(*Admin).globalErrorHandler
	G:/go-admin@v1.2.23/plugins/admin/router.go:106
github.com/GoAdminGroup/go-admin/context.(*Context).Next
	G:/go-admin@v1.2.23/context/context.go:101
github.com/GoAdminGroup/go-admin/adapter/gin.(*Gin).AddHandler.func1
	G:/go-admin@v1.2.23/adapter/gin/gin.go:91
github.com/gin-gonic/gin.(*Context).Next
	C:/Users/DzungNg/go/pkg/mod/github.com/gin-gonic/gin@v1.7.7/context.go:168
github.com/gin-gonic/gin.CustomRecoveryWithWriter.func1
	C:/Users/DzungNg/go/pkg/mod/github.com/gin-gonic/gin@v1.7.7/recovery.go:99
github.com/gin-gonic/gin.(*Context).Next
	C:/Users/DzungNg/go/pkg/mod/github.com/gin-gonic/gin@v1.7.7/context.go:168
github.com/gin-gonic/gin.LoggerWithConfig.func1
	C:/Users/DzungNg/go/pkg/mod/github.com/gin-gonic/gin@v1.7.7/logger.go:241
github.com/gin-gonic/gin.(*Context).Next
	C:/Users/DzungNg/go/pkg/mod/github.com/gin-gonic/gin@v1.7.7/context.go:168
github.com/gin-gonic/gin.(*Engine).handleHTTPRequest
	C:/Users/DzungNg/go/pkg/mod/github.com/gin-gonic/gin@v1.7.7/gin.go:555
github.com/gin-gonic/gin.(*Engine).ServeHTTP
	C:/Users/DzungNg/go/pkg/mod/github.com/gin-gonic/gin@v1.7.7/gin.go:511
net/http.serverHandler.ServeHTTP
	C:/Program Files/Go/src/net/http/server.go:3311
net/http.(*conn).serve
	C:/Program Files/Go/src/net/http/server.go:2073
2026-06-20T11:11:21.382+0700	[31mERROR[0m	controller/handler.go:31	Error 1146: Table 'go_manager.operationaudit' doesn't exist
github.com/GoAdminGroup/go-admin/plugins/admin/controller.(*Handler).GlobalDeferHandler
	G:/go-admin@v1.2.23/plugins/admin/controller/handler.go:31
runtime.gopanic
	C:/Program Files/Go/src/runtime/panic.go:860
github.com/GoAdminGroup/go-admin/modules/db.CommonQuery
	G:/go-admin@v1.2.23/modules/db/performer.go:20
github.com/GoAdminGroup/go-admin/modules/db.(*Mysql).QueryWithConnection
	G:/go-admin@v1.2.23/modules/db/mysql.go:83
github.com/GoAdminGroup/go-admin/modules/db.(*SQL).ShowColumns
	G:/go-admin@v1.2.23/modules/db/statement.go:449
github.com/GoAdminGroup/go-admin/plugins/admin/modules/table.(*DefaultTable).getColumns
	G:/go-admin@v1.2.23/plugins/admin/modules/table/default.go:1138
github.com/GoAdminGroup/go-admin/plugins/admin/modules/table.(*DefaultTable).getDataFromDatabase
	G:/go-admin@v1.2.23/plugins/admin/modules/table/default.go:483
github.com/GoAdminGroup/go-admin/plugins/admin/modules/table.(*DefaultTable).GetData
	G:/go-admin@v1.2.23/plugins/admin/modules/table/default.go:148
github.com/GoAdminGroup/go-admin/plugins/admin/controller.(*Handler).showTableData
	G:/go-admin@v1.2.23/plugins/admin/controller/show.go:70
github.com/GoAdminGroup/go-admin/plugins/admin/controller.(*Handler).showTable
	G:/go-admin@v1.2.23/plugins/admin/controller/show.go:102
github.com/GoAdminGroup/go-admin/plugins/admin/controller.(*Handler).ShowInfo
	G:/go-admin@v1.2.23/plugins/admin/controller/show.go:60
github.com/GoAdminGroup/go-admin/context.(*Context).Next
	G:/go-admin@v1.2.23/context/context.go:101
github.com/GoAdminGroup/go-admin/plugins/admin/modules/guard.(*Guard).CheckPrefix
	G:/go-admin@v1.2.23/plugins/admin/modules/guard/guard.go:51
github.com/GoAdminGroup/go-admin/context.(*Context).Next
	G:/go-admin@v1.2.23/context/context.go:101
github.com/GoAdminGroup/go-admin/plugins/admin.(*Admin).initRouter.Middleware.(*Invoker).Middleware.func6
	G:/go-admin@v1.2.23/modules/auth/middleware.go:132
github.com/GoAdminGroup/go-admin/context.(*Context).Next
	G:/go-admin@v1.2.23/context/context.go:101
github.com/GoAdminGroup/go-admin/plugins/admin.(*Admin).globalErrorHandler
	G:/go-admin@v1.2.23/plugins/admin/router.go:106
github.com/GoAdminGroup/go-admin/context.(*Context).Next
	G:/go-admin@v1.2.23/context/context.go:101
github.com/GoAdminGroup/go-admin/adapter/gin.(*Gin).AddHandler.func1
	G:/go-admin@v1.2.23/adapter/gin/gin.go:91
github.com/gin-gonic/gin.(*Context).Next
	C:/Users/DzungNg/go/pkg/mod/github.com/gin-gonic/gin@v1.7.7/context.go:168
github.com/gin-gonic/gin.CustomRecoveryWithWriter.func1
	C:/Users/DzungNg/go/pkg/mod/github.com/gin-gonic/gin@v1.7.7/recovery.go:99
github.com/gin-gonic/gin.(*Context).Next
	C:/Users/DzungNg/go/pkg/mod/github.com/gin-gonic/gin@v1.7.7/context.go:168
github.com/gin-gonic/gin.LoggerWithConfig.func1
	C:/Users/DzungNg/go/pkg/mod/github.com/gin-gonic/gin@v1.7.7/logger.go:241
github.com/gin-gonic/gin.(*Context).Next
	C:/Users/DzungNg/go/pkg/mod/github.com/gin-gonic/gin@v1.7.7/context.go:168
github.com/gin-gonic/gin.(*Engine).handleHTTPRequest
	C:/Users/DzungNg/go/pkg/mod/github.com/gin-gonic/gin@v1.7.7/gin.go:555
github.com/gin-gonic/gin.(*Engine).ServeHTTP
	C:/Users/DzungNg/go/pkg/mod/github.com/gin-gonic/gin@v1.7.7/gin.go:511
net/http.serverHandler.ServeHTTP
	C:/Program Files/Go/src/net/http/server.go:3311
net/http.(*conn).serve
	C:/Program Files/Go/src/net/http/server.go:2073
